LOC,ITEM,DEPT,DEPT_NAME,CLASS,CLASS_NAME,SUBCLASS,SUB_NAME,ITEM_DESC,AV_COST,SELLING_UNIT_RETAIL,CURRENCY_CODE,UDA_VALUE,ITEM_LOC_STATUS,SIZE,BARCODE
001,020417486401,9828,TOILETRIES,1988,OCC:L'OCCITANE,4634,HAND & FOOT CARE,29MA030A26:ALMOND HAND CREAM 30ML,19.6,49,QAR,204,A,,3253581785911
001,020417486403,9828,TOILETRIES,1988,OCC:L'OCCITANE,3991,BATH & BODY,49HD035A26:ALMOND SHOWER OIL 35ML,6.7999,17,QAR,204,A,,3253581785720
001,020417486404,9828,TOILETRIES,1988,OCC:L'OCCITANE,3991,BATH & BODY,29HD250A26:ALMOND SHOWER OIL 250ML,52,130,QAR,204,A,,3253581785706
001,020417486405,9834,PLV,1988,OCC:L'OCCITANE,6977,WRAPPING MATERIALS,84CAEEMA25:CARD ENEVELOPE EID MUBARAK AR 1X50,0,0,QAR,204,A,,020427486405
001,020417486407,9834,PLV,1988,OCC:L'OCCITANE,6977,WRAPPING MATERIALS,84CAERKA25:CARD ENEVELOPE RAMADAN KAREEM AR 1X50,0,0,QAR,204,A,,020427486407
001,020417486408,9834,PLV,1988,OCC:L'OCCITANE,6977,WRAPPING MATERIALS,84CAEEME25:CARD ENEVELOPE EID MUBARAK EN 1X50,0,0,QAR,204,A,,020427486408
001,020417486409,9834,PLV,1988,OCC:L'OCCITANE,6977,WRAPPING MATERIALS,84CAERKE25:CARD ENEVELOPE RAMADAN KAREEM EN 1X50,0,.01,QAR,204,A,,020427486409
001,020417486410,9834,PLV,1988,OCC:L'OCCITANE,6640,PROMOTIONAL MATERIALS,84GESQB25:GENERIC SQUARE BLOTTERS 1X300,0,.01,QAR,204,A,,020427486410
001,020417486411,9834,PLV,1988,OCC:L'OCCITANE,6977,WRAPPING MATERIALS,84GESTR25:GENERIC STICKER ROLL,0,.01,QAR,204,A,,020427486411
001,020417486412,9834,PLV,1988,OCC:L'OCCITANE,6977,WRAPPING MATERIALS,84SOGRIBF25:SOG BOX FITTED RIBBON 1X50,0,0,QAR,204,A,,020427486412
001,020417486413,9834,PLV,1988,OCC:L'OCCITANE,6977,WRAPPING MATERIALS,84RAKRIBF26:RAMADAN 2026 FITTED RIBBON 1X50,0,.01,QAR,204,A,,020427486413
001,020417486414,9834,PLV,1988,OCC:L'OCCITANE,6977,WRAPPING MATERIALS,84RACRRIBF26:RAMADAN 2026 FITTED CRACKER RIBBON 1X50,0,0,QAR,204,A,,020427486414
001,020417499846,9812,GWP,1988,OCC:L'OCCITANE,4624,GWP,80PAPSTB26:SHEA PAPER STRAW BAG 2026,0,.01,QAR,204,A,,020427499846
001,020417544461,9828,TOILETRIES,1988,OCC:L'OCCITANE,3991,BATH & BODY,29CC200A26:ALMOND BODY CREAM 200ML,112,280,QAR,204,A,,3253581785812
001,020417544463,9828,TOILETRIES,1988,OCC:L'OCCITANE,3991,BATH & BODY,29HD500A26:ALMOND SHOWER OIL 500ML,92,230,QAR,204,A,,3253581785744
001,020417544464,9828,TOILETRIES,1988,OCC:L'OCCITANE,3991,BATH & BODY,29HD075A26:ALMOND SHOWER OIL 75ML,19.6,49,QAR,204,A,,3253581785713
001,020417544465,9828,TOILETRIES,1988,OCC:L'OCCITANE,3991,BATH & BODY,15GD250VM26:SHOWER GEL VERB MIMOSA 250ML,39.6,99,QAR,204,A,,3253581786895
001,020417544466,9828,TOILETRIES,1988,OCC:L'OCCITANE,3991,BATH & BODY,15LC250VM26:BODY LOTION VERB MIMOSA 250ML,62,155,QAR,204,A,,3253581786918
001,020417544467,9828,TOILETRIES,1988,OCC:L'OCCITANE,3991,BATH & BODY,11GD250HR25:ORTIE BLANCHE SHOWER GEL 250ML,39.6,99,QAR,204,A,,3253581782583
001,020417544468,9828,TOILETRIES,1988,OCC:L'OCCITANE,3991,BATH & BODY,11LC250HR25:ORTIE BLANC BODY LOTION 250ML,62,155,QAR,204,A,,3253581782606
001,020417544469,9843,AMBIENT SCENTS,1988,OCC:L'OCCITANE,4520,DIFFUSERS,11REF300HOV26:HOMEDIFF300MLREFILLVERVEINESAN,126,315,QAR,204,A,,3253581787601
001,020417544470,9843,AMBIENT SCENTS,1988,OCC:L'OCCITANE,4520,DIFFUSERS,11REF300HOL26:HOMEDIFF300MLREFILLLAVANDEMUSC,126,315,QAR,204,A,,3253581787595
001,020417544471,9843,AMBIENT SCENTS,1988,OCC:L'OCCITANE,4520,DIFFUSERS,11REF300HOF26:HOMEDIFF300MLREFILLNEROLIYUZU,126,315,QAR,204,A,,3253581787588
001,020417544472,9843,AMBIENT SCENTS,1988,OCC:L'OCCITANE,4520,DIFFUSERS,11REF300HOA26:HOMEDIFF300MLREFILLTUBEREUSEGA,126,315,QAR,204,A,,3253581787557
001,020417544473,9843,AMBIENT SCENTS,1988,OCC:L'OCCITANE,4520,DIFFUSERS,11REF300HOB26:HOMEDIFF300MLREFILLFIGUIEROOLO,126,315,QAR,204,A,,3253581787564
001,020417544474,9843,AMBIENT SCENTS,1988,OCC:L'OCCITANE,4520,DIFFUSERS,11REF300HOC26:HOMEDIFF300MLREFILLAMBRECADE,126,315,QAR,204,A,,3253581787571
001,020417544475,9813,FRAGRANCES,1988,OCC:L'OCCITANE,4536,EAU DE PARFUM,11EP050HR25:ORTIE BLANCHE EDP 50 ML,134,335,QAR,204,A,,3253581782576
001,020417544476,9813,FRAGRANCES,1988,OCC:L'OCCITANE,4538,EAU DE TOILETTE,15ET050VM26:EDT VERB MIMOSA 50ML,126,315,QAR,204,A,,3253581786888
001,020417544477,9828,TOILETRIES,1988,OCC:L'OCCITANE,4634,HAND & FOOT CARE,15MA030VM26:HAND CREAM VERB MIMOSA 30ML,19.6,49,QAR,204,A,,3253581786901
001,020417544478,9828,TOILETRIES,1988,OCC:L'OCCITANE,3991,BATH & BODY,29MA150A24:ALM CR MAIN A CROQUER 150 ML,60,150,QAR,204,A,,3253581785652
001,020417544479,9828,TOILETRIES,1988,OCC:L'OCCITANE,4634,HAND & FOOT CARE,11MA030HR25:ORTIE BLANCHE HAND CREAM 30ML,19.6,49,QAR,204,A,,3253581784488
001,020417544480,9801,SKINCARE,1988,OCC:L'OCCITANE,5647,LIP BALMS/FILLERS/MOISTURISER,01SLI0045K24:SHEA ULTRA RICH LIPSTICK 4 5GR,19.6,49,QAR,204,A,,3253581771600
001,020417551528,9815,BEAUTY SET,1988,OCC:L'OCCITANE,3997,BEAUTY SET,01SOGSBK26:SOG SHEA BUTTER 2026,18,45,QAR,204,A,,020427551528
001,020417551529,9815,BEAUTY SET,1988,OCC:L'OCCITANE,3997,BEAUTY SET,24SOGCB26:SOG CHERRY BLOSSOM 2026,20,50,QAR,204,A,,020427551529
001,020417551530,9815,BEAUTY SET,1988,OCC:L'OCCITANE,3997,BEAUTY SET,10SOGIC26:ICONIC SOG 2026,34,85,QAR,204,A,,020427551530
001,020417551531,9815,BEAUTY SET,1988,OCC:L'OCCITANE,3997,BEAUTY SET,10SOGHHA26:SOG HAPPY HANDS OS 2026,20,50,QAR,204,A,,020427551531
001,020417565776,9812,GWP,1988,OCC:L'OCCITANE,4624,GWP,10GWPJ126:JAN 2026 GWP V1,0,.01,QAR,204,A,,020427565776
001,020417565777,9812,GWP,1988,OCC:L'OCCITANE,4624,GWP,10GWPJ226:JAN 2026 GWP V2,0,.01,QAR,204,A,,020427565777
001,020417565778,9812,GWP,1988,OCC:L'OCCITANE,4624,GWP,10GWPJ326:JAN 2026 GWP V3,0,.01,QAR,204,A,,020427565778
001,020417572348,9812,GWP,1988,OCC:L'OCCITANE,4624,GWP,10RAMGWP126:RAMADAN 2026 GWP V1,0,0,QAR,204,A,,020427572348
001,020417572349,9812,GWP,1988,OCC:L'OCCITANE,4624,GWP,10RAMGWP226:RAMADAN 2026 GWP V2,0,.01,QAR,204,A,,020427572349
001,020417574419,9834,PLV,1988,OCC:L'OCCITANE,6722,SAMPLES,52CC006A26:ALMOND BODY CREAM 6ML,0,0,QAR,204,A,,3253581785843
001,020417574421,9834,PLV,1988,OCC:L'OCCITANE,6722,SAMPLES,52HD006A26:ALMOND SHOWER OIL 6ML,0,0,QAR,204,A,,3253581785737
001,020417574422,9834,PLV,1988,OCC:L'OCCITANE,6722,SAMPLES,52HC004A26:ALMOND BODY OIL 4ML,0,0,QAR,204,A,,3253581786567
001,020417574425,9828,TOILETRIES,1988,OCC:L'OCCITANE,3991,BATH & BODY,29HDR500A26:ALM SHOWER OIL REFILL 500ML,76,190,QAR,204,A,,3253581785751
001,020417574426,9828,TOILETRIES,1988,OCC:L'OCCITANE,3991,BATH & BODY,29HCR100A26:ALMOND BODY OIL REFILL 100ML,76,190,QAR,204,A,,3253581785683
001,020417574427,9828,TOILETRIES,1988,OCC:L'OCCITANE,3991,BATH & BODY,29GE250A26:ALMOND EXF SHOWER GEL 250ML,52,130,QAR,204,A,,3253581785966
001,020417574428,9828,TOILETRIES,1988,OCC:L'OCCITANE,3991,BATH & BODY,49HC015A26:ALMOND BODY OIL 15ML,12,30,QAR,204,A,,3253581785676
001,020417574429,9828,TOILETRIES,1988,OCC:L'OCCITANE,3991,BATH & BODY,29CCR200A26:ALMOND BODY CREAM REFILL 200ML,96,240,QAR,204,A,,3253581785850
001,020417574430,9828,TOILETRIES,1988,OCC:L'OCCITANE,4634,HAND & FOOT CARE,29MA075A26:ALMOND HAND CREAM 75ML,39.6,99,QAR,204,A,,3253581785942
001,020417574432,9828,TOILETRIES,1988,OCC:L'OCCITANE,4634,HAND & FOOT CARE,29MA150A26:ALMOND HAND CREAM 150ML,60,150,QAR,204,A,,3253581785935
001,020417607603,9834,PLV,1988,OCC:L'OCCITANE,6977,WRAPPING MATERIALS,80SBRLCT26:SHEA BUTTER COLLECTION TRAY 2026,1.8243,1,QAR,204,A,,020427607603
001,020417607605,9834,PLV,1988,OCC:L'OCCITANE,6977,WRAPPING MATERIALS,80SATTR26:SHEA NOURINSHING AND ALMOND TRIO TRAY 2026,1.8243,1,QAR,204,A,,020427607605
001,020417607606,9834,PLV,1988,OCC:L'OCCITANE,6977,WRAPPING MATERIALS,80AOSNTR26:ART OF SCENT TRIO TRAY 2026,1.8243,1,QAR,204,A,,020427607606
001,020417607607,9834,PLV,1988,OCC:L'OCCITANE,6977,WRAPPING MATERIALS,80DIVTR26:DIVINE TRAY 2026,1.8243,1,QAR,204,A,,020427607607
001,020417607609,9834,PLV,1988,OCC:L'OCCITANE,6977,WRAPPING MATERIALS,80ALRLEXT26:ALMOND EXFOLIATING TRAY 2026,1.8228,1,QAR,204,A,,020427607609
001,020417607612,9834,PLV,1988,OCC:L'OCCITANE,6977,WRAPPING MATERIALS,80NLRLBX26:NEW LARGE GENERIC BOX 2026,9.8875,5.42,QAR,204,A,,020427607612
001,020417687509,9834,PLV,1988,OCC:L'OCCITANE,6640,PROMOTIONAL MATERIALS,49ICBPOU26:BROWN ICONIC POUCH,0,0,QAR,204,A,,3253581874677
001,020417687511,9834,PLV,1988,OCC:L'OCCITANE,6640,PROMOTIONAL MATERIALS,49ICWPOU26:WHITE ICONIC POUCH,0,3.26,QAR,204,A,,3253581874684
001,020417687512,9834,PLV,1988,OCC:L'OCCITANE,6640,PROMOTIONAL MATERIALS,49ICYPOU26:YELLOW ICONIC POUCH,0,.01,QAR,204,A,,3253581874691
001,020417687513,9834,PLV,1988,OCC:L'OCCITANE,4524,DISPLAY MATERIALS,52K20DIOSMI22:SET 20 DIOSMI BUNCHES 22,0,.01,QAR,204,A,,3253581864753
001,020417687515,9828,TOILETRIES,1988,OCC:L'OCCITANE,3991,BATH & BODY,29SA050A26:ALMOND SOAP 50GR,12,30,QAR,204,A,,3253581785775
001,020417687517,9828,TOILETRIES,1988,OCC:L'OCCITANE,3991,BATH & BODY,29HC100A26:ALMOND BODY OIL 100ML,92,230,QAR,204,A,,3253581785669
001,020417687518,9828,TOILETRIES,1988,OCC:L'OCCITANE,3991,BATH & BODY,29HC040A26:ALMOND BODY OIL 40ML,39.6002,99,QAR,204,A,,3253581787434
001,020417687519,9828,TOILETRIES,1988,OCC:L'OCCITANE,3991,BATH & BODY,29HF100A26:AMD SHIMMERING BODY OIL 100ML,92,230,QAR,204,A,,3253581786925
001,020417687520,9828,TOILETRIES,1988,OCC:L'OCCITANE,3991,BATH & BODY,29EC200A26:ALMOND BODY SCRUB 200ML,88,220,QAR,204,A,,3253581786765
001,020417687521,9828,TOILETRIES,1988,OCC:L'OCCITANE,3991,BATH & BODY,29CC075A26:ALMOND BODY CREAM 75ML,43.9998,110,QAR,204,A,,3253581785829
001,020417687522,9828,TOILETRIES,1988,OCC:L'OCCITANE,3991,BATH & BODY,29BC200A26:ALMOND BODY BALM 200ML,108,270,QAR,204,A,,3253581785799
001,020417687523,9828,TOILETRIES,1988,OCC:L'OCCITANE,3991,BATH & BODY,29LC240A26:ALMOND BODY LOTION 240ML,76,190,QAR,204,A,,3253581785690
001,020417687524,9828,TOILETRIES,1988,OCC:L'OCCITANE,3991,BATH & BODY,49CC020A26:ALMOND BODY CREAM 20ML,12,30,QAR,204,A,,3253581785836
001,020417687525,9828,TOILETRIES,1988,OCC:L'OCCITANE,3991,BATH & BODY,01CC075K26:SHEA RICH BODY CREAM 75ML,39.6,99,QAR,204,A,,3253581783856
001,020417687526,9828,TOILETRIES,1988,OCC:L'OCCITANE,4634,HAND & FOOT CARE,49MA010A26:ALMOND HAND CREAM 10ML,6,15,QAR,204,A,,3253581785928
001,020417687528,9834,PLV,1988,OCC:L'OCCITANE,4524,DISPLAY MATERIALS,52GENSTI26:2026 GENERIC STICKERS ROLL,0,0,QAR,204,A,,3253581874509
001,020417687529,9834,PLV,1988,OCC:L'OCCITANE,6640,PROMOTIONAL MATERIALS,49PRPOUSP26:2026 PREMIUM POUCH,0,.01,QAR,204,A,,3253581874707
001,020417687530,9834,PLV,1988,OCC:L'OCCITANE,6977,WRAPPING MATERIALS,52SGEBOX26:SMALL GENERIC BOX 2026,0,.01,QAR,204,A,,3253581874820
001,020417687531,9834,PLV,1988,OCC:L'OCCITANE,6977,WRAPPING MATERIALS,52MGEBOX26:MEDIUM GENERIC BOX 2026,0,.01,QAR,204,A,,3253581874530
001,020417687532,9834,PLV,1988,OCC:L'OCCITANE,6977,WRAPPING MATERIALS,52XSGEBOX26:XS GENERIC BOX 2026,0,0,QAR,204,A,,3253581874899
001,020417687533,9834,PLV,1988,OCC:L'OCCITANE,6977,WRAPPING MATERIALS,52K20LAV24:SET 20 LAVANDER,0,0,QAR,204,A,,3253581872963
001,020417687534,9834,PLV,1988,OCC:L'OCCITANE,6977,WRAPPING MATERIALS,52HCTSS26:2026 SS EMPTY HC TRIO,0,.01,QAR,204,A,,3253581874714
001,020417687535,9834,PLV,1988,OCC:L'OCCITANE,4524,DISPLAY MATERIALS,52K20EUCA23:SET 20 EUCALYPTUS BUNCHES 23,0,0,QAR,204,A,,3253581866665
001,020417687536,9834,PLV,1988,OCC:L'OCCITANE,4524,DISPLAY MATERIALS,52K20LAVA23:SET 20 LAVENDER BUNCHES 23,0,.01,QAR,204,A,,3253581866672
001,020417687537,9834,PLV,1988,OCC:L'OCCITANE,4524,DISPLAY MATERIALS,52K20BLE22:SET 20 DRIED WHEAT BUNCHES 22,0,0,QAR,204,A,,3253581864760
001,020417718524,9828,TOILETRIES,1988,OCC:L'OCCITANE,3991,BATH & BODY,29EC075A26:ALMOND BODY SCRUB 75ML,39.6002,99,QAR,204,A,,3253581786802
001,020417718525,9834,PLV,1988,OCC:L'OCCITANE,6977,WRAPPING MATERIALS,52MGENSA26:MEDIUM PREMIUM SACHET GPS,0,.01,QAR,204,A,,3253581874547
001,020417718526,9834,PLV,1988,OCC:L'OCCITANE,6977,WRAPPING MATERIALS,52SGENSA26:SMALL PREMIUM SACHET GPS,0,.01,QAR,204,A,,3253581874561
001,020417721046,9801,SKINCARE,1988,OCC:L'OCCITANE,4562,FACE MASK & PEELS & TREATMENTS,27MR010I26:RESET MASK 10GR,36,90,QAR,204,A,,3253581787618
001,020417721048,9801,SKINCARE,1988,OCC:L'OCCITANE,4344,CLEANSERS,27MP150I26:CLEANSING FOAM PRECIOUS 150ML,64,160,QAR,204,A,,3253581786543
001,020417721049,9850,HAIR CARE,1988,OCC:L'OCCITANE,4627,HAIR & SCALP TREATMENTS,11SP125G26:IR PROTECTIVE MIST 125ML,54,135,QAR,204,A,,3253581787458
001,020417721050,9850,HAIR CARE,1988,OCC:L'OCCITANE,6753,SHAMPOO,11RS500G25:IR SHAMPOO REFILL 500ML,62.0001,155,QAR,204,A,,3253581785539
001,020417721052,9834,PLV,1988,OCC:L'OCCITANE,4524,DISPLAY MATERIALS,11BAT12HO25:12 RATTAN REEDS DIFFU 500ML,21.9998,55,QAR,204,A,,3253581788066
001,020417721054,9843,AMBIENT SCENTS,1988,OCC:L'OCCITANE,4520,DIFFUSERS,11DI250HEG25:HOMEDIFF BARONNIES 235ML,167.9999,420,QAR,204,A,,3253581787977
001,020417721055,9843,AMBIENT SCENTS,1988,OCC:L'OCCITANE,4520,DIFFUSERS,11DI250HEW25:HOMEDIFF FORCALQUIER 235ML,167.9999,420,QAR,204,A,,3253581787960
001,020417721056,9843,AMBIENT SCENTS,1988,OCC:L'OCCITANE,4520,DIFFUSERS,11DI500HEG25:HOMEDIFF BARONNIES 475ML,219.9999,550,QAR,204,A,,3253581787946
001,020417721057,9843,AMBIENT SCENTS,1988,OCC:L'OCCITANE,4520,DIFFUSERS,11DI500HEM25:HOMEDIFF MANE 475ML,219.9999,550,QAR,204,A,,3253581787922
001,020417721058,9843,AMBIENT SCENTS,1988,OCC:L'OCCITANE,4520,DIFFUSERS,11DI500HEW25:HOMEDIFF FORCALQUIER 475ML,219.9999,550,QAR,204,A,,3253581787939
001,020417721059,9843,AMBIENT SCENTS,1988,OCC:L'OCCITANE,4520,DIFFUSERS,11REF500HEG25:DIFF REFILL BARONNIES 500ML,191.9998,480,QAR,204,A,,3253581787861
001,020417721060,9843,AMBIENT SCENTS,1988,OCC:L'OCCITANE,4520,DIFFUSERS,11REF500HEW25:DIFF REFILL FORCALQUIER 500ML,191.9998,480,QAR,204,A,,3253581787854
001,020417725212,9843,AMBIENT SCENTS,1988,OCC:L'OCCITANE,4520,DIFFUSERS,11DI1250HEG25:HOMEDIFF BARONNIES 1150ML,559.9999,1400,QAR,204,A,,3253581787915
001,020417725214,9843,AMBIENT SCENTS,1988,OCC:L'OCCITANE,4520,DIFFUSERS,11DI1250HEM25:HOMEDIFF MANE 1150ML,559.9999,1400,QAR,204,A,,3253581787892
001,020417725215,9843,AMBIENT SCENTS,1988,OCC:L'OCCITANE,4520,DIFFUSERS,11DI1250HEW25:HOMEDIFF FORCALQUIER 1150ML,559.9999,1400,QAR,204,A,,3253581787908
001,020417725217,9834,PLV,1988,OCC:L'OCCITANE,4524,DISPLAY MATERIALS,11BAT17HO25:17 RATTAN REEDS DIFFU 1250ML,36.0001,90,QAR,204,A,,3253581788073
001,020412529459,9828,TOILETRIES,1988,OCC:L'OCCITANE,3991,BATH & BODY,17GD240T15:ARO REVIT CLEANSING GEL 240ML,38,95,QAR,204,C,,3253581350331
001,020412529461,9850,HAIR CARE,1988,OCC:L'OCCITANE,4627,HAIR & SCALP TREATMENTS,17IC200D15:ARO FORCE 1 MIN CARE 200ML,46,89,QAR,204,A,,3253581335000
001,020412529465,9828,TOILETRIES,1988,OCC:L'OCCITANE,3991,BATH & BODY,24SA075CB4:CHE BLOSSOM SOAP 75G RSPO SG,9.9999,35,QAR,204,A,,3253581305584
001,020412529467,9828,TOILETRIES,1988,OCC:L'OCCITANE,3991,BATH & BODY,29HD075A15:ALMOND SHOWER OIL 75ML,17.2,43,QAR,204,A,,3253581346624
001,020412529469,9834,PLV,1988,OCC:L'OCCITANE,6722,SAMPLES,52MV005D15:ARO SAMP PURIF MASK FAC 5MLX50,0,.01,QAR,204,C,,3253581358887
001,020412529470,9834,PLV,1988,OCC:L'OCCITANE,4524,DISPLAY MATERIALS,52PANIER2:SHOPPING BASKET 2014,0,.01,QAR,204,C,,3253581332306
001,020412530476,9834,PLV,1988,OCC:L'OCCITANE,6622,PRINTED MATERIALS,CRMCARDS15:CUSTOMERS CARDS 2015,.4264,.86,QAR,204,A,,020422530476
001,020412542958,9813,FRAGRANCES,1988,OCC:L'OCCITANE,4536,EAU DE PARFUM,12EP075OR:OUD ROSE EDP 75ML,159.6001,279,QAR,204,A,,3253581345696
001,020412542960,9828,TOILETRIES,1988,OCC:L'OCCITANE,3991,BATH & BODY,12LC250OR:OUD ROSE BODY MILK 250ML,55.6,139,QAR,204,A,,3253581345702
001,020412542961,9828,TOILETRIES,1988,OCC:L'OCCITANE,3991,BATH & BODY,12GD250OR:OUD ROSE SHOWER GEL 250ML,38,95,QAR,204,A,,3253581345719
001,020412593577,9813,FRAGRANCES,1988,OCC:L'OCCITANE,4538,EAU DE TOILETTE,15ET100VA5:CITRUS VERBENA EDT 100ML,109.9985,290,QAR,204,A,,3253581348123
001,020412593580,9828,TOILETRIES,1988,OCC:L'OCCITANE,4634,HAND & FOOT CARE,15MA030VA5:CITRUS VERBENA HAND CREAM 30ML,19.6,49,QAR,204,A,,3253581348130
001,020412593585,9850,HAIR CARE,1988,OCC:L'OCCITANE,6753,SHAMPOO,17SH075G15:AROMACHO REPAIR SHAMPOO 75ML,15.6,29,QAR,204,A,,3253581337134
001,020412593597,9843,AMBIENT SCENTS,1988,OCC:L'OCCITANE,6733,SCENTED LIQUID,26SD100FC15:CONFIS PROV REFILL 100ML,38,95,QAR,204,C,,3253581370766
001,020412593598,9843,AMBIENT SCENTS,1988,OCC:L'OCCITANE,6733,SCENTED LIQUID,26SD100L15:LAVENDER PERFUME REFILL 100ML,38,95,QAR,204,A,,3253581370797
001,020412593599,9843,AMBIENT SCENTS,1988,OCC:L'OCCITANE,6733,SCENTED LIQUID,26SD100VB15:VERBENA PERFUME REFILL 100ML,38,95,QAR,204,C,,3253581363522
001,020412593599,9843,AMBIENT SCENTS,1988,OCC:L'OCCITANE,6733,SCENTED LIQUID,26SD100VB15:VERBENA PERFUME REFILL 100ML,38,95,QAR,204,C,,8274581363522
001,020412607521,9844,SPA,1988,OCC:L'OCCITANE,3955,AROMATHERAPY,15HE005L14:PDO LAVENDER ESSENTIAL OIL 5ML,31.993,80,QAR,204,A,,3253581310472
001,020412607525,9843,AMBIENT SCENTS,1988,OCC:L'OCCITANE,6733,SCENTED LIQUID,26PM100FC15:CONFISERIE P HOME PERF 100ML,59.6,149,QAR,204,C,,3253581370780
001,020412607526,9843,AMBIENT SCENTS,1988,OCC:L'OCCITANE,6733,SCENTED LIQUID,26PM100R15:ROSE HOME PERFUME 100ML,59.6,149,QAR,204,C,,3253581345771
001,020412607527,9843,AMBIENT SCENTS,1988,OCC:L'OCCITANE,6733,SCENTED LIQUID,26PM100RH15:WINTER FOREST HOME PERF 100ML,59.6,149,QAR,204,C,,3253581370773
001,020412607528,9843,AMBIENT SCENTS,1988,OCC:L'OCCITANE,6733,SCENTED LIQUID,26PM100VB15:VERBENA HOME PERFUME 100ML,59.6,149,QAR,204,C,,3253581363539
001,020412607529,9843,AMBIENT SCENTS,1988,OCC:L'OCCITANE,6733,SCENTED LIQUID,26SD100FB15:WHITE BLOSSOM REFILL 100ML,38.0001,95,QAR,204,C,,3253581348284
001,020412607531,9828,TOILETRIES,1988,OCC:L'OCCITANE,3991,BATH & BODY,29HD500A15:ALM SHOWER OIL 500ML,67.5999,199,QAR,204,A,,3253581359266
001,020412607536,9834,PLV,1988,OCC:L'OCCITANE,4524,DISPLAY MATERIALS,52GANTSS2:SPA MITTS,0,.01,QAR,204,A,,3253581273609
001,020412607537,9834,PLV,1988,OCC:L'OCCITANE,4524,DISPLAY MATERIALS,52KTHYGTER14:TERRACOTTA HYGIENE KIT,0,.01,QAR,204,C,,3253581371039
001,020412624671,9850,HAIR CARE,1988,OCC:L'OCCITANE,3903,AFTER SHAMPOO,17AS500F14:ARO REVIT FRESH CONDI 500ML,67.6001,135,QAR,204,C,,3253581304761
001,020412624674,9843,AMBIENT SCENTS,1988,OCC:L'OCCITANE,4153,CANDLES,26BG100FB15:WHITE BLOSSOM CANDLE 100G,43.6,109,QAR,204,C,,3253581348253
001,020412624675,9843,AMBIENT SCENTS,1988,OCC:L'OCCITANE,4153,CANDLES,26BG100RH15:WINTER FOREST CANDLE 100G,43.6,109,QAR,204,C,,3253581348277
001,020412624676,9843,AMBIENT SCENTS,1988,OCC:L'OCCITANE,6733,SCENTED LIQUID,26SD100RH15:WINTER FOREST REFILL 100ML,38,95,QAR,204,C,,3253581370759
001,020412624676,9843,AMBIENT SCENTS,1988,OCC:L'OCCITANE,6733,SCENTED LIQUID,26SD100RH15:WINTER FOREST REFILL 100ML,38,95,QAR,204,C,,020422624676
001,020412624677,9828,TOILETRIES,1988,OCC:L'OCCITANE,3991,BATH & BODY,29RH500A15:ALM ECO REF SHOWER OIL 500ML,59.6,175,QAR,204,A,,3253581359273
001,020412624679,9828,TOILETRIES,1988,OCC:L'OCCITANE,4634,HAND & FOOT CARE,49MA010K15A:SHEA COLL HAND CREAM 10ML,6.0001,15,QAR,204,A,,3253581375532
001,020412624690,9834,PLV,1988,OCC:L'OCCITANE,4524,DISPLAY MATERIALS,52DBPHOME:SET OF 30 DBLE PR HOLDER HOME,0,.01,QAR,204,A,,3253581300329
001,020412633457,9834,PLV,1988,OCC:L'OCCITANE,6977,WRAPPING MATERIALS,OUDROSEBOX15:SET BOX,0,0,QAR,204,A,,020422633457
001,020412660248,9801,SKINCARE,1988,OCC:L'OCCITANE,6744,SERUM,01HV030K16:SHEA FACE OIL 30ML,78,180,QAR,204,A,,3253581382677
001,020412660255,9828,TOILETRIES,1988,OCC:L'OCCITANE,3991,BATH & BODY,15GD070VB5:VERBENA SHOWER GEL 70ML,11.6,29,QAR,204,A,,3253581369760
001,020412660256,9828,TOILETRIES,1988,OCC:L'OCCITANE,3991,BATH & BODY,15GD250VA5:CITRUS VERB SHOWER GEL 250ML,38,99,QAR,204,A,,3253581373408
001,020412660259,9828,TOILETRIES,1988,OCC:L'OCCITANE,3991,BATH & BODY,15LC070VB5:LAIT CORPS VERVEINE 70ML,19.6,55,QAR,204,A,,3253581369777
001,020412660277,9843,AMBIENT SCENTS,1988,OCC:L'OCCITANE,4153,CANDLES,26BG100FC15:CONFISERIE CANDLE 100G,43.6,109,QAR,204,C,,3253581348260
001,020412660278,9843,AMBIENT SCENTS,1988,OCC:L'OCCITANE,4153,CANDLES,26BG100R15:ROSE SCENTED CANDLE 100G,55.5999,139,QAR,204,C,,3253581345764
001,020412660279,9843,AMBIENT SCENTS,1988,OCC:L'OCCITANE,6732,SCENTED ACCENTS,26FAG15BA15:15 STICKS FOR DIFFUSER,7.6,20,QAR,204,C,,3253581371930
001,020412660282,9843,AMBIENT SCENTS,1988,OCC:L'OCCITANE,6733,SCENTED LIQUID,26PM100BV15:WELCOME HOME PERFUME 100ML,59.6,149,QAR,204,C,,3253581371916
001,020412660286,9801,SKINCARE,1988,OCC:L'OCCITANE,6744,SERUM,27SP030I14:IM PRECIOUS SERUM 30 ML,134,335,QAR,204,C,,3253581311073
001,020412660293,9828,TOILETRIES,1988,OCC:L'OCCITANE,3991,BATH & BODY,49GD035CB5:CHE BLOSSOM B&SHOWER GEL 35ML,6.003,15,QAR,204,A,,3253581378533
001,020412660294,9828,TOILETRIES,1988,OCC:L'OCCITANE,3991,BATH & BODY,49HD035A15:ALM SHOWER OIL 35ML,6.0014,17,QAR,204,A,,3253581359280
001,020412660335,9834,PLV,1988,OCC:L'OCCITANE,4524,DISPLAY MATERIALS,52PPSHOME:SET 50 PCE HOLDER HOME CONCEPT,0,.01,QAR,204,C,,3253581300435
001,020412660338,9834,PLV,1988,OCC:L'OCCITANE,6977,WRAPPING MATERIALS,52SACPMN15:2015 NEW SMALL GENERIC BAG,0,.01,QAR,204,C,,3253581388105
001,020412686612,9828,TOILETRIES,1988,OCC:L'OCCITANE,3991,BATH & BODY,15LC250VA5:CITRUS VERB. FRESH MILK 250ML,55.6441,155,QAR,204,A,,3253581348185
001,020412686616,9843,AMBIENT SCENTS,1988,OCC:L'OCCITANE,4153,CANDLES,26BG100L15:LAVENDER SCENTED CANDLE 100G,55.6,139,QAR,204,A,,3253581370735
001,020412686617,9843,AMBIENT SCENTS,1988,OCC:L'OCCITANE,4153,CANDLES,26BG100VB15:VERBENA SCENTED CANDLE 100G,55.6,139,QAR,204,C,,3253581363546
001,020412686618,9843,AMBIENT SCENTS,1988,OCC:L'OCCITANE,4520,DIFFUSERS,26CF100DP15:HOME PERFUME DIFFUSER SET,46,115,QAR,204,A,,3253581371923
001,020412686619,9828,TOILETRIES,1988,OCC:L'OCCITANE,3991,BATH & BODY,29HD250A15:ALM SHOWER OIL 250ML,51.9573,130,QAR,204,A,,3253581359259
001,020412770945,9828,TOILETRIES,1988,OCC:L'OCCITANE,3991,BATH & BODY,24LC250P15A:PIVOINE FLORA BODY MILK 250ML,55.6,139,QAR,204,C,,3253581435540
001,020412770948,9801,SKINCARE,1988,OCC:L'OCCITANE,4508,DAY CREAMS,49CL003K16:SHEA LIGHT FACE CREAM 3ML,1.0437,15,QAR,204,A,,3253581382660
001,020412770961,9834,PLV,1988,OCC:L'OCCITANE,4524,DISPLAY MATERIALS,52KT5POMO:SET OF 5 SENT STRIPS HOLDER,0,.01,QAR,204,A,,3253581303368
001,020412841397,9828,TOILETRIES,1988,OCC:L'OCCITANE,3991,BATH & BODY,24LC075P15A:PIVOINE FLORA BODY MILK 75ML,19.6,49,QAR,204,A,,3253581435533
001,020412841398,9801,SKINCARE,1988,OCC:L'OCCITANE,4562,FACE MASK & PEELS & TREATMENTS,27MQ065I15A:IM DIVINE CREAM MASK 65ML,211.6,499,QAR,204,A,,3253581433874
001,020412841399,9828,TOILETRIES,1988,OCC:L'OCCITANE,4634,HAND & FOOT CARE,29MA075A16:ALMOND VELVET HANDS 75ML,43.6,99,QAR,204,A,,3253581424407
001,020412841400,9801,SKINCARE,1988,OCC:L'OCCITANE,4344,CLEANSERS,38FC200A15:RB ILLU FOAM CLEANSER 200ML,50,135,QAR,204,C,,3253581324288
001,020412841410,9834,PLV,1988,OCC:L'OCCITANE,6722,SAMPLES,52DCS015I16:SAMP IM DIV CR SPF20 1.5ML 50,0,0,QAR,204,C,,3253581388693
001,020412841416,9834,PLV,1988,OCC:L'OCCITANE,6977,WRAPPING MATERIALS,52PAPCR50:50CM ROLL OF CELLO PAPER,0,.01,QAR,204,C,,3253581318355
001,020412874749,9828,TOILETRIES,1988,OCC:L'OCCITANE,4512,DEODORANTS & ANTIPERSPIRANTS,15DO050VA5:CITRUS VERB COOLING DEO 50G,38,95,QAR,204,A,,3253581373422
001,020412874752,9850,HAIR CARE,1988,OCC:L'OCCITANE,6753,SHAMPOO,20SH250D16:CEDRAT PURIFYING SHAMPOO 250ML,39.6,99,QAR,204,C,,3253581430279
001,020412874753,9801,SKINCARE,1988,OCC:L'OCCITANE,4508,DAY CREAMS,27CPS050I16:IM PRECIOUS CREAM SPF20 LIGHT,119.6,299,QAR,204,C,,3253581388655
001,020412874759,9834,PLV,1988,OCC:L'OCCITANE,4524,DISPLAY MATERIALS,52SPATULE15:SET OF 200 SPATULAS 2015,0,.01,QAR,204,C,,3253581442364
001,020416601092,9834,PLV,1988,OCC:L'OCCITANE,4523,DISPLAY FURNITURE,55LORINCH23:LORIN RATTAN BAR STOOL,0,.01,QAR,204,A,,020426601092
001,020416607711,9843,AMBIENT SCENTS,1988,OCC:L'OCCITANE,4520,DIFFUSERS,11CF100TR23:HOME PERFUME DIFFUSER 100ML,61.128,160,QAR,204,A,,3253581770559
001,020416607713,9813,FRAGRANCES,1988,OCC:L'OCCITANE,4538,EAU DE TOILETTE,12ET075NO23:NERO ORCHI EAU DE TOIL 75ML,140,350,QAR,204,A,,3253581767993
001,020416607714,9813,FRAGRANCES,1988,OCC:L'OCCITANE,4538,EAU DE TOILETTE,49ET007VB22:VER EDT 75ML,10,40,QAR,204,A,,3253581761038
001,020416607715,9834,PLV,1988,OCC:L'OCCITANE,4524,DISPLAY MATERIALS,54VMPODHOLIDAY23:VM PODIUM HOLIDAY 2023,0,.01,QAR,204,A,,3253581866382
001,020416607716,9834,PLV,1988,OCC:L'OCCITANE,4524,DISPLAY MATERIALS,54VMHOLIDAY23:VM KIT HOLIDAY 2023,0,.01,QAR,204,A,,3253581866368
001,020416607717,9834,PLV,1988,OCC:L'OCCITANE,4524,DISPLAY MATERIALS,54VMWHSHOLIDAY23:VM WHS KIT HOLIDAY 2023,0,.01,QAR,204,A,,3253581866375
001,020416607718,9801,SKINCARE,1988,OCC:L'OCCITANE,4344,CLEANSERS,49MC014I23:DIV. FOAM. CLEANSING CR 14ML,11.5999,30,QAR,204,A,,3253581763131
001,020416607719,9828,TOILETRIES,1988,OCC:L'OCCITANE,3991,BATH & BODY,29LC100A20:ALM LE MILK CONCENTRATE 100ML,64,160,QAR,204,A,,3253581721599
001,020416620941,9815,BEAUTY SET,1988,OCC:L'OCCITANE,3997,BEAUTY SET,10CACLA23:2023 HOLIDAY CLASSIC CALENDAR,99.6,249,QAR,204,A,,3253581766521
001,020416620943,9801,SKINCARE,1988,OCC:L'OCCITANE,4508,DAY CREAMS,49CL008K21:LIGHT COMFORTING CREAM 8ML,16.0001,40,QAR,204,A,,3253581729717
001,020416620945,9834,PLV,1988,OCC:L'OCCITANE,6640,PROMOTIONAL MATERIALS,49CRMRNO23:2023 HOLIDAY CRM POUCH R,5.6105,2.88,QAR,204,A,,3253581865873
001,020416620946,9828,TOILETRIES,1988,OCC:L'OCCITANE,6749,SET,15PWPKT23:2023 HOLIDAY PWP,51.6,129,QAR,204,A,,3253581766576
001,020416620948,9834,PLV,1988,OCC:L'OCCITANE,6977,WRAPPING MATERIALS,52RIBNO23:2023 HOLIDAY RIBBON,0,.01,QAR,204,A,,3253581865798
001,020416620949,9834,PLV,1988,OCC:L'OCCITANE,6640,PROMOTIONAL MATERIALS,49PMENNO23:2023 HOLIDAY MEN POUCH,6.0393,3.1,QAR,204,A,,3253581865903
001,020416620951,9815,BEAUTY SET,1988,OCC:L'OCCITANE,3997,BEAUTY SET,10CAMAG23:2023 HOLIDAY PREMIUM CALENDAR,199.6,499,QAR,204,A,,3253581766545
001,020416620952,9834,PLV,1988,OCC:L'OCCITANE,6722,SAMPLES,52ET002NO22:N&O EAU DE TOILETTE 12ML,0,.01,QAR,204,A,,3253581760802
001,020416620953,9815,BEAUTY SET,1988,OCC:L'OCCITANE,3997,BEAUTY SET,24ORCHB23:2023 HOLIDAY CB ORNAMENT,19.6,49,QAR,204,A,,3253581766514
001,020416620954,9828,TOILETRIES,1988,OCC:L'OCCITANE,4634,HAND & FOOT CARE,29MA030A23H:ALM FLOWERS HAND CR 30ML,14,49,QAR,204,A,,3253581765708
001,020416620955,9801,SKINCARE,1988,OCC:L'OCCITANE,4508,DAY CREAMS,27DC065I23:IMMORTELLE DIVINE CREAM 65ML,199.6,530,QAR,204,A,,3253581769744
001,020416620956,9834,PLV,1988,OCC:L'OCCITANE,6977,WRAPPING MATERIALS,52MIBSANO23:2023 HOLIDAY MINI BAG SACHET,0,.01,QAR,204,A,,3253581865767
001,020416620957,9834,PLV,1988,OCC:L'OCCITANE,6757,SHOPPING BAGS,52MMBANO23:2023 HOLIDAY MEDIUM BAG,0,.01,QAR,204,A,,3253581865729
001,020416620958,9834,PLV,1988,OCC:L'OCCITANE,6977,WRAPPING MATERIALS,52MMBRNO23F:2023 HOLIDAY MEDIUM BOX RF,0,.01,QAR,204,A,,3253581866023
001,020416620959,9834,PLV,1988,OCC:L'OCCITANE,6757,SHOPPING BAGS,52SMBANO23:2023 HOLIDAY SMALL BAG,0,.01,QAR,204,A,,3253581865736
001,020416620960,9834,PLV,1988,OCC:L'OCCITANE,6977,WRAPPING MATERIALS,52SMBBNO23:2023 HOLIDAY SMALL BOX B,0,.01,QAR,204,A,,3253581865613
001,020416620961,9815,BEAUTY SET,1988,OCC:L'OCCITANE,3997,BEAUTY SET,01ORKAR23:2023 HOLIDAY SHEA ORNAMENT,19.6,50,QAR,204,A,,3253581766552
001,020416620963,9828,TOILETRIES,1988,OCC:L'OCCITANE,6749,SET,29ORALM23:2023 HOLIDAY ALMOND ORNAMENT,19.6,50,QAR,204,A,,3253581766538
001,020416620964,9834,PLV,1988,OCC:L'OCCITANE,6977,WRAPPING MATERIALS,52WRAPNO23:2023 HOLIDAY WRAPPING PAPER,0,.01,QAR,204,A,,3253581865774
001,020416620965,9801,SKINCARE,1988,OCC:L'OCCITANE,4344,CLEANSERS,01NS075KV23:SHEA C SOLID CLEANSER 75GR,42.2078,110,QAR,204,A,,3253581765210
001,020416620966,9801,SKINCARE,1988,OCC:L'OCCITANE,4344,CLEANSERS,01CN125KV23:SHEA C CLEANSING CREAM 125ML,43.9907,110,QAR,204,A,,3253581765203
001,020416620967,9801,SKINCARE,1988,OCC:L'OCCITANE,4344,CLEANSERS,01LD200KV23:SHEA C CLEANSING MILK 200ML,42.6982,110,QAR,204,A,,3253581765166
001,020416620968,9801,SKINCARE,1988,OCC:L'OCCITANE,4344,CLEANSERS,01EM200KV23:SHEA C MICELLAR WATER 200ML,43.9504,110,QAR,204,A,,3253581765180
001,020416620969,9801,SKINCARE,1988,OCC:L'OCCITANE,4508,DAY CREAMS,27HC050I23:IMM HARMONIE CREAM 50ML,293.2095,740,QAR,204,A,,3253581764268
001,020416620971,9815,BEAUTY SET,1988,OCC:L'OCCITANE,3997,BEAUTY SET,10ORMEN23:2023 HOLIDAY MEN ORNAMENT,19.6,50,QAR,204,A,,3253581766583
001,020416620972,9815,BEAUTY SET,1988,OCC:L'OCCITANE,3997,BEAUTY SET,15ORVER23:2023 HOLIDAY VERBENA ORNAMENT,19.6,50,QAR,204,A,,3253581766569
001,020416620982,9834,PLV,1988,OCC:L'OCCITANE,6640,PROMOTIONAL MATERIALS,49CASCNO23:2023 HOLIDAY CASHIER OFFER C,0,.01,QAR,204,A,,3253581865934
001,020416620983,9834,PLV,1988,OCC:L'OCCITANE,6640,PROMOTIONAL MATERIALS,49CASTNO23:2023 HOLIDAY CASHIER OFFER T,3.5028,1.82,QAR,204,A,,3253581865941
001,020416620986,9834,PLV,1988,OCC:L'OCCITANE,6977,WRAPPING MATERIALS,52STINO23:2023 HOLIDAY NEW STICKER,0,.01,QAR,204,A,,3253581865781
001,020416620987,9834,PLV,1988,OCC:L'OCCITANE,6977,WRAPPING MATERIALS,52TRIBNO23:2023 HOLIDAY HC TRIO BLUE,.8181,.42,QAR,204,A,,3253581865545
001,020416620988,9834,PLV,1988,OCC:L'OCCITANE,6977,WRAPPING MATERIALS,52TRIGNO23:2023 HOLIDAY HC TRIO GREEN,.8181,.42,QAR,204,A,,3253581865552
001,020416620990,9834,PLV,1988,OCC:L'OCCITANE,6977,WRAPPING MATERIALS,52TRIRNO23:2023 HOLIDAY TRIO HC RED,.8181,.42,QAR,204,A,,3253581865569
001,020416620991,9834,PLV,1988,OCC:L'OCCITANE,6977,WRAPPING MATERIALS,52RIBOXNO23:2023 HOLIDAY RIBBON MEDIUM BOX,0,.01,QAR,204,A,,3253581865828
001,020416620992,9834,PLV,1988,OCC:L'OCCITANE,6977,WRAPPING MATERIALS,52SMBGNO23:2023 HOLIDAY SMALL BOX G,0,.01,QAR,204,A,,3253581866054
001,020416620993,9834,PLV,1988,OCC:L'OCCITANE,6977,WRAPPING MATERIALS,52SMBRNO23:2023 HOLIDAY SMALL BOX R,0,.01,QAR,204,A,,3253581865606
001,020416620994,9834,PLV,1988,OCC:L'OCCITANE,6977,WRAPPING MATERIALS,52MIBONO23:2023 HOLIDAY MINI BOX,0,.01,QAR,204,A,,3253581865590
001,020416620995,9834,PLV,1988,OCC:L'OCCITANE,6977,WRAPPING MATERIALS,52MMBBNO23F:2023 HOLIDAY MEDIUM BOX BF,0,.01,QAR,204,A,,3253581866030
001,020416620996,9834,PLV,1988,OCC:L'OCCITANE,6977,WRAPPING MATERIALS,52MMBGNO23F:2023 HOLIDAY MEDIUM BOX GF,0,.01,QAR,204,A,,3253581866047
001,020416620997,9834,PLV,1988,OCC:L'OCCITANE,6977,WRAPPING MATERIALS,52MMSANO23:2023 HOLIDAY MEDIUM SACHET,0,.01,QAR,204,A,,3253581865743
001,020416621000,9834,PLV,1988,OCC:L'OCCITANE,6977,WRAPPING MATERIALS,52QUATC23:2023 HOLIDAY QUATUOR TR COLLEC,1.5586,.8,QAR,204,A,,3253581865538
001,020416621005,9834,PLV,1988,OCC:L'OCCITANE,6977,WRAPPING MATERIALS,52HKNO23:2023 HOLIDAY HUGS AND KISSES,.7405,.38,QAR,204,A,,3253581865507
001,020416621006,9834,PLV,1988,OCC:L'OCCITANE,6757,SHOPPING BAGS,52LABANO23:2023 HOLIDAY LARGE BAG,0,.01,QAR,204,A,,3253581865712
001,020416621007,9834,PLV,1988,OCC:L'OCCITANE,6977,WRAPPING MATERIALS,52LSHWNO23:2023 HOLIDAY REFILLABLE DUO,1.2469,.64,QAR,204,A,,3253581865521
001,020416621008,9801,SKINCARE,1988,OCC:L'OCCITANE,4508,DAY CREAMS,27HCR050I23:IMM HARMONIE CREAM REFILL 50ML,238.7188,599,QAR,204,A,,3253581764282
001,020416621009,9834,PLV,1988,OCC:L'OCCITANE,6640,PROMOTIONAL MATERIALS,49SCARNO23:2023 HOLIDAY SCARF,0,.01,QAR,204,A,,3253581865989
001,020416621010,9834,PLV,1988,OCC:L'OCCITANE,6640,PROMOTIONAL MATERIALS,52CARDNO23:2023 HOLIDAY CARDS,0,.01,QAR,204,A,,3253581865811
001,020416621011,9834,PLV,1988,OCC:L'OCCITANE,6640,PROMOTIONAL MATERIALS,52GIFNO23:2023 HOLIDAY GIFT TAG,0,.01,QAR,204,A,,3253581865804
001,020416621012,9834,PLV,1988,OCC:L'OCCITANE,6977,WRAPPING MATERIALS,52HK2NO23:2023 HOLIDAY SOS KIT,1.1298,.58,QAR,204,A,,3253581865514
001,020416621013,9801,SKINCARE,1988,OCC:L'OCCITANE,4508,DAY CREAMS,49DC004I23:IMMORTELLE DIVINE CREAM 4ML,2.5569,50,QAR,204,A,,3253581763612
001,020416621891,9834,PLV,1988,OCC:L'OCCITANE,6977,WRAPPING MATERIALS,80ALFEB23:ALMOND HOLIDAYS BOX 2023,14.7661,8.1,QAR,204,A,,020426621891
001,020416621895,9834,PLV,1988,OCC:L'OCCITANE,6977,WRAPPING MATERIALS,80NOFEB23:NEROLI HOLIDAYS BOX 2023,12.0284,6.6,QAR,204,A,,020426621895
001,020416621896,9834,PLV,1988,OCC:L'OCCITANE,6977,WRAPPING MATERIALS,80VEFEB23:VERBENA HOLIDAYS BOX 2023,13.4171,7.36,QAR,204,A,,020426621896
001,020416621897,9834,PLV,1988,OCC:L'OCCITANE,6977,WRAPPING MATERIALS,80SBFEB23:SHEA BUTTER HOLIDAYS BOX 2023,15.7869,8.66,QAR,204,A,,020426621897
001,020416621898,9834,PLV,1988,OCC:L'OCCITANE,6977,WRAPPING MATERIALS,80ALOSFEB23:ALMOND HOLIDAYS LIMITED EDITION BOX 2023,15.0942,8.28,QAR,204,A,,020426621898
001,020416621900,9834,PLV,1988,OCC:L'OCCITANE,6977,WRAPPING MATERIALS,80BSFEB23:BEST SELLER HOLIDAYS BOX 2023,15.0942,8.28,QAR,204,A,,020426621900
001,020416621902,9834,PLV,1988,OCC:L'OCCITANE,6977,WRAPPING MATERIALS,80ALFEB24:ALMOND FESTIVE BOX 2024,13.8534,7.6,QAR,204,A,,020426621902
001,020416621903,9834,PLV,1988,OCC:L'OCCITANE,6977,WRAPPING MATERIALS,80HERB24:HERBEA IRIS BOX 2024,12.2493,6.72,QAR,204,A,,020426621903
001,020416621905,9834,PLV,1988,OCC:L'OCCITANE,6977,WRAPPING MATERIALS,80SBFEB24:SHEA BUTTER FESTIVE BOX 2024,15.7856,8.66,QAR,204,A,,020426621905
001,020416621906,9834,PLV,1988,OCC:L'OCCITANE,6977,WRAPPING MATERIALS,80CBFEB24:CHERRY BLOSSOM FESTIVE BOX 2024,13.3795,7.34,QAR,204,A,,020426621906
001,020416621907,9834,PLV,1988,OCC:L'OCCITANE,6977,WRAPPING MATERIALS,80VEFEB24:VERBENA FESTIVE BOX 2024,13.4159,7.36,QAR,204,A,,020426621907
001,020416621908,9834,PLV,1988,OCC:L'OCCITANE,6977,WRAPPING MATERIALS,80NOFEB24:NEROLI FESTIVE BOX 2024,12.0311,6.6,QAR,204,A,,020426621908
001,020414764830,9834,PLV,1988,OCC:L'OCCITANE,6977,WRAPPING MATERIALS,88LASWL19:CUSTOMIZED LARGE SACHET WHITE LARGE QUANTITY,0,17,QAR,204,C,,020424764830
001,020414764831,9834,PLV,1988,OCC:L'OCCITANE,6977,WRAPPING MATERIALS,88LASCS19:CUSTOMIZED LARGE SACHET CRAFT SMALL QUANTITY,0,50,QAR,204,C,,020424764831
001,020414764832,9834,PLV,1988,OCC:L'OCCITANE,6977,WRAPPING MATERIALS,88LASCM19:CUSTOMIZED LARGE SACHET CRAFT MEDIUM QUANTITY,0,30,QAR,204,C,,020424764832
001,020414764833,9834,PLV,1988,OCC:L'OCCITANE,6977,WRAPPING MATERIALS,88LASCL19:CUSTOMIZED LARGE SACHET CRAFT LARGE QUANTITY,0,17,QAR,204,C,,020424764833
001,020414764834,9834,PLV,1988,OCC:L'OCCITANE,6977,WRAPPING MATERIALS,88LASBS19:CUSTOMIZED LARGE SACHET BLUE SMALL QUANTITY,0,50,QAR,204,C,,020424764834
001,020414764835,9834,PLV,1988,OCC:L'OCCITANE,6977,WRAPPING MATERIALS,88LASBM19:CUSTOMIZED LARGE SACHET BLUE MEDIUM QUANTITY,0,30,QAR,204,C,,020424764835
001,020414764836,9834,PLV,1988,OCC:L'OCCITANE,6977,WRAPPING MATERIALS,88LASBL19:CUSTOMIZED LARGE SACHET BLUE LARGE QUANTITY,0,17,QAR,204,C,,020424764836
001,020414764837,9834,PLV,1988,OCC:L'OCCITANE,6977,WRAPPING MATERIALS,88LASPS19:CUSTOMIZED LARGE SACHET PINK SMALL QUANTITY,0,50,QAR,204,C,,020424764837
001,020414764838,9834,PLV,1988,OCC:L'OCCITANE,6977,WRAPPING MATERIALS,88LASPM19:CUSTOMIZED LARGE SACHET PINK MEDIUM QUANTITY,0,30,QAR,204,C,,020424764838
001,020414764839,9834,PLV,1988,OCC:L'OCCITANE,6977,WRAPPING MATERIALS,88LASPL19:CUSTOMIZED LARGE SACHET BLUE PINK QUANTITY,0,17,QAR,204,C,,020424764839
001,020414766478,9828,TOILETRIES,1988,OCC:L'OCCITANE,6749,SET,01SHBVS19:SHEA BUTTER BODY SET 2019,211.6,541.9,QAR,204,A,,020424766478
001,020414766479,9850,HAIR CARE,1988,OCC:L'OCCITANE,6749,SET,17AROR19:AROMACHOLOGY REPAIRING SET 2019,119.6,299,QAR,204,A,,020424766479
001,020414766480,9815,BEAUTY SET,1988,OCC:L'OCCITANE,3997,BEAUTY SET,24CBVS19:CHERRY BLOSSOM SET 2019,170,425,QAR,204,A,,020424766480
001,020414766484,9828,TOILETRIES,1988,OCC:L'OCCITANE,6749,SET,01SHBNVS19:NOURISHING SHEA COLLECTION 2019,159.6,399,QAR,204,A,,020424766484
001,020414766489,9815,BEAUTY SET,1988,OCC:L'OCCITANE,3997,BEAUTY SET,29ALMIVS19:IRRESISTABLE ALMOND COLLECTION,159.6,399,QAR,204,A,,020424766489
001,020414767459,9834,PLV,1988,OCC:L'OCCITANE,6640,PROMOTIONAL MATERIALS,11AQCTGWP19:AQUA CREAM GWP 2019,0,0,QAR,204,A,,020424767459
001,020414767460,9834,PLV,1988,OCC:L'OCCITANE,6640,PROMOTIONAL MATERIALS,11AQGTGWP19:AQUA GEL GWP 2019,0,0,QAR,204,A,,020424767460
001,020414773151,9801,SKINCARE,1988,OCC:L'OCCITANE,5647,LIP BALMS/FILLERS/MOISTURISER,01BL012H19H:SHEA HONEY LIP BALM 12ML LE,22.0001,55,QAR,204,A,,3253581657065
001,020414773153,9801,SKINCARE,1988,OCC:L'OCCITANE,5647,LIP BALMS/FILLERS/MOISTURISER,01BL012K19H:SHEA LIP BALM 12ML LIMITED EDITION,22,55,QAR,204,A,,3253581657010
001,020414773155,9828,TOILETRIES,1988,OCC:L'OCCITANE,3991,BATH & BODY,01BP020H19H:SHEA HONEY BATH PEARLS 20GR LE,11.6,29,QAR,204,A,,3253581657089
001,020414773156,9828,TOILETRIES,1988,OCC:L'OCCITANE,4634,HAND & FOOT CARE,01BP150K20:SHEA INTENSE FOOT BALM 150ML,55.6,160,QAR,204,A,,3253581590126
001,020414773157,9828,TOILETRIES,1988,OCC:L'OCCITANE,3991,BATH & BODY,01CL200W19H:SHEA ULBC F GARD 200ML EL,71.6,179,QAR,204,A,,3253581657058
001,020414773158,9828,TOILETRIES,1988,OCC:L'OCCITANE,3991,BATH & BODY,01CP100H19H:SHEA HONEY ULBC 100ML LE,51.6001,135,QAR,204,A,,3253581657829
001,020414773160,9828,TOILETRIES,1988,OCC:L'OCCITANE,3991,BATH & BODY,01DF200W19H:SHEA SHOWER F F GARD 200ML LE,35.6,89,QAR,204,A,,3253581657805
001,020414773161,9813,FRAGRANCES,1988,OCC:L'OCCITANE,4538,EAU DE TOILETTE,01ET050W19H:EDT F GARDEN 50ML LE,79.5999,219,QAR,204,A,,3253581657898
001,020414773165,9828,TOILETRIES,1988,OCC:L'OCCITANE,4634,HAND & FOOT CARE,01MA030H19H:SHEA HONEY HAND CREAM 30ML LE,19.6,49,QAR,204,A,,3253581657072
001,020414773166,9828,TOILETRIES,1988,OCC:L'OCCITANE,4634,HAND & FOOT CARE,01MA030K19H:SHEA HAND CREAM 30ML LIMITED EDITION,19.6,49,QAR,204,A,,3253581656976
001,020414773168,9828,TOILETRIES,1988,OCC:L'OCCITANE,4634,HAND & FOOT CARE,01MF030W19H:SHEA F GARD HAND CREAM 30ML LE,19.6,49,QAR,204,A,,3253581657034
001,020414773170,9828,TOILETRIES,1988,OCC:L'OCCITANE,3991,BATH & BODY,01SA150H19H:SHEA HONEY SOAP 150GR LE,19.6,49,QAR,204,A,,3253581660843
001,020414773171,9828,TOILETRIES,1988,OCC:L'OCCITANE,3991,BATH & BODY,01SA150W19H:SHEA SOAP F GARD 150GR LE,19.6,49,QAR,204,A,,3253581657980
001,020414773177,9828,TOILETRIES,1988,OCC:L'OCCITANE,6749,SET,10QUAGD19:SHOWER GEL QUATTRO 2019,55.5999,139,QAR,204,A,,3253581662212
001,020414773178,9843,AMBIENT SCENTS,1988,OCC:L'OCCITANE,4153,CANDLES,11BG140CS19:CS RELAXING CANDLE 140G,45.4402,115,QAR,204,A,,3253581657119
001,020414773179,9843,AMBIENT SCENTS,1988,OCC:L'OCCITANE,4153,CANDLES,11BG140SH19:SH HARMONY CANDLE 140G,44.6436,115,QAR,204,A,,3253581657355
001,020414773180,9843,AMBIENT SCENTS,1988,OCC:L'OCCITANE,4153,CANDLES,11BG140SI19:UP-LIFTING CANDLE 140G,44.4,115,QAR,204,A,,3253581657164
001,020414773181,9843,AMBIENT SCENTS,1988,OCC:L'OCCITANE,4153,CANDLES,11BG140SL19:SL REVITALIZING CANDLE 140G,43.6,115,QAR,204,A,,3253581657171
001,020414773182,9843,AMBIENT SCENTS,1988,OCC:L'OCCITANE,4153,CANDLES,11BG450CS19:CS RELAXING CANDLE 450G,134,335,QAR,204,C,,3253581657522
001,020414773183,9844,SPA,1988,OCC:L'OCCITANE,3955,AROMATHERAPY,11BO100CS19:MIST PILLOW RELAX HOME 19,43.9049,110,QAR,204,A,,3253581657362
001,020414773184,9843,AMBIENT SCENTS,1988,OCC:L'OCCITANE,4520,DIFFUSERS,11CF100TR19:HOME PERFUME DIFFUSER 100ML,48.0073,160,QAR,204,A,,3253581657492
001,020414773185,9828,TOILETRIES,1988,OCC:L'OCCITANE,6749,SET,11CS100TR19:GUESTS SOAPS SET 4X25G,43.6,115,QAR,204,A,,3253581657393
001,020414773186,9843,AMBIENT SCENTS,1988,OCC:L'OCCITANE,4520,DIFFUSERS,11FAG10TR19:SET OF DIFFUSER STICKS,6.0001,20,QAR,204,A,,3253581657508
001,020414773187,9843,AMBIENT SCENTS,1988,OCC:L'OCCITANE,6749,SET,11LB000TR19:KIT LUCIOLE,147.6,370,QAR,204,A,,3253581657126
001,020414773188,9843,AMBIENT SCENTS,1988,OCC:L'OCCITANE,6733,SCENTED LIQUID,11PM100SH19:PA HARMONIZING 100ML,49.2212,135,QAR,204,A,,3253581657133
001,020414773189,9843,AMBIENT SCENTS,1988,OCC:L'OCCITANE,6733,SCENTED LIQUID,11PM100SI19:PA HAPPINESS 100ML,47.6,135,QAR,204,A,,3253581657157
001,020414773190,9843,AMBIENT SCENTS,1988,OCC:L'OCCITANE,6733,SCENTED LIQUID,11PM100SL19:PA FREEDOM HOME 2019 100ML,47.6,135,QAR,204,A,,3253581657140
001,020414773191,9843,AMBIENT SCENTS,1988,OCC:L'OCCITANE,6733,SCENTED LIQUID,11SD100CS19:CAPILLA RELAXING NOEL 19 100 ML,30,90,QAR,204,A,,3253581657409
001,020414773192,9843,AMBIENT SCENTS,1988,OCC:L'OCCITANE,6733,SCENTED LIQUID,11SD100SH19:SEVE HARMONIZING 100 ML,30,90,QAR,204,A,,3253581657416
001,020414773193,9843,AMBIENT SCENTS,1988,OCC:L'OCCITANE,6733,SCENTED LIQUID,11SD100SI19:SEVE HAPPINESS 100ML,32,90,QAR,204,A,,3253581657201
001,020414773194,9843,AMBIENT SCENTS,1988,OCC:L'OCCITANE,6733,SCENTED LIQUID,11SD100SL19:SEVE FREEDOM 100 ML,30,90,QAR,204,A,,3253581657218
001,020414773195,9828,TOILETRIES,1988,OCC:L'OCCITANE,3991,BATH & BODY,11SP200SH19:SH HARMONY SOAP 200G,23.6,65,QAR,204,A,,3253581657379
001,020414773196,9828,TOILETRIES,1988,OCC:L'OCCITANE,3991,BATH & BODY,11SP200SI19:UP-LIFTING SOAP 200G,23.6,65,QAR,204,A,,3253581657188
001,020414773197,9828,TOILETRIES,1988,OCC:L'OCCITANE,3991,BATH & BODY,11SP200SL19:SL REVITALIZING SOAP 200G,23.6,65,QAR,204,A,,3253581657195
001,020414773205,9834,PLV,1988,OCC:L'OCCITANE,6640,PROMOTIONAL MATERIALS,49BOTHM19:2019 HOME BOTTLE,0,.01,QAR,204,C,,3253581657287
001,020414773206,9834,PLV,1988,OCC:L'OCCITANE,6640,PROMOTIONAL MATERIALS,49CRM2NO19:2019 HOLIDAY CRM POUCH 2,0,.01,QAR,204,A,,3253581661376
001,020414773207,9834,PLV,1988,OCC:L'OCCITANE,6977,WRAPPING MATERIALS,49MLBNO19:2019 HOLIDAY MEN LARGE BOX,0,.01,QAR,204,A,,3253581661338
001,020414773208,9834,PLV,1988,OCC:L'OCCITANE,6640,PROMOTIONAL MATERIALS,49MUGHM19:2019 HOME MUG,0,.01,QAR,204,C,,3253581657300
001,020414773209,9834,PLV,1988,OCC:L'OCCITANE,6640,PROMOTIONAL MATERIALS,49NOTNO19:2019 HOLIDAY NOTEBOOK,0,.01,QAR,204,C,,3253581661390
001,020414773210,9834,PLV,1988,OCC:L'OCCITANE,6977,WRAPPING MATERIALS,49PWPNO19:2019 HOLIDAY PWP,0,.01,QAR,204,A,,3253581661024
001,020414773211,9834,PLV,1988,OCC:L'OCCITANE,6977,WRAPPING MATERIALS,52GIF1NO19:GIFT TAG 1 X100 NOEL 2019,0,.01,QAR,204,C,,3253581661734
001,020414773212,9834,PLV,1988,OCC:L'OCCITANE,6977,WRAPPING MATERIALS,52GIF2NO19:2019 HOLIDAY GIFT TAG 2 X100,0,.01,QAR,204,C,,3253581662588
001,020414773213,9834,PLV,1988,OCC:L'OCCITANE,6977,WRAPPING MATERIALS,52HKNO19:2019 HOLIDAY HUGS & KISSES,0,.01,QAR,204,A,,3253581660942
001,020414773214,9834,PLV,1988,OCC:L'OCCITANE,6977,WRAPPING MATERIALS,52LABANO19:2019 HOLIDAY LARGE BAG,0,.01,QAR,204,C,,3253581661888
001,020414773215,9834,PLV,1988,OCC:L'OCCITANE,6977,WRAPPING MATERIALS,52LASANO19:2019 HOLIDAY LARGE SACHET,0,.01,QAR,204,C,,3253581661918
001,020414773216,9834,PLV,1988,OCC:L'OCCITANE,6977,WRAPPING MATERIALS,52MIBANO19:2019 HOLIDAY MINI BAG,0,.01,QAR,204,C,,3253581661819
001,020414773217,9834,PLV,1988,OCC:L'OCCITANE,6977,WRAPPING MATERIALS,52MIBONO19:2019 HOLIDAY MINI BOX,0,.01,QAR,204,C,,3253581661673
001,020414773218,9834,PLV,1988,OCC:L'OCCITANE,6977,WRAPPING MATERIALS,52MMBANO19:2019 HOLIDAY MEDIUM BAG,0,.01,QAR,204,C,,3253581661833
001,020414773219,9834,PLV,1988,OCC:L'OCCITANE,6977,WRAPPING MATERIALS,52MMBBNO19:2019 HOLIDAY BLUE MEDIUM BOX,0,.01,QAR,204,C,,3253581661758
001,020414773220,9834,PLV,1988,OCC:L'OCCITANE,6977,WRAPPING MATERIALS,52MMBPNO19:2019 HOLIDAY PINK MEDIUM BOX,0,.01,QAR,204,C,,3253581661765
001,020414773221,9834,PLV,1988,OCC:L'OCCITANE,6977,WRAPPING MATERIALS,52MMBYNO19:2019 HOLIDAY YELLOW MEDIUM BOX,0,.01,QAR,204,A,,3253581661772
001,020414773222,9834,PLV,1988,OCC:L'OCCITANE,6977,WRAPPING MATERIALS,52MMSANO19:2019 HOLIDAY MEDIUM SACHET,0,.01,QAR,204,C,,3253581661901
001,020414773223,9834,PLV,1988,OCC:L'OCCITANE,6977,WRAPPING MATERIALS,52RBO2NO19:2019 HOLIDAY MEDIUM BOX 2,0,.01,QAR,204,A,,3253581661796
001,020414773224,9834,PLV,1988,OCC:L'OCCITANE,6977,WRAPPING MATERIALS,52RIB1NO19:2019 HOLIDAY RIBBON 1,0,.01,QAR,204,C,,3253581661710
001,020414773225,9834,PLV,1988,OCC:L'OCCITANE,6977,WRAPPING MATERIALS,52RIB2NO19:2019 HOLIDAY RIBBON 2,0,.01,QAR,204,C,,3253581661727
001,020414773226,9834,PLV,1988,OCC:L'OCCITANE,6977,WRAPPING MATERIALS,52SILK2NO19:2019 HOLIDAY SILK PAPER 2 X480,0,.01,QAR,204,C,,3253581662502
001,020414773227,9834,PLV,1988,OCC:L'OCCITANE,6977,WRAPPING MATERIALS,52SILKNO19:2019 HOLIDAY SILK PAPER X480,0,.01,QAR,204,C,,3253581661956
001,020414773228,9834,PLV,1988,OCC:L'OCCITANE,6977,WRAPPING MATERIALS,52SMBANO19:2019 HOLIDAY SMALL BAG,0,.01,QAR,204,C,,3253581661826
001,020414773229,9834,PLV,1988,OCC:L'OCCITANE,6977,WRAPPING MATERIALS,52SMBBNO19:2019 HOLIDAY BLUE SMALL BOX,0,.01,QAR,204,C,,3253581661680
001,020414773230,9834,PLV,1988,OCC:L'OCCITANE,6977,WRAPPING MATERIALS,52SMBPNO19:2019 HOLIDAY PINK SMALL BOX,0,.01,QAR,204,C,,3253581661741
001,020414773231,9834,PLV,1988,OCC:L'OCCITANE,6977,WRAPPING MATERIALS,52SMSANO19:2019 HOLIDAY SMALL SACHET,0,.01,QAR,204,C,,3253581661895
001,020414773232,9834,PLV,1988,OCC:L'OCCITANE,6977,WRAPPING MATERIALS,52STINO19:2019 HOLIDAY STICKER,0,.01,QAR,204,C,,3253581661703
001,020414773233,9834,PLV,1988,OCC:L'OCCITANE,6977,WRAPPING MATERIALS,52TFRNO19:2019 HOLIDAY FRAG TRIO,0,.01,QAR,204,A,,3253581660980
001,020414773234,9834,PLV,1988,OCC:L'OCCITANE,4524,DISPLAY MATERIALS,52TKP1H19:HOLIDAY19 TABLE KIT,0,.01,QAR,204,C,,3253581660829
001,020414773235,9834,PLV,1988,OCC:L'OCCITANE,6977,WRAPPING MATERIALS,52WRAPNO19:2019 HOLIDAY WRAPPING PAPER,0,.01,QAR,204,C,,3253581661697
001,020414773236,9834,PLV,1988,OCC:L'OCCITANE,4524,DISPLAY MATERIALS,54BACKPH19:HOLIDAY19 BACKLIT PANEL,0,.01,QAR,204,C,,3253581657911
001,020414773237,9834,PLV,1988,OCC:L'OCCITANE,4524,DISPLAY MATERIALS,54BOOKBH19:HOLIDAY19 BOOK BASE STRUCTURE,0,.01,QAR,204,C,,3253581657928
001,020414773238,9834,PLV,1988,OCC:L'OCCITANE,4524,DISPLAY MATERIALS,54BOXP3H19:HOLIDAY19 PHASE3 BOX,0,.01,QAR,204,C,,3253581660706
001,020414773239,9834,PLV,1988,OCC:L'OCCITANE,4524,DISPLAY MATERIALS,54DECOP2H19:HOLIDAY19 PHASE2 DECO,0,.01,QAR,204,C,,3253581660614
001,020414773240,9834,PLV,1988,OCC:L'OCCITANE,4524,DISPLAY MATERIALS,54DECOP3H19:HOLIDAY19 PHASE3 DECO,0,.01,QAR,204,C,,3253581660690
001,020414773241,9834,PLV,1988,OCC:L'OCCITANE,4524,DISPLAY MATERIALS,54TREP2H19:HOLIDAY19 PHASE2 TREES,0,.01,QAR,204,C,,3253581660621
001,020414775804,9815,BEAUTY SET,1988,OCC:L'OCCITANE,3997,BEAUTY SET,20CHCHO19:CEDRAT L'HOMME COLOGNE HOLIDAYS SET 2019,99.6,285,QAR,204,A,,020424775804
001,020414775805,9815,BEAUTY SET,1988,OCC:L'OCCITANE,3997,BEAUTY SET,20BXHO19:BAUX HOLIDAYS SET 2019,59.6001,149,QAR,204,A,,020424775805
001,020414775806,9815,BEAUTY SET,1988,OCC:L'OCCITANE,3997,BEAUTY SET,01SHHHK19:SHEA HONEY HANDS AND LIPS DUO 2019,35.6,89,QAR,204,A,,020424775806
001,020414775807,9815,BEAUTY SET,1988,OCC:L'OCCITANE,3997,BEAUTY SET,01SHGAK19:SHEA GARDEN KIT 2019,179.6,449,QAR,204,A,,020424775807
001,020414775808,9815,BEAUTY SET,1988,OCC:L'OCCITANE,3997,BEAUTY SET,01SHHOK19:SHEA HONEY KIT 2019,99.6,249,QAR,204,A,,020424775808
001,020414775809,9815,BEAUTY SET,1988,OCC:L'OCCITANE,3997,BEAUTY SET,01SHCHK19:SHEA CLASSIC HANDS AND LIPS DUO 2019,35.6,89,QAR,204,A,,020424775809
001,020414775822,9815,BEAUTY SET,1988,OCC:L'OCCITANE,3997,BEAUTY SET,10BSKIT19:2019 BEST SELLERS KIT,55.6,139,QAR,204,A,,020424775822
001,020414775823,9801,SKINCARE,1988,OCC:L'OCCITANE,6749,SET,38RBDS19:REINE BLANCHE DISCOVERY SET 2019,47.6,119,QAR,204,A,,020424775823
001,020414775824,9834,PLV,1988,OCC:L'OCCITANE,6640,PROMOTIONAL MATERIALS,49DECGWP19:DECEMBER 2019 GWP,0,.01,QAR,204,A,,020424775824
001,020414775825,9834,PLV,1988,OCC:L'OCCITANE,6640,PROMOTIONAL MATERIALS,49NOVGWP19:NOVEMBER 2019 GWP,0,.01,QAR,204,A,,020424775825
001,020414775826,9834,PLV,1988,OCC:L'OCCITANE,6640,PROMOTIONAL MATERIALS,49MARK119:MARKETING KIT 1 Y2019,0,.01,QAR,204,A,,020424775826
001,020414775827,9828,TOILETRIES,1988,OCC:L'OCCITANE,6749,SET,10HCCOL19:HAND CREAMS COLLECTION HOLIDAYS 2019,95.6,239,QAR,204,A,,020424775827
001,020414775859,9813,FRAGRANCES,1988,OCC:L'OCCITANE,6749,SET,10FRAGT19:2019 FRAGRANCE TRIO,39.6,99,QAR,204,A,,020424775859
001,020414781487,9834,PLV,1988,OCC:L'OCCITANE,6977,WRAPPING MATERIALS,88CMSPL19:CUSTOMIZED MINI SACHET PINK LARGE QUANTITY,0,15,QAR,204,C,,020424781487
001,020416105421,9834,PLV,1988,OCC:L'OCCITANE,6977,WRAPPING MATERIALS,80FORYEB22:FOREO BOX CMS YELLOW,0,.01,QAR,204,A,,020426105421
001,020416105423,9834,PLV,1988,OCC:L'OCCITANE,6977,WRAPPING MATERIALS,80FORPIB22:FOREO BOX CMS PINK,0,.01,QAR,204,A,,020426105423
001,020416109063,9828,TOILETRIES,1988,OCC:L'OCCITANE,3991,BATH & BODY,49CP020K22:SHEA ULTRA RICH BODY CR 20ML,11.6001,30,QAR,204,A,,3253581735374
001,020416109065,9828,TOILETRIES,1988,OCC:L'OCCITANE,3991,BATH & BODY,15GD250L21:LAVENDER SHOWER GEL 250 ML,39.0654,99,QAR,204,A,,3253581759790
001,020416109066,9828,TOILETRIES,1988,OCC:L'OCCITANE,4634,HAND & FOOT CARE,12MA075NO22:NERO ORCH HD CREAM 75ML,39.6,99,QAR,204,A,,3253581760864
001,020416109067,9828,TOILETRIES,1988,OCC:L'OCCITANE,3991,BATH & BODY,49LC035CB21:CHE BLOSSOM SHIM LOTION 35ML,6,20,QAR,204,A,,3253581754054
001,020416109068,9834,PLV,1988,OCC:L'OCCITANE,6977,WRAPPING MATERIALS,52SGENSA21GPS:SMALL GENERIC SACHET GPS,0,.01,QAR,204,A,,3253581864715
001,020416109069,9850,HAIR CARE,1988,OCC:L'OCCITANE,6753,SHAMPOO,24SH240R22:ROSE SHAMPOO 240ML,30.1167,90,QAR,204,A,,3253581760772
001,020416109070,9834,PLV,1988,OCC:L'OCCITANE,6977,WRAPPING MATERIALS,52YGERIB20:YELLOW GENERIC RIBBON 2020,0,.01,QAR,204,A,,3253581758601
001,020416109071,9834,PLV,1988,OCC:L'OCCITANE,6640,PROMOTIONAL MATERIALS,49CLEMAGI:MAGIC KEY,6.8,17,QAR,204,A,,3253581485590
001,020416109073,9850,HAIR CARE,1988,OCC:L'OCCITANE,6753,SHAMPOO,98BBSH035AR3:5 ESSENT OILS SHAMP 35ML,6,15,QAR,204,A,,3253581749364
001,020416109941,9828,TOILETRIES,1988,OCC:L'OCCITANE,4634,HAND & FOOT CARE,01SA500K20:SHEA ALMOND LIQUID SOAP 500ML,39.5998,99,QAR,204,A,,3253581735961
001,020416122741,9834,PLV,1988,OCC:L'OCCITANE,6977,WRAPPING MATERIALS,80VEFEB22:VERBENA FESTIVE BOX 2022,0,.01,QAR,204,A,,020426122741
001,020416122743,9834,PLV,1988,OCC:L'OCCITANE,6977,WRAPPING MATERIALS,80ALFEB22:ALMOND FESTIVE BOX GREEN 2022,0,.01,QAR,204,A,,020426122743
001,020416122744,9834,PLV,1988,OCC:L'OCCITANE,6977,WRAPPING MATERIALS,80SBFEB22:SHEA BUTTER FESTIVE BOX 2022,0,.01,QAR,204,A,,020426122744
001,020416122745,9834,PLV,1988,OCC:L'OCCITANE,6977,WRAPPING MATERIALS,80NOFEB22:NEROLI FESTIVE BOX 2022,0,.01,QAR,204,A,,020426122745
001,020416122746,9834,PLV,1988,OCC:L'OCCITANE,6977,WRAPPING MATERIALS,80CBFEB22:CHERRY BLOSSOM FESTIVE BOX 2022,0,.01,QAR,204,A,,020426122746
001,020416127821,9834,PLV,1988,OCC:L'OCCITANE,6977,WRAPPING MATERIALS,80ALFEYB22:ALMOND FESTIVE BOX YELLOW2022,0,.01,QAR,204,A,,020426127821
001,020416140004,9801,SKINCARE,1988,OCC:L'OCCITANE,6749,SET,10FOROCCB22:FOREO X L'OCCITANE BOX 2022,306,799,QAR,204,A,,020426140004
001,020416140245,9801,SKINCARE,1988,OCC:L'OCCITANE,6749,SET,FOOCERB22:FOREO X L'OCCITANE X ERBORIAN BOX 2022,271.6,699,QAR,204,A,,020426140245
001,020416165184,9828,TOILETRIES,1988,OCC:L'OCCITANE,3991,BATH & BODY,01BB018KC22H:SHEA CHESTNUT BATH BOMB 18GR,7.6,17,QAR,204,A,,3253581761823
001,020416165186,9828,TOILETRIES,1988,OCC:L'OCCITANE,3991,BATH & BODY,01BB018KG22H:SHEA GOLDEN BATH BOMB 18GR,7.6,17,QAR,204,A,,3253581761380
001,020416165187,9801,SKINCARE,1988,OCC:L'OCCITANE,5647,LIP BALMS/FILLERS/MOISTURISER,01BL012KC22H:SHEA CHESTNUT LIP BALM 12ML,22,49,QAR,204,A,,3253581761878
001,020416165188,9801,SKINCARE,1988,OCC:L'OCCITANE,5647,LIP BALMS/FILLERS/MOISTURISER,01BL012KG22H:SHEA GOLDEN LIP BALM 12ML,22,49,QAR,204,A,,3253581761809
001,020416165189,9828,TOILETRIES,1988,OCC:L'OCCITANE,3991,BATH & BODY,01CD250KC22H:SHEA CHESTNUT SHOWE CR 250ML,35.6,99,QAR,204,A,,3253581761359
001,020416165190,9828,TOILETRIES,1988,OCC:L'OCCITANE,3991,BATH & BODY,01CE200KC22H:SHEA CHESTNUT COMP SCRUB 200ML,59.6,160,QAR,204,A,,3253581761397
001,020416165191,9828,TOILETRIES,1988,OCC:L'OCCITANE,3991,BATH & BODY,01CL200KG22H:SHEA GOLDEN SHIMMER CULC 200ML,70,190,QAR,204,A,,3253581761403
001,020416165192,9828,TOILETRIES,1988,OCC:L'OCCITANE,3991,BATH & BODY,01CP100KC22H:SHEA CHEST UR BODY CREAM 100ML,54,135,QAR,204,A,,3253581761861
001,020416165193,9828,TOILETRIES,1988,OCC:L'OCCITANE,3991,BATH & BODY,01HD075K18:SHEA SHOWER OIL 75ML,15.6,43,QAR,204,A,,3253581543016
001,020416165194,9828,TOILETRIES,1988,OCC:L'OCCITANE,3991,BATH & BODY,01HF100KC22H:SHEA CHESTNUT SHIM OIL 100ML,70,170,QAR,204,A,,3253581761373
001,020416165195,9828,TOILETRIES,1988,OCC:L'OCCITANE,4634,HAND & FOOT CARE,01HN075KG22H:SHEA GOLDEN NAIL CUT OIL 75ML,35.6,85,QAR,204,A,,3253581761793
001,020416165198,9828,TOILETRIES,1988,OCC:L'OCCITANE,4634,HAND & FOOT CARE,01MA030KC22H:SHEA CHESTNUT HAND CREAM 30ML,19.6,49,QAR,204,A,,3253581761854
001,020416165199,9828,TOILETRIES,1988,OCC:L'OCCITANE,4634,HAND & FOOT CARE,01MA030KG22H:SHEA GOLDEN LIGHT HAND CR 30ML,19.6,49,QAR,204,A,,3253581761779
001,020416165200,9828,TOILETRIES,1988,OCC:L'OCCITANE,4634,HAND & FOOT CARE,01MA150KC22H:SHEA CHESTNUT HAND CREAM 150ML,54,150,QAR,204,A,,3253581761830
001,020416165201,9828,TOILETRIES,1988,OCC:L'OCCITANE,4634,HAND & FOOT CARE,01MA150KG22H:SHEA GOLD LIGHT HAND CR 150ML,54,150,QAR,204,A,,3253581761755
001,020416165202,9828,TOILETRIES,1988,OCC:L'OCCITANE,3991,BATH & BODY,01MD200KG22H:SHEA GOLDEN SHOWER FOAM 200ML,35.6,90,QAR,204,A,,3253581761342
001,020416165203,9815,BEAUTY SET,1988,OCC:L'OCCITANE,3997,BEAUTY SET,01ORKAR22:2022 HOLIDAY SHEA ORNAMENT,27.6,50,QAR,204,A,,3253581762271
001,020416165204,9815,BEAUTY SET,1988,OCC:L'OCCITANE,3997,BEAUTY SET,10CACLA22:2022 HOLIDAY CLASSIC CALENDAR,99.6,249,QAR,204,A,,3253581762295
001,020416165205,9815,BEAUTY SET,1988,OCC:L'OCCITANE,3997,BEAUTY SET,10CAMAG22:2022 HOLIDAY PREMIUM CALENDAR,199.6,499,QAR,204,A,,3253581762257
001,020416165206,9815,BEAUTY SET,1988,OCC:L'OCCITANE,3997,BEAUTY SET,10CRAKT22:2022 HOLIDAY CRACKERS KIT,43.6,109,QAR,204,A,,3253581762806
001,020416165207,9815,BEAUTY SET,1988,OCC:L'OCCITANE,3997,BEAUTY SET,10ORMEN22:2022 HOLIDAY MEN ORNAMENT,27.6,50,QAR,204,A,,3253581762288
001,020416165208,9844,SPA,1988,OCC:L'OCCITANE,3955,AROMATHERAPY,11BO100CS22H:CS PILLOW MIST HOLIDAY 100ML,39.6,110,QAR,204,A,,3253581761724
001,020416165209,9850,HAIR CARE,1988,OCC:L'OCCITANE,4627,HAIR & SCALP TREATMENTS,11SR075P21:PURIFYING REGULAT SERUM 75ML,51.5576,135,QAR,204,A,,3253581760369
001,020416165210,9828,TOILETRIES,1988,OCC:L'OCCITANE,4634,HAND & FOOT CARE,15MA030L21:LAVANDE CREME MAINS 30ML,19.6,49,QAR,204,A,,3253581760895
001,020416165211,9828,TOILETRIES,1988,OCC:L'OCCITANE,4634,HAND & FOOT CARE,24CM030R22H:R PEAR HAND CREAM 30ML,19.6,49,QAR,204,A,,3253581761502
001,020416165212,9813,FRAGRANCES,1988,OCC:L'OCCITANE,4538,EAU DE TOILETTE,24ET050R22H:R PEAR EAU DE TOILETTE 50ML,91.6,315,QAR,204,A,,3253581761465
001,020416165213,9828,TOILETRIES,1988,OCC:L'OCCITANE,3991,BATH & BODY,24GD250R22H:R PEAR SHOWER GEL 250ML,35.6,99,QAR,204,A,,3253581761496
001,020416165215,9828,TOILETRIES,1988,OCC:L'OCCITANE,3991,BATH & BODY,24LC075CB21:CHE BLOSSOM SHIM LOTION 75ML,19.6,55,QAR,204,A,,3253581754047
001,020416165216,9828,TOILETRIES,1988,OCC:L'OCCITANE,3991,BATH & BODY,24LC250CB21:CHE BLOSSOM SHIM LOTION 250ML,61.6449,155,QAR,204,A,,3253581754030
001,020416165217,9815,BEAUTY SET,1988,OCC:L'OCCITANE,3997,BEAUTY SET,24ORCHB22:2022 HOLIDAY CHERRY ORNAMENT,27.6,50,QAR,204,A,,3253581762318
001,020416165218,9815,BEAUTY SET,1988,OCC:L'OCCITANE,3997,BEAUTY SET,29ORALM22:2022 HOLIDAY ALMOND ORNAMENT,27.6,69,QAR,204,A,,3253581762264
001,020416165219,9834,PLV,1988,OCC:L'OCCITANE,6640,PROMOTIONAL MATERIALS,49CAS1NO22:2022 HOLIDAY CASHIER OFFER 1,0,.01,QAR,204,A,,3253581862940
001,020416165220,9834,PLV,1988,OCC:L'OCCITANE,6640,PROMOTIONAL MATERIALS,49CRM3NO22:2022 HOLIDAY CRM POUCH 3,0,.01,QAR,204,A,,3253581862872
001,020416165221,9834,PLV,1988,OCC:L'OCCITANE,6640,PROMOTIONAL MATERIALS,49DISC1NO22:2022 HOLIDAY DISCOVERY POUCH 1,0,.01,QAR,204,A,,3253581862803
001,020416165222,9834,PLV,1988,OCC:L'OCCITANE,6640,PROMOTIONAL MATERIALS,49DISC2NO22:2022 HOLIDAY DISCOVERY POUCH 2,0,.01,QAR,204,A,,3253581862810
001,020416165223,9834,PLV,1988,OCC:L'OCCITANE,6640,PROMOTIONAL MATERIALS,49DISC3NO22:2022 HOLIDAY DISCOVERY POUCH 3,0,.01,QAR,204,A,,3253581862827
001,020416165224,9828,TOILETRIES,1988,OCC:L'OCCITANE,4634,HAND & FOOT CARE,49MA010CB21:CHE BLOSSOM HAND CREAM 10ML,5.2,15,QAR,204,A,,3253581754092
001,020416165225,9834,PLV,1988,OCC:L'OCCITANE,6977,WRAPPING MATERIALS,49ORALM22:2022 HOLIDAY ALMOND ORNAMENT,0,.01,QAR,204,A,,3253581863640
001,020416165226,9834,PLV,1988,OCC:L'OCCITANE,6977,WRAPPING MATERIALS,49ORCHB22:2022 HOLIDAY CHERRY ORNAMENT,0,.01,QAR,204,A,,3253581863657
001,020416165227,9834,PLV,1988,OCC:L'OCCITANE,6977,WRAPPING MATERIALS,49ORKAR22:2022 HOLIDAY SHEA ORNAMENT,0,.01,QAR,204,A,,3253581863626
001,020416165228,9834,PLV,1988,OCC:L'OCCITANE,6977,WRAPPING MATERIALS,49ORMEN22:2022 HOLIDAY MEN ORNAMENT,0,.01,QAR,204,A,,3253581863619
001,020416165229,9834,PLV,1988,OCC:L'OCCITANE,6977,WRAPPING MATERIALS,49ORVER22:2022 HOLIDAY VERBENA ORNAMENT,0,.01,QAR,204,A,,3253581863633
001,020416165230,9834,PLV,1988,OCC:L'OCCITANE,6640,PROMOTIONAL MATERIALS,49POBFNO22:2022 HOLIDAY BIGGER POUCH,0,.01,QAR,204,A,,3253581862834
001,020416165231,9834,PLV,1988,OCC:L'OCCITANE,6640,PROMOTIONAL MATERIALS,49PWPBNO22:2022 HOLIDAY PWP BOX,0,.01,QAR,204,A,,3253581863534
001,020416165232,9834,PLV,1988,OCC:L'OCCITANE,6977,WRAPPING MATERIALS,52CARDNO22:2022 HOLIDAY CARDS,0,.01,QAR,204,A,,3253581862773
001,020416165233,9834,PLV,1988,OCC:L'OCCITANE,6977,WRAPPING MATERIALS,52GIF1NO22:2022 HOLIDAY GIFT TAG 1,0,.01,QAR,204,A,,3253581862735
001,020416165234,9834,PLV,1988,OCC:L'OCCITANE,6977,WRAPPING MATERIALS,52GIF2NO22:2022 HOLIDAY GIFT TAG 2,0,.01,QAR,204,A,,3253581862742
001,020416165235,9834,PLV,1988,OCC:L'OCCITANE,6977,WRAPPING MATERIALS,52HK2NO22:2022 HOLIDAY SOS KIT,0,.01,QAR,204,A,,3253581863176
001,020416165236,9834,PLV,1988,OCC:L'OCCITANE,6977,WRAPPING MATERIALS,52HKNO22:2022 HOLIDAY HUGS & KISSES,0,.01,QAR,204,A,,3253581863183
001,020416165237,9834,PLV,1988,OCC:L'OCCITANE,6977,WRAPPING MATERIALS,52LABANO22:2022 HOLIDAY LARGE BAG,0,.01,QAR,204,A,,3253581862629
001,020416165238,9834,PLV,1988,OCC:L'OCCITANE,6977,WRAPPING MATERIALS,52LASANO22:2022 HOLIDAY LARGE SACHET,0,.01,QAR,204,A,,3253581862650
001,020416165239,9834,PLV,1988,OCC:L'OCCITANE,6977,WRAPPING MATERIALS,52LGENSA21GPS:LARGE GENERIC SACHET GPS,0,.01,QAR,204,A,,3253581864692
001,020416165240,9834,PLV,1988,OCC:L'OCCITANE,6977,WRAPPING MATERIALS,52LSHWNO22:2022 HOLIDAY REFILLABLE DUO,0,.01,QAR,204,A,,3253581863169
001,020416165241,9834,PLV,1988,OCC:L'OCCITANE,6977,WRAPPING MATERIALS,52MIBANO22:2022 HOLIDAY MINI BAG,0,.01,QAR,204,A,,3253581862643
001,020416165242,9834,PLV,1988,OCC:L'OCCITANE,6977,WRAPPING MATERIALS,52MIBONO22:2022 HOLIDAY MINI BOX,0,.01,QAR,204,A,,3253581863077
001,020416165243,9834,PLV,1988,OCC:L'OCCITANE,6977,WRAPPING MATERIALS,52MMBANO22:2022 HOLIDAY MEDIUM BAG,0,.01,QAR,204,A,,3253581864005
001,020416165244,9834,PLV,1988,OCC:L'OCCITANE,6977,WRAPPING MATERIALS,52MMBPNO22F:2022 HOLIDAY MEDIUM BOX 2F,0,.01,QAR,204,A,,3253581862988
001,020416165245,9834,PLV,1988,OCC:L'OCCITANE,6977,WRAPPING MATERIALS,52MMSANO22:2022 HOLIDAY MEDIUM SACHET,0,.01,QAR,204,A,,3253581862667
001,020416165246,9834,PLV,1988,OCC:L'OCCITANE,6977,WRAPPING MATERIALS,52QUAGD22:2022 HOLIDAY SG QUATTRO,0,.01,QAR,204,A,,3253581863145
001,020416165247,9834,PLV,1988,OCC:L'OCCITANE,6977,WRAPPING MATERIALS,52RIB2NO22:2022 HOLIDAY RIBBON 2,0,.01,QAR,204,A,,3253581862728
001,020416165248,9834,PLV,1988,OCC:L'OCCITANE,6977,WRAPPING MATERIALS,52SMB1NO22:2022 HOLIDAY SMALL BOX 1,0,.01,QAR,204,A,,3253581863084
001,020416165249,9834,PLV,1988,OCC:L'OCCITANE,6977,WRAPPING MATERIALS,52SMB2NO22:2022 HOLIDAY SMALL BOX 2,0,.01,QAR,204,A,,3253581863114
001,020416165250,9834,PLV,1988,OCC:L'OCCITANE,6977,WRAPPING MATERIALS,52SMBANO22:2022 HOLIDAY SMALL BAG,0,.01,QAR,204,A,,3253581862636
001,020416165251,9834,PLV,1988,OCC:L'OCCITANE,6977,WRAPPING MATERIALS,52SMSANO22:2022 HOLIDAY SMALL SACHET,0,.01,QAR,204,A,,3253581862674
001,020416165252,9834,PLV,1988,OCC:L'OCCITANE,6977,WRAPPING MATERIALS,52STINO22:2022 HOLIDAY NEW STICKER,0,.01,QAR,204,A,,3253581862704
001,020416165253,9834,PLV,1988,OCC:L'OCCITANE,6977,WRAPPING MATERIALS,52TRI1NO22:2022 HOLIDAY HC TRIO 1,0,.01,QAR,204,A,,3253581863121
001,020416165254,9834,PLV,1988,OCC:L'OCCITANE,6977,WRAPPING MATERIALS,52TRI2NO22:2022 HOLIDAY HC TRIO 2,0,.01,QAR,204,A,,3253581863107
001,020416165255,9834,PLV,1988,OCC:L'OCCITANE,6977,WRAPPING MATERIALS,52TRI3NO22:2022 HOLIDAY TRIO HC 3,0,.01,QAR,204,A,,3253581863091
001,020416165256,9834,PLV,1988,OCC:L'OCCITANE,6977,WRAPPING MATERIALS,52WRAPNO22:2022 HOLIDAY WRAPPING PAPER,0,.01,QAR,204,A,,3253581862698
001,020416165257,9834,PLV,1988,OCC:L'OCCITANE,4524,DISPLAY MATERIALS,54VMHOLIDAY22:VM KIT HOLIDAY 2022,0,.01,QAR,204,A,,3253581863527
001,020416165258,9834,PLV,1988,OCC:L'OCCITANE,4524,DISPLAY MATERIALS,54VMWHSHOLIDAY22:VM WHS KIT HOLIDAY 2022,0,.01,QAR,204,A,,3253581863978
001,020416165262,9828,TOILETRIES,1988,OCC:L'OCCITANE,4634,HAND & FOOT CARE,98BBTI004KA4:SHEA BUTTER REFRESH CLOTH 4ML,0,.01,QAR,204,A,,3253581763575
001,020416167766,9834,PLV,1988,OCC:L'OCCITANE,6640,PROMOTIONAL MATERIALS,SSPZ1-G:RAMADAN POUCH WITH ZIPPER,14.0001,35,QAR,204,A,,020426167766
001,020416167768,9834,PLV,1988,OCC:L'OCCITANE,6640,PROMOTIONAL MATERIALS,SSTB1-G:RAMADAN STANDARD TOTE,35.6002,89,QAR,204,A,,020426167768
001,020416167769,9834,PLV,1988,OCC:L'OCCITANE,6640,PROMOTIONAL MATERIALS,SSWSP-G:RAMADAN WOODEN SOAP DISH PINE,23.6,59,QAR,204,A,,020426167769
001,020416167770,9834,PLV,1988,OCC:L'OCCITANE,6640,PROMOTIONAL MATERIALS,SSLS1-G:RAMADAN SINGLE LOOFAH RAW WITH SLEEVE,23.6,59,QAR,204,A,,020426167770
001,020416167771,9834,PLV,1988,OCC:L'OCCITANE,6640,PROMOTIONAL MATERIALS,SSMTL-G:RAMADAN MINI TRAVEL LOOFAH,5.9999,15,QAR,204,A,,020426167771
001,020416167773,9834,PLV,1988,OCC:L'OCCITANE,6640,PROMOTIONAL MATERIALS,SSPZ1:POUCH WITH ZIPPER - SITTI,22,55,QAR,204,A,,020426167773
001,020416167774,9834,PLV,1988,OCC:L'OCCITANE,6640,PROMOTIONAL MATERIALS,SSTB1:STANDARD TOTE - SITTI,35.6,90,QAR,204,A,,020426167774
001,020414942935,9834,PLV,1988,OCC:L'OCCITANE,6640,PROMOTIONAL MATERIALS,01SHEAGWP20:JANUARY 2020 GWP,0,.01,QAR,204,A,,020424942935
001,020414942978,9815,BEAUTY SET,1988,OCC:L'OCCITANE,3997,BEAUTY SET,01DTSSET120:SHEA BUTTER DTS SET 1 2020,51.6,135,QAR,204,A,,020424942978
001,020414942979,9828,TOILETRIES,1988,OCC:L'OCCITANE,6749,SET,01DTSSET220:SHEA BUTTER DTS SET 2 2020,55.6,139,QAR,204,A,,020424942979
001,020414942980,9815,BEAUTY SET,1988,OCC:L'OCCITANE,3997,BEAUTY SET,24ROSSET20:ROSE SET 2020,175.6021,439,QAR,204,A,,020424942980
001,020414942981,9828,TOILETRIES,1988,OCC:L'OCCITANE,6749,SET,24ROSTRHC20:ROSE TRIO HAND CREAM 2020,47.6,119,QAR,204,A,,020424942981
001,020414954614,9834,PLV,1988,OCC:L'OCCITANE,6977,WRAPPING MATERIALS,49BOGMN20:2020 MEN LARGE BOX,0,.01,QAR,204,A,,3253581680070
001,020414954616,9834,PLV,1988,OCC:L'OCCITANE,6640,PROMOTIONAL MATERIALS,49PO1MA20:2020 MAKE-UP POUCH 1,0,.01,QAR,204,A,,3253581667729
001,020414954617,9834,PLV,1988,OCC:L'OCCITANE,6640,PROMOTIONAL MATERIALS,49PO2HER20:2020 HERBAE POUCH 2,0,.01,QAR,204,A,,3253581681411
001,020414954618,9834,PLV,1988,OCC:L'OCCITANE,6640,PROMOTIONAL MATERIALS,49POCB20:2020 CHERRY BLOSSOM POUCH,0,.01,QAR,204,A,,3253581663134
001,020414954619,9834,PLV,1988,OCC:L'OCCITANE,6640,PROMOTIONAL MATERIALS,49POUM20:2020 MDAY POUCH,0,.01,QAR,204,A,,3253581688144
001,020414954620,9834,PLV,1988,OCC:L'OCCITANE,6640,PROMOTIONAL MATERIALS,52BLOTAMBR19:AMBRE  BLOTTER 19 – SET OF 300,0,.01,QAR,204,C,,3253581699621
001,020414954621,9834,PLV,1988,OCC:L'OCCITANE,6640,PROMOTIONAL MATERIALS,52BLOTARL19:ARLESIENNE BLOTTER19– SET 300,0,.01,QAR,204,C,,3253581699607
001,020414954622,9834,PLV,1988,OCC:L'OCCITANE,6640,PROMOTIONAL MATERIALS,52BLOTCHBL19:CH BLOSS BLOTTER 19-SET OF 300,0,.01,QAR,204,C,,3253581699546
001,020414954623,9834,PLV,1988,OCC:L'OCCITANE,6640,PROMOTIONAL MATERIALS,52BLOTEAUD19:EAU D'IPA BLOTTER 19 – SET 300,0,.01,QAR,204,C,,3253581699638
001,020414954624,9834,PLV,1988,OCC:L'OCCITANE,6640,PROMOTIONAL MATERIALS,52BLOTGEN19:GEN SQUAR BLOTTER19–SET OF 300,0,.01,QAR,204,C,,3253581699416
001,020414954625,9834,PLV,1988,OCC:L'OCCITANE,6640,PROMOTIONAL MATERIALS,52BLOTHERE19:HERBAE EAU BLOTT19–SET OF 300,0,.01,QAR,204,C,,3253581699409
001,020414954626,9834,PLV,1988,OCC:L'OCCITANE,4524,DISPLAY MATERIALS,52BLOTHOL19:SQUAR BLOTTER HOLDER -SET OF 5,0,.01,QAR,204,C,,3253581699669
001,020414954627,9834,PLV,1988,OCC:L'OCCITANE,6640,PROMOTIONAL MATERIALS,52BLOTNEOR19:N & O  BLOTTER 19  –SET OF 300,0,.01,QAR,204,C,,3253581699584
001,020414954628,9834,PLV,1988,OCC:L'OCCITANE,6640,PROMOTIONAL MATERIALS,52BLOTROSE19:ROSE  BLOTTER 19  – SET OF 300,0,.01,QAR,204,C,,3253581699560
001,020414954629,9834,PLV,1988,OCC:L'OCCITANE,6640,PROMOTIONAL MATERIALS,52BLOTTDLE19:TDL EAU BLOTTER19 – SET OF 300,0,.01,QAR,204,C,,3253581699577
001,020414954630,9834,PLV,1988,OCC:L'OCCITANE,6640,PROMOTIONAL MATERIALS,52BLOTTDLI19:TDL INTENSE BLOTTER19 – SET300,0,.01,QAR,204,C,,3253581699652
001,020414954631,9834,PLV,1988,OCC:L'OCCITANE,6640,PROMOTIONAL MATERIALS,52BLOTVERB19:VERBENA BLOTTER19 - SET OF 300,0,.01,QAR,204,C,,3253581699539
001,020414954632,9834,PLV,1988,OCC:L'OCCITANE,6640,PROMOTIONAL MATERIALS,52BLOTVERC19:VERB CIT BLOTTER19– SET OF 300,0,.01,QAR,204,C,,3253581699386
001,020414954633,9834,PLV,1988,OCC:L'OCCITANE,6977,WRAPPING MATERIALS,52BOXMA20:2020 MAKE-UP DUO BOX,0,.01,QAR,204,C,,3253581667743
001,020414954634,9834,PLV,1988,OCC:L'OCCITANE,4524,DISPLAY MATERIALS,52DISBALM20:SOLIDARITY BALM DISPLAYER 20,0,.01,QAR,204,C,,3253581674338
001,020414954635,9834,PLV,1988,OCC:L'OCCITANE,6977,WRAPPING MATERIALS,52KM1M20:2020 MDAY KIT MUM MOOD 1,0,.01,QAR,204,A,,3253581688250
001,020414954636,9834,PLV,1988,OCC:L'OCCITANE,6977,WRAPPING MATERIALS,52KM2M20:2020 MDAY KIT MUM MOOD 2,0,.01,QAR,204,A,,3253581688267
001,020414954637,9834,PLV,1988,OCC:L'OCCITANE,6977,WRAPPING MATERIALS,52KM3M20:2020 MDAY KIT MUM MOOD 3,0,.01,QAR,204,A,,3253581688274
001,020414954638,9834,PLV,1988,OCC:L'OCCITANE,4524,DISPLAY MATERIALS,52KT10PCO18:KIT DE 10 PORTE-COFFRET,0,.01,QAR,204,C,,3253581586716
001,020414954639,9834,PLV,1988,OCC:L'OCCITANE,6757,SHOPPING BAGS,52LGEBAG19:LARGE GENERIC BAG 2019,0,.01,QAR,204,C,,3253581679449
001,020414954640,9834,PLV,1988,OCC:L'OCCITANE,6722,SAMPLES,52LH006KB19:SHEA BABY MOIST MILK 6ML,0,.01,QAR,204,C,,3253581660454
001,020414954641,9834,PLV,1988,OCC:L'OCCITANE,6957,UNIFORMS,52MCOLM18:SET OF 2 2018 MEN COLLAR M,0,.01,QAR,204,C,,3253581521977
001,020414954642,9834,PLV,1988,OCC:L'OCCITANE,4524,DISPLAY MATERIALS,52PPLVA518:A5 SIGN HOLDER,0,.01,QAR,204,C,,3253581657553
001,020414954643,9834,PLV,1988,OCC:L'OCCITANE,6977,WRAPPING MATERIALS,52QSOM20:2020 MDAY SOAP QUATUOR,0,.01,QAR,204,A,,3253581688137
001,020414954644,9834,PLV,1988,OCC:L'OCCITANE,6977,WRAPPING MATERIALS,52TBOM20:2020 MDAY TRILOGY BOX 1,0,.01,QAR,204,A,,3253581688205
001,020414954645,9834,PLV,1988,OCC:L'OCCITANE,6977,WRAPPING MATERIALS,52TCMM20:2020 MDAY EMPTY HC TRIO,0,.01,QAR,204,A,,3253581688083
001,020414954646,9834,PLV,1988,OCC:L'OCCITANE,6977,WRAPPING MATERIALS,52TIS1M20:2020 MDAY TRILOGY BOX 2,0,.01,QAR,204,A,,3253581688212
001,020414954647,9834,PLV,1988,OCC:L'OCCITANE,6977,WRAPPING MATERIALS,52TIS2M20:2020 MDAY TRILOGY BOX 3,0,.01,QAR,204,A,,3253581688229
001,020414954648,9834,PLV,1988,OCC:L'OCCITANE,4524,DISPLAY MATERIALS,52TKHERB20:TABLE KIT HERBAE 20,0,.01,QAR,204,C,,3253581681558
001,020414954649,9834,PLV,1988,OCC:L'OCCITANE,6957,UNIFORMS,52WCOLL18:SET OF 2 2018 WOMEN COLLAR L,0,.01,QAR,204,C,,3253581521915
001,020414954650,9834,PLV,1988,OCC:L'OCCITANE,6957,UNIFORMS,52WCOLM18:SET OF 2 2018 WOMEN COLLAR M,0,.01,QAR,204,C,,3253581521908
001,020414954651,9834,PLV,1988,OCC:L'OCCITANE,6957,UNIFORMS,52WCOLS18:SET OF 2 2018 WOMEN COLLAR S,0,.01,QAR,204,C,,3253581521892
001,020414954652,9834,PLV,1988,OCC:L'OCCITANE,6957,UNIFORMS,52WCOLXXL18:SET OF 2 2018 WOMEN COLLAR XXL,0,.01,QAR,204,C,,3253581521939
001,020414954653,9834,PLV,1988,OCC:L'OCCITANE,4524,DISPLAY MATERIALS,54WKHERB20:WINDOW KIT HERBAE 20,0,.01,QAR,204,C,,3253581681527
001,020414954654,9834,PLV,1988,OCC:L'OCCITANE,4524,DISPLAY MATERIALS,54WTPHERB20:WINDOW TABLE PAPER HERBAE 20,0,.01,QAR,204,C,,3253581681534
001,020414954676,9834,PLV,1988,OCC:L'OCCITANE,6640,PROMOTIONAL MATERIALS,49RAGWP20:RAMADAN 2020 GWP KIT,0,.01,QAR,204,C,,020424954676
001,020414954678,9834,PLV,1988,OCC:L'OCCITANE,6640,PROMOTIONAL MATERIALS,49POCYA20:YALDA POUCH 2020,0,.01,QAR,204,A,,020424954678
001,020414954679,9834,PLV,1988,OCC:L'OCCITANE,6977,WRAPPING MATERIALS,52YASLE20:YALDA 2020 SLEEVES,0,.01,QAR,204,A,,020424954679
001,020414981636,9828,TOILETRIES,1988,OCC:L'OCCITANE,3991,BATH & BODY,11CP250A20:COLL 86 ME - BODY CREAM AMBER,79.6,199,QAR,204,A,,3253581661192
001,020414981637,9828,TOILETRIES,1988,OCC:L'OCCITANE,3991,BATH & BODY,11CP250M20:COLL 86 ME - BODY CREAM MUSK,79.6,199,QAR,204,A,,3253581661208
001,020414981638,9828,TOILETRIES,1988,OCC:L'OCCITANE,3991,BATH & BODY,11CP250O20:COLL 86 ME - BODY CREAM OUD,79.6,199,QAR,204,A,,3253581661536
001,020414981639,9813,FRAGRANCES,1988,OCC:L'OCCITANE,4536,EAU DE PARFUM,11EP090A20:FRAGRANCE 86 ME - EDP AMBER,199.6,550,QAR,204,A,,3253581661161
001,020414981640,9813,FRAGRANCES,1988,OCC:L'OCCITANE,4536,EAU DE PARFUM,11EP090M20:FRAGRANCE 86 ME - EDP MUSK,199.6,550,QAR,204,A,,3253581661178
001,020414981641,9813,FRAGRANCES,1988,OCC:L'OCCITANE,4536,EAU DE PARFUM,11EP090O20:FRAGRANCE 86 ME - EDP OUD,199.6,550,QAR,204,A,,3253581661185
001,020414981643,9828,TOILETRIES,1988,OCC:L'OCCITANE,3991,BATH & BODY,11HD245A20:COLL 86 ME - SHOWER OIL AMBER,43.9943,130,QAR,204,A,,3253581661543
001,020414981644,9828,TOILETRIES,1988,OCC:L'OCCITANE,3991,BATH & BODY,11HD245M20:COLL 86 ME - SHOWER OIL MUSK,43.99,130,QAR,204,A,,3253581661550
001,020414981645,9828,TOILETRIES,1988,OCC:L'OCCITANE,3991,BATH & BODY,11HD245O20:COLL 86 ME - SHOWER OIL OUD,43.6,110,QAR,204,A,,3253581661154
001,020414981646,9844,SPA,1988,OCC:L'OCCITANE,5966,MASSAGE,11PSR100T20:RELAXING MASSAGE OIL 100ML,67.8145,170,QAR,204,A,,3253581680858
001,020414981647,9828,TOILETRIES,1988,OCC:L'OCCITANE,3991,BATH & BODY,11SBB060T20:BATH SALTS AROMACHO BODY 60G,19.6,49,QAR,204,A,,3253581680872
001,020414981649,9828,TOILETRIES,1988,OCC:L'OCCITANE,3991,BATH & BODY,12HD245NO20:NO SHOWER OIL 245ML,43.6,109,QAR,204,A,,3253581713013
001,020414981650,9828,TOILETRIES,1988,OCC:L'OCCITANE,3991,BATH & BODY,12LC050NO1:NEROLI ORCHID BODY MILK 50ML,19.5999,49,QAR,204,A,,3253581460443
001,020414981651,9828,TOILETRIES,1988,OCC:L'OCCITANE,3991,BATH & BODY,18GD050TL17ET:TDL L'EAU GENTLE SG 050ML,10,35,QAR,204,A,,3253581504260
001,020414981652,9828,TOILETRIES,1988,OCC:L'OCCITANE,3991,BATH & BODY,18LC050TL17ET:TDL LEAU BL 50ML,19.5999,49,QAR,204,A,,3253581504239
001,020414981653,9801,SKINCARE,1988,OCC:L'OCCITANE,4552,EYE CREAMS,27ER015I20:IMM RESET EYE SERUM 15ML,110,295,QAR,204,A,,3253581679777
001,020414981654,9801,SKINCARE,1988,OCC:L'OCCITANE,4344,CLEANSERS,27MI150I20:IMM PREC INTENSE FOAM 150ML,55.6,135,QAR,204,A,,3253581590072
001,020414981655,9801,SKINCARE,1988,OCC:L'OCCITANE,4344,CLEANSERS,27MP150I20:IMM PREC CLEANSING FOAM 150ML,51.6,135,QAR,204,A,,3253581590041
001,020414981656,9850,HAIR CARE,1988,OCC:L'OCCITANE,3903,AFTER SHAMPOO,29ASH075A20:ALMOND CONDITIONER 75ML,19.6,43,QAR,204,A,,3253581681480
001,020414981657,9850,HAIR CARE,1988,OCC:L'OCCITANE,3903,AFTER SHAMPOO,29ASH240A20:ALMOND CONDITIONER 240ML,38,90,QAR,204,A,,3253581681510
001,020414981658,9828,TOILETRIES,1988,OCC:L'OCCITANE,3991,BATH & BODY,29GC015A20:AMD CRUNCHY MUESLI SCRUB 15G,11.5999,20,QAR,204,A,,3253581687062
001,020414981659,9850,HAIR CARE,1988,OCC:L'OCCITANE,6753,SHAMPOO,29SH075A20:ALMOND SHAMPOO 75ML,11.6143,35,QAR,204,A,,3253581681473
001,020414981660,9850,HAIR CARE,1988,OCC:L'OCCITANE,6753,SHAMPOO,29SH240A20:ALMOND SHAMPOO 240ML,30,90,QAR,204,A,,3253581681503
001,020414981661,9844,SPA,1988,OCC:L'OCCITANE,3955,AROMATHERAPY,49BO015CS19:CS RELAXING PILLOW MIST 15ML,0,20,QAR,204,A,,3253581657515
001,020414981662,9834,PLV,1988,OCC:L'OCCITANE,6640,PROMOTIONAL MATERIALS,49BOWAM20:2020 BOWL,18.8391,9.18,QAR,204,A,,3253581680346
001,020414981663,9801,SKINCARE,1988,OCC:L'OCCITANE,4508,DAY CREAMS,49DC004I18:GWP DIVINE CREAM 4ML,0,49,QAR,204,A,,3253581549285
001,020414981664,9828,TOILETRIES,1988,OCC:L'OCCITANE,4634,HAND & FOOT CARE,49PI010K18:SHEA BUTTER FOOT CREAM 10ML,4.95,15,QAR,204,A,,3253581575222
001,020414981665,9834,PLV,1988,OCC:L'OCCITANE,6640,PROMOTIONAL MATERIALS,49POUAM20:2020 ALMOND POUCH,4.0632,1.98,QAR,204,A,,3253581680421
001,020414981666,9834,PLV,1988,OCC:L'OCCITANE,6640,PROMOTIONAL MATERIALS,49POURS20:2020 RESET POUCH,6.2133,2.88,QAR,204,A,,3253581680124
001,020414981668,9834,PLV,1988,OCC:L'OCCITANE,6640,PROMOTIONAL MATERIALS,52MOUAMB19:KIT 300 BLOTTERS AMBER ALMOND,0,.01,QAR,204,A,,3253581699515
001,020414981669,9834,PLV,1988,OCC:L'OCCITANE,6640,PROMOTIONAL MATERIALS,52MOUMUS19:KIT 300 BLOTTERS MUSK ROSE,0,.01,QAR,204,A,,3253581699508
001,020414981670,9834,PLV,1988,OCC:L'OCCITANE,6640,PROMOTIONAL MATERIALS,52MOUOUD19:KIT 300 BLOTTERS OUD PRALINE,0,.01,QAR,204,A,,3253581699522
001,020414981671,9834,PLV,1988,OCC:L'OCCITANE,4524,DISPLAY MATERIALS,52TESTAMB19:TESTING TOOL AMBER ALMOND,0,.01,QAR,204,C,,3253581699485
001,020414981673,9834,PLV,1988,OCC:L'OCCITANE,4524,DISPLAY MATERIALS,52TESTMUS19:TESTING TOOL MUSK ROSE,0,.01,QAR,204,C,,3253581699478
001,020414981674,9834,PLV,1988,OCC:L'OCCITANE,4524,DISPLAY MATERIALS,52TESTOUD19:TESTING TOOL OUD PRALINE,0,.01,QAR,204,C,,3253581699492
001,020414981675,9834,PLV,1988,OCC:L'OCCITANE,4524,DISPLAY MATERIALS,52WKALM20:TABLE KIT ALMOND 20,0,.01,QAR,204,C,,3253581680476
001,020414981676,9834,PLV,1988,OCC:L'OCCITANE,4524,DISPLAY MATERIALS,54WKALM20:WINDOW KIT ALMOND 20,0,.01,QAR,204,C,,3253581680452
001,020414986079,9828,TOILETRIES,1988,OCC:L'OCCITANE,3991,BATH & BODY,29GC150A20:ALM CRUNCHY MUESLI SCRUB 150G,39.6,99,QAR,204,A,,3253581681497
001,020414986675,9828,TOILETRIES,1988,OCC:L'OCCITANE,4634,HAND & FOOT CARE,30MA030TV20:GREEN TEA HAND CREAM 30ML,19.6,49,QAR,204,A,,3253581681183
001,020414987389,9834,PLV,1988,OCC:L'OCCITANE,6640,PROMOTIONAL MATERIALS,24CBGWP20:CHERRY BLOOSOM 2020 GWP,0,.01,QAR,204,A,,020424987389
001,020414987390,9815,BEAUTY SET,1988,OCC:L'OCCITANE,3997,BEAUTY SET,20DSETBX20:BAUX DISCOVERY SET 2020,59.6,149,QAR,204,A,,020424987390
001,020414987391,9815,BEAUTY SET,1988,OCC:L'OCCITANE,3997,BEAUTY SET,20DSETHC20:CAP CEDRAT DISCOVERY SET 2020,59.6,149,QAR,204,A,,020424987391
001,020414987392,9815,BEAUTY SET,1988,OCC:L'OCCITANE,3997,BEAUTY SET,20DSETO20:L'OCCITAN DISCOVERY SET 2020,59.6,149,QAR,204,A,,020424987392
001,020414990902,9834,PLV,1988,OCC:L'OCCITANE,6977,WRAPPING MATERIALS,80RCBOX20:RAMADAN CALENDAR 2020 BOX,0,.01,QAR,204,A,,020424990902
001,020414990904,9834,PLV,1988,OCC:L'OCCITANE,6977,WRAPPING MATERIALS,80ABOX20:86 INTENSE AMBER BOX,13.9997,7.68,QAR,204,A,,020424990904
001,020414990905,9834,PLV,1988,OCC:L'OCCITANE,6977,WRAPPING MATERIALS,80MBOX20:86 INTENSE MUSK BOX,13.9997,7.68,QAR,204,A,,020424990905
001,020414990906,9834,PLV,1988,OCC:L'OCCITANE,6977,WRAPPING MATERIALS,80OBOX20:86 INTENSE OUD BOX,13.9997,7.68,QAR,204,A,,020424990906
001,020414990908,9815,BEAUTY SET,1988,OCC:L'OCCITANE,3997,BEAUTY SET,01SBVS20:SHEA BUTTER BODY CARE SET 2020,216.6258,541.9,QAR,204,A,,020424990908
001,020414800200,9828,TOILETRIES,1988,OCC:L'OCCITANE,4634,HAND & FOOT CARE,01SL500VE20:SHEA VERBENA LIQUID SOAP 500ML,53.5727,135,QAR,204,A,,3253581662663
001,020414800202,9828,TOILETRIES,1988,OCC:L'OCCITANE,4634,HAND & FOOT CARE,01RV500K20:SHEA VER LIQ SOAP EC REF 500ML,35.6,110,QAR,204,A,,3253581662717
001,020414800203,9834,PLV,1988,OCC:L'OCCITANE,6757,SHOPPING BAGS,52SGEBAG19:SMALL GENERIC BAG 2019,0,.01,QAR,204,A,,3253581679463
001,020414800204,9813,FRAGRANCES,1988,OCC:L'OCCITANE,4536,EAU DE PARFUM,11EP090FR18:FIG & ROSE,179.6,499,QAR,204,A,,3253581566527
001,020414800692,9834,PLV,1988,OCC:L'OCCITANE,6640,PROMOTIONAL MATERIALS,84LTOWL20:BLUE TOWEL SMALL,0,.01,QAR,204,C,,020424800692
001,020414800694,9834,PLV,1988,OCC:L'OCCITANE,6640,PROMOTIONAL MATERIALS,84STOWL20:BLUE TOWEL MEDIUM,0,.01,QAR,204,C,,020424800694
001,020414803891,9850,HAIR CARE,1988,OCC:L'OCCITANE,3903,AFTER SHAMPOO,98BBAS075VE2:VERBENA CONDITIONER 75ML,2.7417,1.24,QAR,204,A,,3253581586587
001,020414817464,9828,TOILETRIES,1988,OCC:L'OCCITANE,3991,BATH & BODY,11SP200CS19:CS RELAXING SOAP 200G,26,65,QAR,204,A,,3253581657386
001,020414817466,9850,HAIR CARE,1988,OCC:L'OCCITANE,4627,HAIR & SCALP TREATMENTS,17MM050F19:MULTI-MASK SPLIT ENDS 50ML,9.6338,60,QAR,204,A,,3253581660447
001,020414817467,9850,HAIR CARE,1988,OCC:L'OCCITANE,4627,HAIR & SCALP TREATMENTS,17MM050B19:MULTI-MASK SHINE 50ML,9.7135,60,QAR,204,A,,3253581660461
001,020414817468,9850,HAIR CARE,1988,OCC:L'OCCITANE,4627,HAIR & SCALP TREATMENTS,17MM050H19:MULTI-MASK HYDRATION 50ML,10.7081,60,QAR,204,A,,3253581657713
001,020414817470,9842,MAKE UP,1988,OCC:L'OCCITANE,5648,LIPS,11LG030010M20:DELICIOUS LIP OIL - CORA,20.8929,65,QAR,204,A,,3253581667095
001,020414817471,9842,MAKE UP,1988,OCC:L'OCCITANE,5648,LIPS,11GH010F20:DELICIOUS LIP OIL 03 PINK,21.84,65,QAR,204,A,,3253581662595
001,020414817473,9842,MAKE UP,1988,OCC:L'OCCITANE,5648,LIPS,11LSPL003F20:INTENSE FRUITY LIPSTICK -03 PL,26.7,89,QAR,204,A,,3253581662571
001,020414817476,9834,PLV,1988,OCC:L'OCCITANE,6622,PRINTED MATERIALS,49BOOKNO19:2019 HOLIDAY BOOK,0,.01,QAR,204,C,,3253581661475
001,020414817477,9834,PLV,1988,OCC:L'OCCITANE,4523,DISPLAY FURNITURE,55HOETCAIS:1500X100MM CASHIER SHELF,0,.01,QAR,204,C,,3253581507674
001,020414817479,9834,PLV,1988,OCC:L'OCCITANE,4524,DISPLAY MATERIALS,52K20BIM19:SET 20 IMMORTELLE BUNCHES 19,0,.01,QAR,204,C,,3253581699430
001,020414817480,9828,TOILETRIES,1988,OCC:L'OCCITANE,4634,HAND & FOOT CARE,01PI150K18:SHEA BUTTER FOOT CREAM 150ML,54.7778,150,QAR,204,A,,3253581575253
001,020414817481,9828,TOILETRIES,1988,OCC:L'OCCITANE,4634,HAND & FOOT CARE,01MA150K18:SHEA HAND CREAM 150ML,53.994,150,QAR,204,A,,3253581597705
001,020414817483,9801,SKINCARE,1988,OCC:L'OCCITANE,4562,FACE MASK & PEELS & TREATMENTS,38SM025A19:INSTANT ILLUMINATING MASK,14,49,QAR,204,A,,3253581679951
001,020414817484,9828,TOILETRIES,1988,OCC:L'OCCITANE,4634,HAND & FOOT CARE,01PI030K18:SHEA BUTTER FOOT CREAM 30ML,19.6,49,QAR,204,A,,3253581575154
001,020414870149,9828,TOILETRIES,1988,OCC:L'OCCITANE,6749,SET,01SHBVS219:SHEA BUTTER BODY SET 2019 V2,211.6,541.9,QAR,204,A,,020424870149
001,020414871403,9828,TOILETRIES,1988,OCC:L'OCCITANE,3991,BATH & BODY,01CM300K20:SHEA UR HAND BODY WASH 300ML,30,90,QAR,204,A,,3253581662670
001,020414871404,9828,TOILETRIES,1988,OCC:L'OCCITANE,4634,HAND & FOOT CARE,01CM500K20:KAR MOUSSE MAIN CORPS UR 500ML,46,135,QAR,204,A,,3253581662762
001,020414871405,9828,TOILETRIES,1988,OCC:L'OCCITANE,4634,HAND & FOOT CARE,01CMR500K20:SHEA HAN BOD WASH EC REF 500ML,43.3333,110,QAR,204,A,,3253581662724
001,020414871406,9828,TOILETRIES,1988,OCC:L'OCCITANE,3991,BATH & BODY,01CP050K20DTS:SHEA CURC DTS COLOR 50ML,22.0001,55,QAR,204,A,,3253581663189
001,020414871408,9828,TOILETRIES,1988,OCC:L'OCCITANE,3991,BATH & BODY,01LC500K20:SHEA RICH BODY LOTION 500ML,95.6,250,QAR,204,A,,3253581662786
001,020414871409,9828,TOILETRIES,1988,OCC:L'OCCITANE,3991,BATH & BODY,01LT300K20:SHEA HAND BODY LOTION 300ML,50,155,QAR,204,A,,3253581662649
001,020414871410,9828,TOILETRIES,1988,OCC:L'OCCITANE,3991,BATH & BODY,01LTV300K20:SHEA VER HAND BOD LOTION 300ML,50,155,QAR,204,A,,3253581662779
001,020414871411,9828,TOILETRIES,1988,OCC:L'OCCITANE,4634,HAND & FOOT CARE,01MA030K20DTS:SHEA HAND CREAM DTS COLOR 30ML,19.6,49,QAR,204,A,,3253581662922
001,020414871413,9828,TOILETRIES,1988,OCC:L'OCCITANE,4634,HAND & FOOT CARE,01MV030K20DTS:SHEA VIOLET HC DTS COLOR 30ML,19.6,49,QAR,204,A,,3253581663165
001,020414871414,9828,TOILETRIES,1988,OCC:L'OCCITANE,3991,BATH & BODY,01PR015R19:PETIT REMEDY 15GR,23.6,60,QAR,204,A,,3253581660492
001,020414871415,9828,TOILETRIES,1988,OCC:L'OCCITANE,3991,BATH & BODY,01PR100R19:LITTLE REMEDY 100GR,75.5984,199,QAR,204,A,,3253581660508
001,020414871416,9828,TOILETRIES,1988,OCC:L'OCCITANE,4634,HAND & FOOT CARE,01RL500K20:SHEA LAV LIQ SOAP EC REF 500ML,35.6,110,QAR,204,A,,3253581662700
001,020414871417,9828,TOILETRIES,1988,OCC:L'OCCITANE,3991,BATH & BODY,01SA100LT20DTS:SHEA SOAP DTS COL 100G RSPO SG,10,35,QAR,204,A,,3253581662892
001,020414871419,9828,TOILETRIES,1988,OCC:L'OCCITANE,4634,HAND & FOOT CARE,01SL300LV20:SHEA LAVEND LIQUID SOAP 300ML,30,90,QAR,204,A,,3253581662618
001,020414871421,9828,TOILETRIES,1988,OCC:L'OCCITANE,4634,HAND & FOOT CARE,01SL300VE20:SHEA VERBENA LIQUID SOAP 300ML,30,90,QAR,204,A,,3253581662625
001,020414871422,9828,TOILETRIES,1988,OCC:L'OCCITANE,4634,HAND & FOOT CARE,01SL500LV20:SHEA LAVEND LIQUID SOAP 500ML,54,135,QAR,204,A,,3253581662656
001,020414871423,9828,TOILETRIES,1988,OCC:L'OCCITANE,3991,BATH & BODY,01SS050K20:SOLIDARITY SOAP 2020 50GR,17.4,30,QAR,204,A,,3253581674260
001,020414871424,9828,TOILETRIES,1988,OCC:L'OCCITANE,4634,HAND & FOOT CARE,29MAV075A19:ALMOND VELVET HANDS 75ML,43.6,99,QAR,204,A,,3253581590232
001,020414871426,9834,PLV,1988,OCC:L'OCCITANE,6640,PROMOTIONAL MATERIALS,49NOTKJ20:2020 SHEA NOTEBOOK,0,.01,QAR,204,C,,3253581667293
001,020414871427,9834,PLV,1988,OCC:L'OCCITANE,6640,PROMOTIONAL MATERIALS,49PBLKJ20:2020 SHEA BLUE PEN,0,.01,QAR,204,A,,3253581667248
001,020414871428,9834,PLV,1988,OCC:L'OCCITANE,6640,PROMOTIONAL MATERIALS,49PGRKJ20:2020 SHEA GREEN PEN,0,.01,QAR,204,A,,3253581667255
001,020414871429,9834,PLV,1988,OCC:L'OCCITANE,6640,PROMOTIONAL MATERIALS,49PPIKJ20:2020 SHEA PINK PEN,0,.01,QAR,204,A,,3253581667262
001,020414871430,9834,PLV,1988,OCC:L'OCCITANE,4524,DISPLAY MATERIALS,52BOXSOAP20:SOLIDARITY SOAP BOX 20,0,.01,QAR,204,C,,3253581674321
001,020414871431,9834,PLV,1988,OCC:L'OCCITANE,6977,WRAPPING MATERIALS,52CBOKJ20:2020 SHEA TRIO BOX,0,.01,QAR,204,A,,3253581667286
001,020414871432,9834,PLV,1988,OCC:L'OCCITANE,4524,DISPLAY MATERIALS,52KITLPTXMAS19:KIT XMAS 19 TPP UNIT,0,.01,QAR,204,C,,3253581597835
001,020414871433,9834,PLV,1988,OCC:L'OCCITANE,6977,WRAPPING MATERIALS,52TBOKJ20:2020 SHEA SMALL BOX,0,.01,QAR,204,A,,3253581667279
001,020414871434,9834,PLV,1988,OCC:L'OCCITANE,4524,DISPLAY MATERIALS,52TKSHEA20:TABLE KIT SHEA 20,0,.01,QAR,204,C,,3253581662328
001,020414871435,9834,PLV,1988,OCC:L'OCCITANE,4524,DISPLAY MATERIALS,54EKSHEA20:EXTENSION KIT SHEA 20,0,.01,QAR,204,C,,3253581662311
001,020414871436,9834,PLV,1988,OCC:L'OCCITANE,4524,DISPLAY MATERIALS,54WKSHEA20:WINDOW KIT SHEA 20,0,.01,QAR,204,C,,3253581662304
001,020414871437,9834,PLV,1988,OCC:L'OCCITANE,4524,DISPLAY MATERIALS,55HOTVI12S:1200 MM WINDOW TABLE WITH LED,0,.01,QAR,204,C,,3253581507704
001,020414937367,9813,FRAGRANCES,1988,OCC:L'OCCITANE,4538,EAU DE TOILETTE,20ET075CD20:EAU DE TOILETTE CEDRAT 75ML,107.6,315,QAR,204,A,,3253581667163
001,020414937368,9828,TOILETRIES,1988,OCC:L'OCCITANE,4512,DEODORANTS & ANTIPERSPIRANTS,20DO130HC20:CAP CEDRAT DEO SPRAY 130ML,38,99,QAR,204,A,,3253581667170
001,020414937369,9813,FRAGRANCES,1988,OCC:L'OCCITANE,4538,EAU DE TOILETTE,20ET075OC20:EAU DE TOILETTE OCCITAN 75ML,99.6,315,QAR,204,A,,3253581663325
001,020414937370,9813,FRAGRANCES,1988,OCC:L'OCCITANE,4538,EAU DE TOILETTE,20ET075BX20:EAU DE TOILETTE BAUX 75ML,117.515,315,QAR,204,A,,3253581663349
001,020414937371,9813,FRAGRANCES,1988,OCC:L'OCCITANE,4538,EAU DE TOILETTE,20ET075HC20:CAP CEDRAT EDT 75ML,107.6,315,QAR,204,A,,3253581662038
001,020414937372,9813,FRAGRANCES,1988,OCC:L'OCCITANE,4538,EAU DE TOILETTE,11ET050H20:HERBAE L'EAU EDT 50ML,119.6,330,QAR,204,A,,3253581687130
001,020414937373,9801,SKINCARE,1988,OCC:L'OCCITANE,6744,SERUM,27OR030I19:IMM OVERNIGHT RESET SERUM 30ML,119.6,330,QAR,204,A,,3253581656969
001,020414937374,9801,SKINCARE,1988,OCC:L'OCCITANE,4508,DAY CREAMS,27CPS050I19:IMM PREC CREAM SPF 50ML,119.6,310,QAR,204,A,,3253581582848
001,020414937375,9828,TOILETRIES,1988,OCC:L'OCCITANE,3991,BATH & BODY,24LC075C20:CHERRY 2020 BODY MILK 75ML,19.5999,49,QAR,204,A,,3253581662854
001,020414937377,9828,TOILETRIES,1988,OCC:L'OCCITANE,3991,BATH & BODY,24GD075C20:CHERRY 2020 SHOWER GEL 75ML,10,35,QAR,204,A,,3253581662847
001,020414937378,9828,TOILETRIES,1988,OCC:L'OCCITANE,4634,HAND & FOOT CARE,24CM030C20:CHERRY 2020 HAND CREAM 30ML,19.6,49,QAR,204,A,,3253581662830
001,020414937379,9801,SKINCARE,1988,OCC:L'OCCITANE,4562,FACE MASK & PEELS & TREATMENTS,11EMR075I20:3 IN 1 REVITALIZING MASK 75ML,67.6,160,QAR,204,A,,3253581667408
001,020414937380,9801,SKINCARE,1988,OCC:L'OCCITANE,4562,FACE MASK & PEELS & TREATMENTS,11EMR006I20:3 IN 1 REVITALIZING MASK 6ML,11.6,30,QAR,204,A,,3253581667415
001,020414937381,9842,MAKE UP,1988,OCC:L'OCCITANE,5648,LIPS,11LPI010028M20:INTENSE FRUITY LIPSTICK -01 LI,35.6,89,QAR,204,A,,3253581667422
001,020414937382,9842,MAKE UP,1988,OCC:L'OCCITANE,5648,LIPS,11LG020010M20:DELICIOUS LIP OIL BEIGE,26,65,QAR,204,A,,3253581667088
001,020414937384,9834,PLV,1988,OCC:L'OCCITANE,6722,SAMPLES,27TS001I20:RESET EYE SERUM 1ML,0,.01,QAR,204,A,,3253581660409
001,020414937385,9828,TOILETRIES,1988,OCC:L'OCCITANE,6754,SHAVING,20SB100H20:SHAVING SOAP 100G,31.6012,80,QAR,204,A,,3253581679944
001,020414937386,9801,SKINCARE,1988,OCC:L'OCCITANE,4344,CLEANSERS,20NV150H20:DAILY EXFO CLEANSER 150ML,35.6,110,QAR,204,A,,3253581679906
001,020414937387,9801,SKINCARE,1988,OCC:L'OCCITANE,4562,FACE MASK & PEELS & TREATMENTS,20MP030H20:PURIFYING CHARCOAL MASK 30ML,31.6,80,QAR,204,A,,3253581679807
001,020414937388,9828,TOILETRIES,1988,OCC:L'OCCITANE,4634,HAND & FOOT CARE,20MA030CD20:CEDRAT HAND CREAM 30ML,19.6,49,QAR,204,A,,3253581679838
001,020414937389,9828,TOILETRIES,1988,OCC:L'OCCITANE,4512,DEODORANTS & ANTIPERSPIRANTS,20DO050O20:OCCITAN DEO ROLL ON 50ML,39.6,99,QAR,204,A,,3253581679890
001,020414937390,9828,TOILETRIES,1988,OCC:L'OCCITANE,6754,SHAVING,20BT075H20:MULTI-GROOMING BALM 75ML,46,115,QAR,204,A,,3253581679845
001,020414937391,9828,TOILETRIES,1988,OCC:L'OCCITANE,6754,SHAVING,20AR075H20:COMFORTING AFTER SHAVE BALM,59.5,150,QAR,204,A,,3253581679852
001,020414937392,9828,TOILETRIES,1988,OCC:L'OCCITANE,6754,SHAVING,20AR075O20:OCCITAN AFTER-SHAVE 75ML,54,150,QAR,204,A,,3253581679739
001,020414937393,9828,TOILETRIES,1988,OCC:L'OCCITANE,6754,SHAVING,20AR075CD20:CEDRAT AFTER-SHAVE 75ML,59.3217,150,QAR,204,A,,3253581679708
001,020414937394,9828,TOILETRIES,1988,OCC:L'OCCITANE,6754,SHAVING,20AR075BX20:BAUX AFTER-SHAVE 75ML,54,150,QAR,204,A,,3253581679753
001,020414937395,9828,TOILETRIES,1988,OCC:L'OCCITANE,6754,SHAVING,20AR075HC20:CAP CEDRAT AFT-SHAVE 75ML,59.7525,150,QAR,204,A,,3253581679692
001,020414937396,9828,TOILETRIES,1988,OCC:L'OCCITANE,3991,BATH & BODY,20SA050HC20:CAP CEDRAT PLM OIL FR SOAP 50G,12,30,QAR,204,A,,3253581667187
001,020414937397,9828,TOILETRIES,1988,OCC:L'OCCITANE,3991,BATH & BODY,20GD250HC20:CAP CEDRAT SHOWER GEL 250ML,38.1031,99,QAR,204,A,,3253581667125
001,020414937398,9828,TOILETRIES,1988,OCC:L'OCCITANE,3991,BATH & BODY,20GD250CD20:CEDRAT SHOWER GEL 250ML,39.5064,99,QAR,204,A,,3253581667149
001,020414937399,9828,TOILETRIES,1988,OCC:L'OCCITANE,4512,DEODORANTS & ANTIPERSPIRANTS,20DO075CD20:CEDRAT STICK DEODORANT 75G,39.6,99,QAR,204,A,,3253581667194
001,020414937400,9828,TOILETRIES,1988,OCC:L'OCCITANE,3991,BATH & BODY,20SA050O20:OCCITAN SOAP PALM OIL FREE 50G,11.6,30,QAR,204,A,,3253581662731
001,020414937401,9828,TOILETRIES,1988,OCC:L'OCCITANE,3991,BATH & BODY,20SA050BX20:BAUX SOAP PALM OIL FREE 50G,11.6,30,QAR,204,A,,3253581662755
001,020414937402,9828,TOILETRIES,1988,OCC:L'OCCITANE,3991,BATH & BODY,20GD250BX20:BAUX SHOWER GEL 250ML,36,99,QAR,204,A,,3253581663356
001,020414937403,9828,TOILETRIES,1988,OCC:L'OCCITANE,3991,BATH & BODY,20GD075OC20:L'OCCITAN SHOWER GEL 75ML,10,35,QAR,204,A,,3253581663363
001,020414937404,9828,TOILETRIES,1988,OCC:L'OCCITANE,4512,DEODORANTS & ANTIPERSPIRANTS,20DO075BX20:BAUX STICK DEODORANT 75G,39.5999,99,QAR,204,A,,3253581662748
001,020414937405,9828,TOILETRIES,1988,OCC:L'OCCITANE,3991,BATH & BODY,20SA050CD20:CEDRAT SOAP PALM OIL FREE 50G,11.6,30,QAR,204,A,,3253581663318
001,020414937406,9828,TOILETRIES,1988,OCC:L'OCCITANE,3991,BATH & BODY,20GD250OC20:L'OCCITAN SHOWER GEL 250ML,37.92,99,QAR,204,A,,3253581663332
001,020414937407,9828,TOILETRIES,1988,OCC:L'OCCITANE,3991,BATH & BODY,20HB030H20:SOFTENING BEARD OIL 30ML,47.6,119,QAR,204,A,,3253581679814
001,020414937408,9801,SKINCARE,1988,OCC:L'OCCITANE,6744,SERUM,20FE050H20:ENERGIZING FLUID 50ML,68.8,175,QAR,204,A,,3253581679876
001,020414937409,9834,PLV,1988,OCC:L'OCCITANE,6977,WRAPPING MATERIALS,52GBOMN20:2020 MEN GIFT BOX,0,.01,QAR,204,C,,3253581680087
001,020414937410,9801,SKINCARE,1988,OCC:L'OCCITANE,6744,SERUM,20FE020H20:ENERGIZING FLUID TS 20ML,26,80,QAR,204,A,,3253581679869
001,020414937411,9801,SKINCARE,1988,OCC:L'OCCITANE,4344,CLEANSERS,20NV030H20:DAILY EXFO CLEANSER TS 30ML,10,30,QAR,204,A,,3253581679821
001,020414937412,9828,TOILETRIES,1988,OCC:L'OCCITANE,6754,SHAVING,20AR030O20:OCCITAN AFTER SHAVE BALM 30ML,23.5999,65,QAR,204,A,,3253581679746
001,020414937413,9828,TOILETRIES,1988,OCC:L'OCCITANE,6754,SHAVING,20AR030HC20:CAP CEDRAT AFTER-SHAVE 30ML,23.5999,59,QAR,204,A,,3253581679722
001,020414937414,9828,TOILETRIES,1988,OCC:L'OCCITANE,6754,SHAVING,20AR030BX20:BAUX AFTER SHAVE BALM 30ML,23.5999,65,QAR,204,A,,3253581679760
001,020414937415,9828,TOILETRIES,1988,OCC:L'OCCITANE,3991,BATH & BODY,20GD075HC20:CAP CEDRAT SH GEL 75ML,10,35,QAR,204,A,,3253581667132
001,020414937416,9828,TOILETRIES,1988,OCC:L'OCCITANE,3991,BATH & BODY,20GD075BX20:BAUX SHOWER GEL 75ML,10,35,QAR,204,A,,3253581663370
001,020414937418,9828,TOILETRIES,1988,OCC:L'OCCITANE,3991,BATH & BODY,11LC250H20:HERBAE L'EAU BEAUTY MILK250ML,53.9414,140,QAR,204,A,,3253581687154
001,020414937419,9828,TOILETRIES,1988,OCC:L'OCCITANE,3991,BATH & BODY,11GD250H20:HERBAE L'EAU SHOWER GEL 250ML,35.6,99,QAR,204,A,,3253581687147
001,020414937420,9828,TOILETRIES,1988,OCC:L'OCCITANE,4634,HAND & FOOT CARE,11CM030H20:HERBAE L'EAU HAND CREAM 30ML,19.6,49,QAR,204,A,,3253581687161
001,187814003781,9801,SKINCARE,1155,EBR:ERBORIAN,6813,SKINCARE TREATMENTS,6AA30203:MATTE CREME 15ML,34,99,QAR,1878,A,,8809255783674
001,187814003782,9801,SKINCARE,1155,EBR:ERBORIAN,6813,SKINCARE TREATMENTS,6AA30202:MATTE CREME 45ML,74,199,QAR,1878,A,,8809255783667
001,187814003783,9801,SKINCARE,1155,EBR:ERBORIAN,4508,DAY CREAMS,6AA30211:CC RED CORRECT 45ML,79.6,220,QAR,1878,A,,8809255783773
001,187814060016,9834,PLV,1155,EBR:ERBORIAN,6905,TESTERS,6AA30225:MATTE CREME 15ML TESTER,0,0,QAR,1878,A,,3760239244411
001,187814197190,9801,SKINCARE,1155,EBR:ERBORIAN,4508,DAY CREAMS,6AA30130:BB CREME CARAMEL 15ML,35.25,99,QAR,1878,A,,8809255781953
001,187814197191,9801,SKINCARE,1155,EBR:ERBORIAN,4508,DAY CREAMS,6AA30129:BB CREME CARAMEL 45ML,66,220,QAR,1878,A,,8809255781946
001,187814223911,9834,PLV,1155,EBR:ERBORIAN,6905,TESTERS,6AA30226:CC RED CORRECT 15ML TESTER,0,0,QAR,1878,A,,3760239244428
001,187814584450,9842,MAKE UP,1155,EBR:ERBORIAN,4561,FACE,6AA30057:CC CREME CLAIR 45ML,83.6952,220,QAR,1878,A,,8809255780260
001,187814584451,9834,PLV,1155,EBR:ERBORIAN,6905,TESTERS,6AA30133:CC CREME CLAIR 15ML TEST,0,.01,QAR,1878,A,,8809255782028
001,187814584452,9842,MAKE UP,1155,EBR:ERBORIAN,4561,FACE,6AA30237:CC CREME CARAMEL 15ML,38.9628,99,QAR,1878,A,,8809255783964
001,187814584453,9834,PLV,1155,EBR:ERBORIAN,6905,TESTERS,6AA30242:CC CREME CARAMEL 15ML TST,0,.01,QAR,1878,A,,3760239244848
001,187814584454,9842,MAKE UP,1155,EBR:ERBORIAN,4561,FACE,6AA30243:CC EYE DORE 10ML,63.9878,160,QAR,1878,A,,8809255784015
001,187814584455,9842,MAKE UP,1155,EBR:ERBORIAN,4561,FACE,6AA30244:CC EYE CLAIR 10ML,63.9573,160,QAR,1878,A,,8809255784022
001,187814584456,9834,PLV,1155,EBR:ERBORIAN,6722,SAMPLES,6AA30246:CC EYE CLAIR 15ML X 25,0,.01,QAR,1878,A,,8809255784053
001,187814584457,9834,PLV,1155,EBR:ERBORIAN,6722,SAMPLES,6AA30247:CC EYE DORE 15ML X 25,0,.01,QAR,1878,A,,8809255784060
001,187814584458,9834,PLV,1155,EBR:ERBORIAN,6905,TESTERS,6AA30248:CC EYE CLAIR 10ML TST,0,.01,QAR,1878,A,,3760239245050
001,187814584459,9834,PLV,1155,EBR:ERBORIAN,6905,TESTERS,6AA30249:CC EYE DORE 10ML TST,0,.01,QAR,1878,A,,3760239245067
001,187814693465,9834,PLV,1155,EBR:ERBORIAN,6905,TESTERS,6AA30116:BB CREM CLAIR 15ML RENO14 TEST BB SKIN EFFECT,0,.01,QAR,1878,A,,8809255781595
001,187814693466,9801,SKINCARE,1155,EBR:ERBORIAN,4508,DAY CREAMS,6AA30212:CC RED CORRECT 15ML BB SKIN EFFECT,38,99,QAR,1878,A,,8809255783780
001,187814693467,9801,SKINCARE,1155,EBR:ERBORIAN,4508,DAY CREAMS,6AA30253:CC DULL CORRECT 15ML BB SKIN EFFECT,38,99,QAR,1878,A,,8809255784237
001,187814693468,9834,PLV,1155,EBR:ERBORIAN,6905,TESTERS,6AA30254:CC DULL CORRECT 15ML TST BB SKIN EFFECT,0,0,QAR,1878,A,,3760239245258
001,187814693470,9801,SKINCARE,1155,EBR:ERBORIAN,4508,DAY CREAMS,6AA30259:CC DULL CORRECT 45ML BB SKIN EFFECT,79.6,220,QAR,1878,A,,8809255784282
001,187814782855,9834,PLV,1155,EBR:ERBORIAN,6722,SAMPLES,6AA30058:BB CREME CLAIR ECH RENO14,0,.01,QAR,1878,A,,8809255780277
001,187814782857,9801,SKINCARE,1155,EBR:ERBORIAN,4508,DAY CREAMS,6AA30112:CC CREME CLAIR MPP 5ML,0,25,QAR,1878,A,,8809255781342
001,187815204198,9834,PLV,1155,EBR:ERBORIAN,6905,TESTERS,6AA10340:BAMBOO GLOW 30ML R19 TST,0,0,QAR,1878,A,,8809255785814
001,187815204201,9834,PLV,1155,EBR:ERBORIAN,4524,DISPLAY MATERIALS,6AA70564:GENERIC CASHIER DISPLAY 2020,0,.01,QAR,1878,A,,3760239246675
001,187815221072,9834,PLV,1155,EBR:ERBORIAN,6640,PROMOTIONAL MATERIALS,6GG1120:ERBORIAN NOV GWP 2020,0,.01,QAR,1878,A,,187825221072
001,187815221131,9834,PLV,1155,EBR:ERBORIAN,6640,PROMOTIONAL MATERIALS,6GG1220:ERBORIAN DEC GWP 2020,0,.01,QAR,1878,A,,187825221131
001,187815345404,9834,PLV,1155,EBR:ERBORIAN,4524,DISPLAY MATERIALS,6AA40052:ERBORIAN CASHDESK BOX,0,.01,QAR,1878,A,,3760239247481
001,187815345408,9834,PLV,1155,EBR:ERBORIAN,6905,TESTERS,6AA30368:CENTELLA CLEANS. OIL 180ML TST,0,.01,QAR,1878,A,,3760239246941
001,187815345409,9834,PLV,1155,EBR:ERBORIAN,6905,TESTERS,6AA30367:CENTELLA CLEAN. GEL 180ML TST,0,.01,QAR,1878,A,,3760239246934
001,187815345410,9834,PLV,1155,EBR:ERBORIAN,6905,TESTERS,6AA10352:BLACK CHARC. MOUSSE 140ML TST,0,.01,QAR,1878,A,,8809255786040
001,187815345411,9834,PLV,1155,EBR:ERBORIAN,6722,SAMPLES,6AA10374:CC WATER CLAIR 15ML X25,0,.01,QAR,1878,A,,8809255786101
001,187815345412,9834,PLV,1155,EBR:ERBORIAN,6722,SAMPLES,6AA10378:CC WATER DORE 15ML X25,0,.01,QAR,1878,A,,8809255786149
001,187815355136,9801,SKINCARE,1155,EBR:ERBORIAN,4562,FACE MASK & PEELS & TREATMENTS,6AA10371:CC WATER CLAIR 40ML,79.6,220,QAR,1878,A,,8809255786071
001,187815355137,9801,SKINCARE,1155,EBR:ERBORIAN,4562,FACE MASK & PEELS & TREATMENTS,6AA10375:CC WATER DORE 40ML,79.6,220,QAR,1878,A,,8809255786118
001,187815355138,9801,SKINCARE,1155,EBR:ERBORIAN,4562,FACE MASK & PEELS & TREATMENTS,6AA10372:CC WATER CLAIR 15ML,38,99,QAR,1878,A,,8809255786088
001,187815355139,9801,SKINCARE,1155,EBR:ERBORIAN,4562,FACE MASK & PEELS & TREATMENTS,6AA10376:CC WATER DORE 15ML,38,99,QAR,1878,A,,8809255786125
001,187815375390,9834,PLV,1155,EBR:ERBORIAN,6905,TESTERS,6AA10435:CC WATER DORE 15ML TST,0,.01,QAR,1878,A,,3760239247191
001,187815801542,9801,SKINCARE,1155,EBR:ERBORIAN,6813,SKINCARE TREATMENTS,6AA10367:SKIN HERO 40ML,82.9393,220,QAR,1878,A,,8809255785715
001,187815801544,9801,SKINCARE,1155,EBR:ERBORIAN,6813,SKINCARE TREATMENTS,6AA10368:SKIN HERO 15ML,39.6,99,QAR,1878,A,,8809255785722
001,187815801545,9834,PLV,1155,EBR:ERBORIAN,6722,SAMPLES,6AA10370:SKIN HERO 15ML X25,0,.01,QAR,1878,A,,8809255785746
001,187815801546,9801,SKINCARE,1155,EBR:ERBORIAN,4508,DAY CREAMS,6AA10373:CC WATER CLAIR 5ML,0,29,QAR,1878,A,,8809255786095
001,187815801547,9801,SKINCARE,1155,EBR:ERBORIAN,4508,DAY CREAMS,6AA10377:CC WATER DORE 5ML,0,29,QAR,1878,A,,8809255786132
001,187815801548,9801,SKINCARE,1155,EBR:ERBORIAN,4562,FACE MASK & PEELS & TREATMENTS,6AA10379:CC WATER CARAMEL 40ML,79.6,220,QAR,1878,A,,8809255786156
001,187815801549,9801,SKINCARE,1155,EBR:ERBORIAN,4562,FACE MASK & PEELS & TREATMENTS,6AA10380:CC WATER CARAMEL 15ML,38,99,QAR,1878,A,,8809255786163
001,187815801550,9834,PLV,1155,EBR:ERBORIAN,6905,TESTERS,6AA10433:SKIN HERO 15ML TST,0,0,QAR,1878,A,,3760239247177
001,187815801551,9834,PLV,1155,EBR:ERBORIAN,6905,TESTERS,6AA10434:CC WATER CLAIR 15ML TST,0,0,QAR,1878,A,,3760239247184
001,187815801553,9801,SKINCARE,1155,EBR:ERBORIAN,4508,DAY CREAMS,6AA30266:PINK PRIMER & CARE 45ML R20,74,199,QAR,1878,A,,8809255785609
001,187815801554,9801,SKINCARE,1155,EBR:ERBORIAN,4508,DAY CREAMS,6AA30267:PINK PRIMER & CARE 15ML R20,34,99,QAR,1878,A,,8809255785616
001,187815801555,9834,PLV,1155,EBR:ERBORIAN,6905,TESTERS,6AA30270:PINK PRIMER & CARE 15ML R TST,0,0,QAR,1878,A,,8809255785647
001,187815801556,9834,PLV,1155,EBR:ERBORIAN,6977,WRAPPING MATERIALS,6AA40005:LARGE GIFT BOX 20,0,0,QAR,1878,A,,3760239246965
001,187815801557,9834,PLV,1155,EBR:ERBORIAN,6977,WRAPPING MATERIALS,6AA70246:RED SILK PAPER X240,0,0,QAR,1878,A,,3760239242691
001,187815801558,9834,PLV,1155,EBR:ERBORIAN,6757,SHOPPING BAGS,6AA70573:SMALL SHOPPING BAG 20,0,.01,QAR,1878,A,,3760239246767
001,187815877625,9842,MAKE UP,1155,EBR:ERBORIAN,4561,FACE,6AA10454:SUPER BB NUDE 40ML,79.6,220,QAR,1878,A,,8809255787115
001,187815877626,9801,SKINCARE,1155,EBR:ERBORIAN,4508,DAY CREAMS,6AA10455:SUPER BB NUDE 15 ML,38,99,QAR,1878,A,,8809255787122
001,187815877627,9801,SKINCARE,1155,EBR:ERBORIAN,4508,DAY CREAMS,6AA10458:SUPER BB DORE 40ML,79.6,220,QAR,1878,A,,8809255787153
001,187815877628,9842,MAKE UP,1155,EBR:ERBORIAN,4561,FACE,6AA10459:SUPER BB DORE 15 ML,38,99,QAR,1878,A,,8809255787160
001,187815877630,9801,SKINCARE,1155,EBR:ERBORIAN,4508,DAY CREAMS,6AA10462:SUPER BB CARAMEL 40ML,79.6,220,QAR,1878,A,,8809255787191
001,187815877631,9801,SKINCARE,1155,EBR:ERBORIAN,4508,DAY CREAMS,6AA10463:SUPER BB CARAMEL 15 ML,38,99,QAR,1878,A,,8809255787207
001,187815877633,9834,PLV,1155,EBR:ERBORIAN,6905,TESTERS,6AA10480:SUPER BB CARAMEL 15 ML TST,0,0,QAR,1878,A,,3760239247986
001,187815877634,9834,PLV,1155,EBR:ERBORIAN,6905,TESTERS,6AA10481:SUPER BB DORE 15 ML TST,0,0,QAR,1878,A,,3760239247993
001,187815877635,9834,PLV,1155,EBR:ERBORIAN,6905,TESTERS,6AA10482:SUPER BB NUDE 15 ML TST,0,0,QAR,1878,A,,3760239248006
001,187815976149,9801,SKINCARE,1155,EBR:ERBORIAN,6749,SET,6AA40074:KIT MINI BABY SKIN NUDE,38,95,QAR,1878,A,,3760239247818
001,187815976151,9801,SKINCARE,1155,EBR:ERBORIAN,6749,SET,6AA40080:KIT BB PERFECT SKIN NUDE,79.6,199,QAR,1878,A,,3760239247870
001,187816109076,9801,SKINCARE,1155,EBR:ERBORIAN,4508,DAY CREAMS,6AA10369:SKIN HERO 5ML,0,.01,QAR,1878,A,,8809255785739
001,187816109077,9834,PLV,1155,EBR:ERBORIAN,6905,TESTERS,6AA10483:SUPER BB CLAIR 15 ML TST,0,0,QAR,1878,A,,3760239248013
001,187816109079,9801,SKINCARE,1155,EBR:ERBORIAN,4508,DAY CREAMS,6AA10451:SUPER BB CLAIR 15 ML,38,99,QAR,1878,A,,8809255787085
001,187816109080,9801,SKINCARE,1155,EBR:ERBORIAN,4508,DAY CREAMS,6AA10450:SUPER BB CLAIR 40ML,79.6,220,QAR,1878,A,,8809255787078
001,187816109082,9834,PLV,1155,EBR:ERBORIAN,6722,SAMPLES,6AA10475:SKIN HERO PEELING 15ML X25,0,.01,QAR,1878,A,,8809255787344
001,187816276897,9842,MAKE UP,1155,EBR:ERBORIAN,4561,FACE,6AA10395:BB CREME DORE 40ML R22,79.4961,220,QAR,1878,A,,8809255786392
001,187816276898,9842,MAKE UP,1155,EBR:ERBORIAN,4561,FACE,6AA10384:BB CREME CLAIR 15ML R22,38.2873,99,QAR,1878,A,,8809255786286
001,187816276899,9842,MAKE UP,1155,EBR:ERBORIAN,4561,FACE,6AA10383:BB CREME CLAIR 40ML R22,79.6,220,QAR,1878,A,,8809255786279
001,187816276900,9842,MAKE UP,1155,EBR:ERBORIAN,4561,FACE,6AA10401:BB CREME CARAMEL 40ML R22,79.6,220,QAR,1878,A,,8809255786453
001,187816344864,9801,SKINCARE,1155,EBR:ERBORIAN,4508,DAY CREAMS,6AA10391:BB CREME NUDE 5ML R22,2.7535,1.4,QAR,1878,A,,8809255786354
001,187816371202,9842,MAKE UP,1155,EBR:ERBORIAN,4561,FACE,6AA10389:BB CREME NUDE 40ML R22,79.6,220,QAR,1878,A,,8809255786330
001,187816371204,9842,MAKE UP,1155,EBR:ERBORIAN,4561,FACE,6AA10390:BB CREME NUDE 15ML R22,37.9357,99,QAR,1878,A,,8809255786347
001,187816371205,9842,MAKE UP,1155,EBR:ERBORIAN,4561,FACE,6AA10396:BB CREME DORE 15ML R22,38,99,QAR,1878,A,,8809255786408
001,187816412463,9801,SKINCARE,1155,EBR:ERBORIAN,4508,DAY CREAMS,6AA10397:BB CREME DORE 5ML R22,10,25,QAR,1878,A,,8809255786415
001,187816511853,9801,SKINCARE,1155,EBR:ERBORIAN,4508,DAY CREAMS,6AA10402:BB CREME CARAMEL 15ML R22,38.5333,99,QAR,1878,A,,8809255786460
001,187816511855,9834,PLV,1155,EBR:ERBORIAN,6905,TESTERS,6AA10522:BB CREME NUDE 15ML R22 TST,0,.01,QAR,1878,A,,3760239248488
001,187816511857,9834,PLV,1155,EBR:ERBORIAN,6905,TESTERS,6AA10531:BB CREME DORE 15ML R22 TST,0,0,QAR,1878,A,,3760239248570
001,187817330883,9842,MAKE UP,1155,EBR:ERBORIAN,4561,FACE,6AA10407:CC CREME CLAIR R25 40ML,84,210,QAR,1878,A,,8809255786514
001,187817330884,9842,MAKE UP,1155,EBR:ERBORIAN,4561,FACE,6AA10408:CC CREME CLAIR R25 15ML,39.6,99,QAR,1878,A,,8809255786521
001,187817330885,9842,MAKE UP,1155,EBR:ERBORIAN,4561,FACE,6AA10411:CC CREME DORE R25 40ML,84,220,QAR,1878,A,,8809255786552
001,187817330906,9842,MAKE UP,1155,EBR:ERBORIAN,4561,FACE,6AA10412:CC CREME DORE R25 15ML,39.6,99,QAR,1878,A,,8809255786569
001,187817360216,9842,MAKE UP,1155,EBR:ERBORIAN,4561,FACE,6AA10416:CC CREME CARAMEL R25 15ML,39.6,99,QAR,1878,A,,8809255786606
001,187817418993,9842,MAKE UP,1155,EBR:ERBORIAN,4561,FACE,6AA10533:CC CREME PORCELAIN 40 ML,88.0001,220,QAR,1878,A,,8809255787948
001,187817418994,9842,MAKE UP,1155,EBR:ERBORIAN,4561,FACE,6AA10534:CC CREME PORCELAIN 15ML,39.6001,99,QAR,1878,A,,8809255787955
001,407717018029,9834,PLV,1988,OCC:L'OCCITANE,6977,WRAPPING MATERIALS,80CARENST24:CARD ENVELOPE STAMP 2024 (1X50),0,.01,QAR,204,A,,407727018029
001,407717018031,9834,PLV,1988,OCC:L'OCCITANE,6977,WRAPPING MATERIALS,80SQBLOT24:SQUARE BLOTTERS PACK OF 100,0,0,QAR,204,A,,407727018031
001,420115245773,9828,TOILETRIES,3388,SIT:SITTI,3991,BATH & BODY,LOOFARAW1:RAW KITCHEN & BATH NATURAL LOOFAH SCRUBBER (3 SET),23.6,59,QAR,4201,A,,859964000126
001,420115245774,9828,TOILETRIES,3388,SIT:SITTI,3991,BATH & BODY,LOOFAHBOX1:BATH AND BODY NATURAL LOOFAH SPONGE (3 SET),23.6,59,QAR,4201,A,,859964000133
001,420115245775,9828,TOILETRIES,3388,SIT:SITTI,3991,BATH & BODY,LOOFAHMINI1:TRAVEL MINI-LOOFAH SINGLE,6,15,QAR,4201,A,,859964000140
001,420116167772,9828,TOILETRIES,3388,SIT:SITTI,3991,BATH & BODY,SSWSP:WOODEN SOAP DISH OAK-SITTI,23.6,59,QAR,4201,A,,40232237836
001,020415635380,9834,PLV,1988,OCC:L'OCCITANE,6977,WRAPPING MATERIALS,80DIVRBOX21:DIVINE ROUTINE BOX 2021,14.1666,7.78,QAR,204,A,,020425635380
001,020415635382,9834,PLV,1988,OCC:L'OCCITANE,6977,WRAPPING MATERIALS,80SBNRBOX21:SHEA BUTTER NOURISHING BOX,8.9441,4.9,QAR,204,A,,020425635382
001,020415640788,9834,PLV,1988,OCC:L'OCCITANE,6722,SAMPLES,52CP006K22:ULTRA RICH BODY CR 6ML,0,.01,QAR,204,A,,3253581758632
001,020415640789,9828,TOILETRIES,1988,OCC:L'OCCITANE,3991,BATH & BODY,52CV0015K22:SHEA F RICH CREAM 15ML,0,.01,QAR,204,A,,3253581759530
001,020415640791,9813,FRAGRANCES,1988,OCC:L'OCCITANE,4538,EAU DE TOILETTE,24ET075CB21:CHE BLOSSOM EDT 75ML,116,315,QAR,204,A,,3253581753644
001,020415640794,9834,PLV,1988,OCC:L'OCCITANE,6977,WRAPPING MATERIALS,52EXGERIB18:EXTRA GENERIC RIBBON 2018,0,.01,QAR,204,A,,3253581589779
001,020415664534,9815,BEAUTY SET,1988,OCC:L'OCCITANE,3997,BEAUTY SET,01SHBNVS22:NOURISHING SHEA COLLECTION 2022,159.6,415,QAR,204,A,,020425664534
001,020415667579,9801,SKINCARE,1988,OCC:L'OCCITANE,4562,FACE MASK & PEELS & TREATMENTS,01CF050K22:SHEA F. MASK CREAM 50ML,67.6,150,QAR,204,A,,3253581758236
001,020415667581,9828,TOILETRIES,1988,OCC:L'OCCITANE,3991,BATH & BODY,01CL175K22:SHEA ULTRA LIGHT BODY CR 175ML,75.9987,190,QAR,204,A,,3253581735329
001,020415667582,9828,TOILETRIES,1988,OCC:L'OCCITANE,3991,BATH & BODY,01CP200K22:SHEA ULTRA RICH BODY CR 200ML,86,215,QAR,204,A,,3253581735343
001,020415667583,9828,TOILETRIES,1988,OCC:L'OCCITANE,3991,BATH & BODY,01CPR200K22:RICH BOD CR REFILL 200ML,70.1577,175,QAR,204,A,,3253581758441
001,020415667584,9801,SKINCARE,1988,OCC:L'OCCITANE,4508,DAY CREAMS,01CV050K22:SHEA F. RICH CREAM 50ML,69.9963,175,QAR,204,A,,3253581759523
001,020415667585,9828,TOILETRIES,1988,OCC:L'OCCITANE,3991,BATH & BODY,01EC200K22:ULTRA RICH BODY SCRUB 200ML,64,160,QAR,204,A,,3253581760208
001,020415667586,9828,TOILETRIES,1988,OCC:L'OCCITANE,4634,HAND & FOOT CARE,01MA030K22:SHEA HAND CREAM 30ML,19.6,49,QAR,204,A,,3253581735442
001,020415667587,9828,TOILETRIES,1988,OCC:L'OCCITANE,4634,HAND & FOOT CARE,01MA050K22:SHEA HAND CREAM 50ML,27.6,70,QAR,204,A,,3253581735435
001,020415667588,9828,TOILETRIES,1988,OCC:L'OCCITANE,4634,HAND & FOOT CARE,01MA150K22:SHEA HAND CREAM 150ML,60,150,QAR,204,A,,3253581735411
001,020415667589,9828,TOILETRIES,1988,OCC:L'OCCITANE,3991,BATH & BODY,11BR050O22:OSMANT MULTIPURPOSE MIST 50ML,35.6,90,QAR,204,A,,3253581758113
001,020415667590,9813,FRAGRANCES,1988,OCC:L'OCCITANE,4538,EAU DE TOILETTE,11EDT050HF22:HERBAE 22 EDT 50ML,119.6,335,QAR,204,A,,3253581757918
001,020415667591,9828,TOILETRIES,1988,OCC:L'OCCITANE,3991,BATH & BODY,11GD050HF22:HERBAE 22 SHOWER GEL 50ML,4.7575,2.3,QAR,204,A,,3253581757956
001,020415667592,9828,TOILETRIES,1988,OCC:L'OCCITANE,3991,BATH & BODY,11GD250HF22:HERBAE 22 SHOWER GEL 250ML,35.6,99,QAR,204,A,,3253581757949
001,020415667593,9828,TOILETRIES,1988,OCC:L'OCCITANE,3991,BATH & BODY,11GDE250O22:OSMANT EXFO SHOWER GEL 250ML,35.6,99,QAR,204,A,,3253581758090
001,020415667594,9828,TOILETRIES,1988,OCC:L'OCCITANE,3991,BATH & BODY,11HC100O22:OSMANTHUS HAIR BODY OIL 100ML,59.6,160,QAR,204,A,,3253581758106
001,020415667595,9828,TOILETRIES,1988,OCC:L'OCCITANE,3991,BATH & BODY,11LB050HF22:HERBAE 22 BEAUTY MILK 50ML,6.4536,3.12,QAR,204,A,,3253581757970
001,020415667596,9828,TOILETRIES,1988,OCC:L'OCCITANE,3991,BATH & BODY,11LB250HF22:HERBAE 22 BEAUTY MILK 250ML,54,155,QAR,204,A,,3253581757963
001,020415667597,9828,TOILETRIES,1988,OCC:L'OCCITANE,4634,HAND & FOOT CARE,11MA030HF22:HERBAE 22 HAND CREAM 30ML,19.6,49,QAR,204,A,,3253581757994
001,020415667598,9828,TOILETRIES,1988,OCC:L'OCCITANE,3991,BATH & BODY,11SA100HF22:HERBAE 22 SOAP 100G,14,35,QAR,204,A,,3253581758007
001,020415667599,9828,TOILETRIES,1988,OCC:L'OCCITANE,3991,BATH & BODY,15GD070VB21:VER SHOWER GEL 70ML,11.6,32,QAR,204,A,,3253581718711
001,020415667600,9828,TOILETRIES,1988,OCC:L'OCCITANE,3991,BATH & BODY,24BR050CBL22:CHERRY 22 PERFUMED MIST 50ML,35.6,90,QAR,204,A,,3253581757703
001,020415667601,9813,FRAGRANCES,1988,OCC:L'OCCITANE,4538,EAU DE TOILETTE,24ET050CBL22:CHERRY 22 EAU DE TOILETTE 50ML,91.6,315,QAR,204,A,,3253581757727
001,020415667602,9828,TOILETRIES,1988,OCC:L'OCCITANE,3991,BATH & BODY,24GD075CBL22:CHERRY 22 SHOWER GEL 75ML,4.7461,35,QAR,204,A,,3253581757741
001,020415667603,9828,TOILETRIES,1988,OCC:L'OCCITANE,3991,BATH & BODY,24GD250CBL22:CHERRY 22 SHOWER GEL 250ML,35.6,99,QAR,204,A,,3253581757734
001,020415667604,9828,TOILETRIES,1988,OCC:L'OCCITANE,3991,BATH & BODY,24LC075CBL22:CHERRY 22 BODY LOTION 75ML,6.4384,49,QAR,204,A,,3253581757765
001,020415667605,9828,TOILETRIES,1988,OCC:L'OCCITANE,3991,BATH & BODY,24LC250CBL22:CHERRY 22 BODY LOTION 250ML,54,155,QAR,204,A,,3253581757758
001,020415667607,9828,TOILETRIES,1988,OCC:L'OCCITANE,4634,HAND & FOOT CARE,49MA010K22:SHEA HAND CREAM 10ML,5.2,15,QAR,204,A,,3253581735459
001,020415667608,9834,PLV,1988,OCC:L'OCCITANE,6640,PROMOTIONAL MATERIALS,49POFDC22:2022 CHERRY POUCH,4.705,2.28,QAR,204,A,,3253581860939
001,020415667609,9834,PLV,1988,OCC:L'OCCITANE,6640,PROMOTIONAL MATERIALS,49POUHE22:2022 HERBAE POUCH,5.2538,2.54,QAR,204,A,,3253581860922
001,020415667610,9834,PLV,1988,OCC:L'OCCITANE,4524,DISPLAY MATERIALS,49SOBOX22:2022 SOAP BOX,3.6,10,QAR,204,A,,3253581860977
001,020415667611,9834,PLV,1988,OCC:L'OCCITANE,4524,DISPLAY MATERIALS,52BASKL20:LARGE WICKER BASKET,0,.01,QAR,204,A,,3253581860205
001,020415667612,9834,PLV,1988,OCC:L'OCCITANE,4524,DISPLAY MATERIALS,52BASKS20:SMALL WICKER BASKET,0,.01,QAR,204,A,,3253581860212
001,020415667615,9834,PLV,1988,OCC:L'OCCITANE,6640,PROMOTIONAL MATERIALS,52EDT035HF22:HERBAE 22 SCENT SEAL 0035G,0,.01,QAR,204,A,,3253581757932
001,020415667616,9834,PLV,1988,OCC:L'OCCITANE,4524,DISPLAY MATERIALS,52K20BIM21:SET 20 IMMORTELLE BUNCHES 21,0,.01,QAR,204,A,,3253581860700
001,020415667617,9834,PLV,1988,OCC:L'OCCITANE,6977,WRAPPING MATERIALS,52MGENSA21:MEDIUM GENERIC SACHET 2021,0,.01,QAR,204,A,,3253581859674
001,020415667618,9834,PLV,1988,OCC:L'OCCITANE,4524,DISPLAY MATERIALS,52SPATULE20:SET OF 100 SPATULAS 2020,0,.01,QAR,204,A,,3253581754016
001,020415667620,9834,PLV,1988,OCC:L'OCCITANE,4524,DISPLAY MATERIALS,52TRTESTHOLD20:SET OF 6 TESTER HOLDER TR 20,0,.01,QAR,204,A,,3253581753026
001,020415667622,9828,TOILETRIES,1988,OCC:L'OCCITANE,3991,BATH & BODY,98BBSA050VE2:SHEA VERBENA SOAP 50G RSPO MB,1.3753,15,QAR,204,A,,3253581717783
001,020415668665,9834,PLV,1988,OCC:L'OCCITANE,6977,WRAPPING MATERIALS,80SAMPENV22:GENERIC SAMPLE ENVELOPPE 2022,.179,.36,QAR,204,A,,020425668665
001,020415670274,9834,PLV,1988,OCC:L'OCCITANE,6977,WRAPPING MATERIALS,80BLBBOX22:BLUE BIG BOX 2022,25.8552,14.18,QAR,204,A,,020425670274
001,020415670276,9834,PLV,1988,OCC:L'OCCITANE,6977,WRAPPING MATERIALS,80BESBOX22:BEIGE SMALL BOX 2022,11.8518,6.5,QAR,204,A,,020425670276
001,020415670277,9834,PLV,1988,OCC:L'OCCITANE,6977,WRAPPING MATERIALS,80BEBBOX22:BEIGE BIG BOX 2022,25.8552,14.18,QAR,204,A,,020425670277
001,020415670278,9834,PLV,1988,OCC:L'OCCITANE,6977,WRAPPING MATERIALS,80BUBBOX22:BURGENDY BIG BOX 2022,25.8552,14.18,QAR,204,A,,020425670278
001,020415670279,9834,PLV,1988,OCC:L'OCCITANE,6977,WRAPPING MATERIALS,80GRBBOX22:GREEN BIG BOX 2022,25.8552,14.18,QAR,204,A,,020425670279
001,020415670280,9834,PLV,1988,OCC:L'OCCITANE,6977,WRAPPING MATERIALS,80BUSBOX22:BURGENDY SMALL BOX 2022,11.8518,6.5,QAR,204,A,,020425670280
001,020415700294,9801,SKINCARE,1988,OCC:L'OCCITANE,6749,SET,20DIVCOLL22:DIVINE FACE CARE COLLECTION 2022,418,1050,QAR,204,A,,020425700294
001,020415700535,9815,BEAUTY SET,1988,OCC:L'OCCITANE,3997,BEAUTY SET,01SHHCKI22:SHEA BUTTER HAND CARE KIT 2022,63.6,170,QAR,204,A,,020425700535
001,020415700536,9834,PLV,1988,OCC:L'OCCITANE,6640,PROMOTIONAL MATERIALS,01GWPJAN22:JANUARY 2022 GWP,0,.01,QAR,204,A,,020425700536
001,020415700737,9815,BEAUTY SET,1988,OCC:L'OCCITANE,3997,BEAUTY SET,29ALMEXK22:ALMOND EXFOLIATING KIT 2022,175.6,439,QAR,204,A,,020425700737
001,020415700789,9815,BEAUTY SET,1988,OCC:L'OCCITANE,3997,BEAUTY SET,11REHOKI22:RELAXING HOME KIT 2022,131.6,380,QAR,204,A,,020425700789
001,020415700790,9815,BEAUTY SET,1988,OCC:L'OCCITANE,3997,BEAUTY SET,11HAHOKI22:HARMONY HOME KIT 2022,131.6,350,QAR,204,A,,020425700790
001,020415700791,9815,BEAUTY SET,1988,OCC:L'OCCITANE,3997,BEAUTY SET,11ULHOKI22:UP LIFTING HOME KIT 2022,131.6,380,QAR,204,A,,020425700791
001,020415700792,9815,BEAUTY SET,1988,OCC:L'OCCITANE,3997,BEAUTY SET,11REVHOKI22:REVITALIZING HOME KIT 2022,131.6,329,QAR,204,A,,020425700792
001,020415700793,9815,BEAUTY SET,1988,OCC:L'OCCITANE,3997,BEAUTY SET,01SHVHCKI22:SHEA BUTTER VERBENA HAND CARE KIT 2022,63.6,159,QAR,204,A,,020425700793
001,020415700794,9815,BEAUTY SET,1988,OCC:L'OCCITANE,3997,BEAUTY SET,01SHVREFK22:SHEA BUTTER VERBENA REFILL KIT 2022,59.6,149,QAR,204,A,,020425700794
001,020415700795,9815,BEAUTY SET,1988,OCC:L'OCCITANE,3997,BEAUTY SET,01SHLREFK22:SHEA BUTTER LAVENDER REFILL KIT 2022,59.6,165,QAR,204,A,,020425700795
001,020415760209,9834,PLV,1988,OCC:L'OCCITANE,4524,DISPLAY MATERIALS,52K20BLAV21:SET 20 LAVENDER BUNCHES 21,0,.01,QAR,204,A,,3253581860694
001,020415760211,9834,PLV,1988,OCC:L'OCCITANE,6722,SAMPLES,17HI001G19:INT REPAIR INFUSED OIL 1MLX1,0,.01,QAR,204,A,,3253581570609
001,020415760212,9828,TOILETRIES,1988,OCC:L'OCCITANE,3991,BATH & BODY,15GD500VB21:VER SHOWER GEL 500ML,55.6,160,QAR,204,A,,3253581718704
001,020415760213,9828,TOILETRIES,1988,OCC:L'OCCITANE,3991,BATH & BODY,98BBLC030VE5:VERBENA BODY LOTION 30ML,4,15,QAR,204,A,,3253581760215
001,020415760214,9834,PLV,1988,OCC:L'OCCITANE,4524,DISPLAY MATERIALS,52TSANIVIS20:TS ANIMATION VIS KIT W/O LIGTH,0,.01,QAR,204,A,,3253581716878
001,020415760215,9834,PLV,1988,OCC:L'OCCITANE,4524,DISPLAY MATERIALS,52TS3ANIMODULS20:TS ANIMATION TOOLS MODULES,0,.01,QAR,204,A,,3253581716908
001,020415760216,9834,PLV,1988,OCC:L'OCCITANE,4524,DISPLAY MATERIALS,52TS3SMALTRAY20:TS - SMALL TESTING TRAYS -SET3,0,.01,QAR,204,A,,3253581716960
001,020415760217,9801,SKINCARE,1988,OCC:L'OCCITANE,4562,FACE MASK & PEELS & TREATMENTS,38EV075A21:RB EXFOLIATING MASK 75ML,68.0015,170,QAR,204,A,,3253581717981
001,020415760218,9801,SKINCARE,1988,OCC:L'OCCITANE,4508,DAY CREAMS,38RC050A22:RB RICH CREAM 50ML,119.6,310,QAR,204,A,,3253581721520
001,020415760219,9834,PLV,1988,OCC:L'OCCITANE,4524,DISPLAY MATERIALS,52GENSTI21:2021 GENERIC STICKERS ROLL,0,.01,QAR,204,A,,3253581861004
001,020415188200,9834,PLV,1988,OCC:L'OCCITANE,6977,WRAPPING MATERIALS,52RBO1NO20:2020 HOLIDAY ROUND BOX 1,0,.01,QAR,204,C,,3253581721964
001,020415188201,9834,PLV,1988,OCC:L'OCCITANE,6977,WRAPPING MATERIALS,52RBO2NO20:2020 HOLIDAY ROUND BOX 2,0,.01,QAR,204,C,,3253581721971
001,020415188202,9834,PLV,1988,OCC:L'OCCITANE,6977,WRAPPING MATERIALS,52RBO3NO20:2020 HOLIDAY ROUND BOX 3,0,.01,QAR,204,C,,3253581721988
001,020415188203,9834,PLV,1988,OCC:L'OCCITANE,6977,WRAPPING MATERIALS,52RIB1NO20:2020 HOLIDAY RIBBON 1,0,.01,QAR,204,C,,3253581722237
001,020415188204,9834,PLV,1988,OCC:L'OCCITANE,6977,WRAPPING MATERIALS,52RIB2NO20:2020 HOLIDAY RIBBON 2,0,.01,QAR,204,C,,3253581722244
001,020415188205,9834,PLV,1988,OCC:L'OCCITANE,4524,DISPLAY MATERIALS,52SGBAHOL20:SMALL GREEN BASKET HOLIDAY 20,0,.01,QAR,204,C,,3253581729779
001,020415188206,9834,PLV,1988,OCC:L'OCCITANE,6757,SHOPPING BAGS,52SMBANO20:2020 HOLIDAY SMALL BAG,0,.01,QAR,204,C,,3253581722749
001,020415188207,9834,PLV,1988,OCC:L'OCCITANE,6977,WRAPPING MATERIALS,52SMBBNO20:2020 HOLIDAY SMALL BOX 1,0,.01,QAR,204,C,,3253581722084
001,020415188208,9834,PLV,1988,OCC:L'OCCITANE,6977,WRAPPING MATERIALS,52SMBPNO20:2020 HOLIDAY SMALL BOX 2,0,.01,QAR,204,C,,3253581722091
001,020415188209,9834,PLV,1988,OCC:L'OCCITANE,4524,DISPLAY MATERIALS,52SPBAHOL20:SMALL PINK BASKET HOLIDAY 20,0,.01,QAR,204,C,,3253581729793
001,020415188210,9834,PLV,1988,OCC:L'OCCITANE,6977,WRAPPING MATERIALS,52STINO20:2020 HOLIDAY STICKER,0,.01,QAR,204,C,,3253581722220
001,020415188211,9834,PLV,1988,OCC:L'OCCITANE,4524,DISPLAY MATERIALS,52SYBAHOL20:SMALL YELLOW BASKET HOLIDAY 20,0,.01,QAR,204,C,,3253581729786
001,020415188212,9834,PLV,1988,OCC:L'OCCITANE,4524,DISPLAY MATERIALS,52TFLOHOL20:TABLE FLOWERS HOLIDAY 20,0,.01,QAR,204,C,,3253581729809
001,020415188213,9834,PLV,1988,OCC:L'OCCITANE,6977,WRAPPING MATERIALS,52TFRNO20:2020 HOLIDAY MINIATURE KIT,8.5411,3.98,QAR,204,A,,3253581721957
001,020415188214,9834,PLV,1988,OCC:L'OCCITANE,4524,DISPLAY MATERIALS,52TPOTH20:TABLE PAPER OTHER HOLIDAY 20,0,.01,QAR,204,C,,3253581729861
001,020415188215,9834,PLV,1988,OCC:L'OCCITANE,4524,DISPLAY MATERIALS,52TRIBBHOL20:TABLE RIBBON HOLIDAY 20,0,.01,QAR,204,C,,3253581729816
001,020415188216,9834,PLV,1988,OCC:L'OCCITANE,6977,WRAPPING MATERIALS,52WRAPNO20:2020 HOLIDAY WRAPPING PAPER,0,.01,QAR,204,C,,3253581722213
001,020415188217,9834,PLV,1988,OCC:L'OCCITANE,4524,DISPLAY MATERIALS,52YEBAHOL20:YELLOW BASKET HOLIDAY 20,0,.01,QAR,204,C,,3253581736050
001,020415188218,9834,PLV,1988,OCC:L'OCCITANE,4524,DISPLAY MATERIALS,54S1BALLH20:STRUCTURE 1 BALLOON HOLIDAY 20,0,.01,QAR,204,C,,3253581729755
001,020415188219,9834,PLV,1988,OCC:L'OCCITANE,4524,DISPLAY MATERIALS,54WFLHOL20:WINDOW FLOWERS HOLIDAY 20,0,.01,QAR,204,C,,3253581729731
001,020415188220,9834,PLV,1988,OCC:L'OCCITANE,4524,DISPLAY MATERIALS,54WRIBBHOL20:WINDOW RIBBON HOLIDAY 20,0,.01,QAR,204,C,,3253581729724
001,020415188221,9834,PLV,1988,OCC:L'OCCITANE,4524,DISPLAY MATERIALS,54WSTIHOL20:WINDOW STICKER HOLIDAY 20,0,.01,QAR,204,C,,3253581729823
001,020415188222,9834,PLV,1988,OCC:L'OCCITANE,4524,DISPLAY MATERIALS,54WTPHOL20:WINDOW TABLE PAPER HOLIDAY 20,0,.01,QAR,204,C,,3253581729663
001,020415188223,9834,PLV,1988,OCC:L'OCCITANE,4524,DISPLAY MATERIALS,55TOWERDISP20:TOWER DISPLAY,397.52,.01,QAR,204,C,,3253581754412
001,020415188225,9850,HAIR CARE,1988,OCC:L'OCCITANE,3903,AFTER SHAMPOO,98BBAS035A0:ALMOND CONDITIONER 35ML,5.2001,15,QAR,204,A,,3253581554364
001,020415188227,9828,TOILETRIES,1988,OCC:L'OCCITANE,3991,BATH & BODY,98BBHD035A0:ALMOND SHOWER OIL 35 ML,6.0001,17,QAR,204,A,,3253581513439
001,020415188229,9828,TOILETRIES,1988,OCC:L'OCCITANE,3991,BATH & BODY,98BBLC035A0:ALMOND BODY MILK 35ML,3.9998,20,QAR,204,A,,3253581513453
001,020415188230,9850,HAIR CARE,1988,OCC:L'OCCITANE,6753,SHAMPOO,98BBSH035A0:ALMOND SHAMPOO 35ML,6.0001,15,QAR,204,A,,3253581554340
001,020415190034,9834,PLV,1988,OCC:L'OCCITANE,6977,WRAPPING MATERIALS,52RSTBONO20:2020 HOLIDAY RESET BOX,0,.01,QAR,204,A,,3253581729311
001,020415192843,9828,TOILETRIES,1988,OCC:L'OCCITANE,3991,BATH & BODY,01SA250LT20:SOAP SHEA MILK 250G,23.7074,60,QAR,204,A,,3253581680520
001,020415192845,9834,PLV,1988,OCC:L'OCCITANE,6977,WRAPPING MATERIALS,52CALRS20:KIT RESET INSERT,0,.01,QAR,204,A,,3253581858875
001,020415192846,9834,PLV,1988,OCC:L'OCCITANE,6977,WRAPPING MATERIALS,52SMSANO20:2020 HOLIDAY SMALL SACHET,0,.01,QAR,204,C,,3253581722787
001,020415192847,9834,PLV,1988,OCC:L'OCCITANE,6977,WRAPPING MATERIALS,52LASANO20:2020 HOLIDAY LARGE SACHET,0,.01,QAR,204,C,,3253581722763
001,020415192848,9834,PLV,1988,OCC:L'OCCITANE,6977,WRAPPING MATERIALS,52MMSANO20:2020 HOLIDAY MEDIUM SACHET,0,.01,QAR,204,C,,3253581722770
001,020415192849,9834,PLV,1988,OCC:L'OCCITANE,6640,PROMOTIONAL MATERIALS,49NOTNO20:2020 HOLIDAY NOTEBOOK,0,.01,QAR,204,C,,3253581722350
001,020415192850,9834,PLV,1988,OCC:L'OCCITANE,6977,WRAPPING MATERIALS,52STARNO20:2020 HOLIDAY STAR BOX,0,.01,QAR,204,A,,3253581722169
001,020415192851,9834,PLV,1988,OCC:L'OCCITANE,6977,WRAPPING MATERIALS,52PRBONO20:2020 HOLIDAY PREMIUM BOX,0,.01,QAR,204,C,,3253581722152
001,020415192852,9834,PLV,1988,OCC:L'OCCITANE,6977,WRAPPING MATERIALS,52MMBYNO20:2020 HOLIDAY MEDIUM BOX 3,0,.01,QAR,204,A,,3253581722145
001,020415192853,9834,PLV,1988,OCC:L'OCCITANE,6977,WRAPPING MATERIALS,52MMBPNO20:2020 HOLIDAY MEDIUM BOX 2,0,.01,QAR,204,A,,3253581722138
001,020415192854,9834,PLV,1988,OCC:L'OCCITANE,6977,WRAPPING MATERIALS,52MMBBNO20:2020 HOLIDAY MEDIUM BOX 1,0,.01,QAR,204,C,,3253581722121
001,020415192855,9834,PLV,1988,OCC:L'OCCITANE,4524,DISPLAY MATERIALS,52XLCASHBOXTR19:TR XL CASHDESK BOX 2019,0,.01,QAR,204,C,,3253581729922
001,020415192856,9834,PLV,1988,OCC:L'OCCITANE,4524,DISPLAY MATERIALS,52DESTIMMP20:MMP DESTINATIONS 2020,0,.01,QAR,204,C,,3253581750445
001,020415192857,9834,PLV,1988,OCC:L'OCCITANE,6977,WRAPPING MATERIALS,52DESTIBOOK20:2020 DESTINATION BOOKMARK X20,0,.01,QAR,204,C,,3253581750452
001,020415192858,9834,PLV,1988,OCC:L'OCCITANE,6977,WRAPPING MATERIALS,52DESTIGIFTTAG20:2020 DESTINATIONS GIFTTAGS X20,0,.01,QAR,204,C,,3253581750469
001,020415192859,9834,PLV,1988,OCC:L'OCCITANE,6977,WRAPPING MATERIALS,52DESTISTICKERS20:2021 DESTINATIONS STICKERS X20,0,.01,QAR,204,C,,3253581750476
001,020415192860,9834,PLV,1988,OCC:L'OCCITANE,6640,PROMOTIONAL MATERIALS,CWOC000000995:TRUCK WRAP CWE 19,0,.01,QAR,204,A,,3253581676608
001,020415192861,9815,BEAUTY SET,1988,OCC:L'OCCITANE,3997,BEAUTY SET,CWOC000001926:MOTHER DAY ESSENTIAL KIT 2020,79.6,199,QAR,204,A,,3253581677186
001,020415192864,9815,BEAUTY SET,1988,OCC:L'OCCITANE,3997,BEAUTY SET,CWOC000001915:CRM KIT FDM TROUSSE MIX 20,39.6,99,QAR,204,A,,3253581676899
001,020415193353,9834,PLV,1988,OCC:L'OCCITANE,6640,PROMOTIONAL MATERIALS,29NOVGWP20H:NOVEMBER GWP 2020,0,.01,QAR,204,A,,020425193353
001,020415193354,9834,PLV,1988,OCC:L'OCCITANE,6640,PROMOTIONAL MATERIALS,10DECGWP20H:DECEMBER GWP 2020,0,.01,QAR,204,A,,020425193354
001,020415193355,9813,FRAGRANCES,1988,OCC:L'OCCITANE,6749,SET,10FRTRI20H:FRAGRANCE SEASON TRIO 2020,39.6,99,QAR,204,A,,020425193355
001,020415193356,9828,TOILETRIES,1988,OCC:L'OCCITANE,6749,SET,10SOQUA20H:QUATRO SOAPS 2020,39.6,99,QAR,204,A,,020425193356
001,020415193357,9828,TOILETRIES,1988,OCC:L'OCCITANE,6749,SET,10HCSTR20H:HAND CREAM SEASON TRIO 2020,47.6,119,QAR,204,A,,020425193357
001,020415193358,9828,TOILETRIES,1988,OCC:L'OCCITANE,6749,SET,10HCDTRI20H:HAND CREAM SEASON SET 2020,95.6,239,QAR,204,A,,020425193358
001,020415193359,9801,SKINCARE,1988,OCC:L'OCCITANE,6749,SET,27FCQUA20H:FACE CARE SEASON SET 2020,119.6,299,QAR,204,A,,020425193359
001,020415193360,9801,SKINCARE,1988,OCC:L'OCCITANE,6749,SET,10ELBBDSET20:COLLABORATION BB DORE BOX,159.5999,399,QAR,204,A,,020425193360
001,020415193361,9801,SKINCARE,1988,OCC:L'OCCITANE,6749,SET,10ELBBNSET20:COLLABORATION BB NUDE BOX,159.5999,399,QAR,204,A,,020425193361
001,020415193362,9801,SKINCARE,1988,OCC:L'OCCITANE,6749,SET,10ELCCDSET20:COLLABORATION CC DORE BOX,159.5999,399,QAR,204,A,,020425193362
001,020415193363,9801,SKINCARE,1988,OCC:L'OCCITANE,6749,SET,10ELCCCSET20:COLLABORATION CC CLAIR BOX,159.5999,399,QAR,204,A,,020425193363
001,020415193364,9801,SKINCARE,1988,OCC:L'OCCITANE,6749,SET,27DIVSET20:DIVINE FACE CARE SET 2020,418,1045,QAR,204,A,,020425193364
001,020415193365,9815,BEAUTY SET,1988,OCC:L'OCCITANE,3997,BEAUTY SET,01HPDUO20H:SHEA & PETIT DUO H2020,35.6,89,QAR,204,A,,020425193365
001,020415193366,9815,BEAUTY SET,1988,OCC:L'OCCITANE,3997,BEAUTY SET,10HSSET20H:HOME SEASON SET 2020,59.6,149,QAR,204,A,,020425193366
001,020415193367,9815,BEAUTY SET,1988,OCC:L'OCCITANE,3997,BEAUTY SET,10SDAYO120H:SINGLE'S DAY OFFER V1 2020,44.3999,111,QAR,204,A,,020425193367
001,020415193368,9815,BEAUTY SET,1988,OCC:L'OCCITANE,3997,BEAUTY SET,10SDAYO220H:SINGLE'S DAY OFFER V2 2020,44.3999,111,QAR,204,A,,020425193368
001,020415193369,9815,BEAUTY SET,1988,OCC:L'OCCITANE,3997,BEAUTY SET,24TQUA20H:TDL SEASON SET 2020,54,135,QAR,204,A,,020425193369
001,020415193370,9815,BEAUTY SET,1988,OCC:L'OCCITANE,3997,BEAUTY SET,18TDLISET2020:TDL INTENSE SET,219.6,549,QAR,204,A,,020425193370
001,020415193371,9815,BEAUTY SET,1988,OCC:L'OCCITANE,3997,BEAUTY SET,01HCDUO20H:SHEA HAND CARE DUO H2020,35.6,89,QAR,204,A,,020425193371
001,020415193372,9815,BEAUTY SET,1988,OCC:L'OCCITANE,3997,BEAUTY SET,01HNDUO20H:NEROLI HAND CARE DUO H2020,35.6,89,QAR,204,A,,020425193372
001,020415193373,9815,BEAUTY SET,1988,OCC:L'OCCITANE,3997,BEAUTY SET,01HADUO20H:ALMOND HAND CARE DUO H2020,35.6,89,QAR,204,A,,020425193373
001,020415193377,9815,BEAUTY SET,1988,OCC:L'OCCITANE,3997,BEAUTY SET,24RQUA20H:ROSE SEASON SET 2020,54,135,QAR,204,A,,020425193377
001,020415204322,9834,PLV,1988,OCC:L'OCCITANE,6977,WRAPPING MATERIALS,80NEBOX20:NEROLI BOX 2020,7.5164,4.12,QAR,204,A,,020425204322
001,020415204324,9834,PLV,1988,OCC:L'OCCITANE,6977,WRAPPING MATERIALS,80ALMBBOX20:ALMOND SET BOX 2020,10.741,5.9,QAR,204,A,,020425204324
001,020415204325,9834,PLV,1988,OCC:L'OCCITANE,6977,WRAPPING MATERIALS,80ALMSBOX20:ALMOND SMALL SET BOX 2020,7.8992,4.32,QAR,204,A,,020425204325
001,020415204326,9834,PLV,1988,OCC:L'OCCITANE,6977,WRAPPING MATERIALS,80SBBOX20:SHEA BUTTER SET BOX 2020,11.6312,6.38,QAR,204,A,,020425204326
001,020415204327,9834,PLV,1988,OCC:L'OCCITANE,6977,WRAPPING MATERIALS,80CCBOX20:CAP CEDRAT SET BOX 2020,9.3042,5.1,QAR,204,A,,020425204327
001,020415204328,9834,PLV,1988,OCC:L'OCCITANE,6977,WRAPPING MATERIALS,80EDBBOX20:BAUX SET BOX 2020,9.3042,5.1,QAR,204,A,,020425204328
001,020415204329,9834,PLV,1988,OCC:L'OCCITANE,6977,WRAPPING MATERIALS,80LOCBOX20:LOCCITAN SET BOX 2020,9.3042,5.1,QAR,204,A,,020425204329
001,020415214823,9843,AMBIENT SCENTS,1988,OCC:L'OCCITANE,4153,CANDLES,01BG070K21:SOLIDARITY CANDLE 70GR,19.6,49,QAR,204,A,,3253581718780
001,020415214825,9828,TOILETRIES,1988,OCC:L'OCCITANE,4634,HAND & FOOT CARE,01BP050K21:SHEA INTENSIV FOOT BALM 50ML,39.421,99,QAR,204,A,,3253581688878
001,020415214826,9828,TOILETRIES,1988,OCC:L'OCCITANE,3991,BATH & BODY,01CD250K21:SHEA SHOWER CREA HAPPY 250ML,35.6,89,QAR,204,A,,3253581716717
001,020415214827,9801,SKINCARE,1988,OCC:L'OCCITANE,4508,DAY CREAMS,01CL050K21:LIGHT COMFORTING CREAM 50ML,69.9988,175,QAR,204,A,,3253581716625
001,020415214828,9828,TOILETRIES,1988,OCC:L'OCCITANE,4634,HAND & FOOT CARE,01CM030K21:SOLIDARITY HAND CREAM 30ML,19.6,49,QAR,204,A,,3253581721636
001,020415214829,9828,TOILETRIES,1988,OCC:L'OCCITANE,3991,BATH & BODY,01CP100K21:SHEA CURC HAPPY 100ML,53.9998,135,QAR,204,A,,3253581688915
001,020415214830,9828,TOILETRIES,1988,OCC:L'OCCITANE,4634,HAND & FOOT CARE,01MA030K21:SHEA HAND CREAM HAPPY 30ML,19.6,49,QAR,204,A,,3253581688892
001,020415214831,9828,TOILETRIES,1988,OCC:L'OCCITANE,4634,HAND & FOOT CARE,01SA050KL20:SHEA LAV LIQ SOAP NOMAD 50ML,14,30,QAR,204,A,,3253581754528
001,020415214832,9828,TOILETRIES,1988,OCC:L'OCCITANE,4634,HAND & FOOT CARE,01SA050KV20:NOMADIC SHEA VER LIQ SOAP 50ML,14,30,QAR,204,A,,3253581754511
001,020415214833,9828,TOILETRIES,1988,OCC:L'OCCITANE,3991,BATH & BODY,01SA100LT20:SOAP SHEA MILK 100G,17.0129,45,QAR,204,A,,3253581680513
001,020415214834,9843,AMBIENT SCENTS,1988,OCC:L'OCCITANE,6733,SCENTED LIQUID,11BR100A20:PURIF HOME AWAY MIST 100ML,18.9391,110,QAR,204,A,,3253581754535
001,020415214835,9813,FRAGRANCES,1988,OCC:L'OCCITANE,4536,EAU DE PARFUM,11EDP090C20:86 CHAMPS EDP CEDARWOOD 90ML,179.6,485,QAR,204,A,,3253581700013
001,020415214836,9828,TOILETRIES,1988,OCC:L'OCCITANE,4634,HAND & FOOT CARE,11MA030A20:PURIF AND PROTECT HC 30ML,19.522,49,QAR,204,A,,3253581754559
001,020415214837,9801,SKINCARE,1988,OCC:L'OCCITANE,6929,TONERS,11MWC200I19:CLEANS INF 3IN1 MICE WAT 200ML,39.6,110,QAR,204,A,,3253581716694
001,020415214838,9828,TOILETRIES,1988,OCC:L'OCCITANE,3991,BATH & BODY,25SA100CM21:BM SOAP LIME TANGERINE 100GR,14,35,QAR,204,A,,3253581680285
001,020415214839,9828,TOILETRIES,1988,OCC:L'OCCITANE,3991,BATH & BODY,25SA100EP21:BM SOAP EXTRA PUR 100GR,14,35,QAR,204,A,,3253581680230
001,020414561377,9834,PLV,1988,OCC:L'OCCITANE,4524,DISPLAY MATERIALS,160225TALL:LOC GLASS VASE TALL,0,.01,QAR,204,C,,020424561377
001,020414561379,9834,PLV,1988,OCC:L'OCCITANE,4524,DISPLAY MATERIALS,160220MEDIUM:LOC GLASS VASE MEDIUM,0,.01,QAR,204,C,,020424561379
001,020414561380,9834,PLV,1988,OCC:L'OCCITANE,4524,DISPLAY MATERIALS,182415SMALL:LOC GLASS VASE SMALL,0,.01,QAR,204,C,,020424561380
001,020414562763,9815,BEAUTY SET,1988,OCC:L'OCCITANE,3997,BEAUTY SET,12NOSETN19:NEROLI & ORCHIDEE SET 2019,177.8561,445,QAR,204,A,,020424562763
001,020414562779,9834,PLV,1988,OCC:L'OCCITANE,6640,PROMOTIONAL MATERIALS,24ARLGWP19:ARLESIENNE GWP 2019,0,0,QAR,204,A,,020424562779
001,020414562879,9834,PLV,1988,OCC:L'OCCITANE,6640,PROMOTIONAL MATERIALS,15VERGWP19:VERBENA GWP 2019,0,0,QAR,204,A,,020424562879
001,020414562880,9834,PLV,1988,OCC:L'OCCITANE,6640,PROMOTIONAL MATERIALS,18TDLGWP19:TDL GWP 2019,0,0,QAR,204,A,,020424562880
001,020414562881,9834,PLV,1988,OCC:L'OCCITANE,6640,PROMOTIONAL MATERIALS,24CHGWP19:CHERRY GWP 2019,0,0,QAR,204,A,,020424562881
001,020414562889,9801,SKINCARE,1988,OCC:L'OCCITANE,6749,SET,11AQCTSET19:AQUA CREAM TRAVEL SET 2019,47.6,119,QAR,204,A,,020424562889
001,020414562890,9801,SKINCARE,1988,OCC:L'OCCITANE,6749,SET,11AQGTSET19:AQUA GEL TRAVEL SET 2019,47.6,119,QAR,204,A,,020424562890
001,020414575213,9850,HAIR CARE,1988,OCC:L'OCCITANE,3903,AFTER SHAMPOO,98BBAS050A0:ALMOND CONDITIONER 50ML,2.0446,.94,QAR,204,A,,3253581554388
001,020414575215,9828,TOILETRIES,1988,OCC:L'OCCITANE,3991,BATH & BODY,98BBLC050A0:ALMOND BODY MILK 50ML,2.1316,.98,QAR,204,A,,3253581513460
001,020414575216,9850,HAIR CARE,1988,OCC:L'OCCITANE,6753,SHAMPOO,98BBSH050A0:ALMOND SHAMPOO 50ML,0,29,QAR,204,A,,3253581554357
001,020414575217,9828,TOILETRIES,1988,OCC:L'OCCITANE,3991,BATH & BODY,98BBHD050A0:ALMOND SHOWER OIL 50 ML,1.8706,.86,QAR,204,A,,3253581513446
001,020414582648,9801,SKINCARE,1988,OCC:L'OCCITANE,5647,LIP BALMS/FILLERS/MOISTURISER,01BL012K20:SHEA SPF LIP BALM 12ML,22,60,QAR,204,A,,3253581575277
001,020414582650,9801,SKINCARE,1988,OCC:L'OCCITANE,4508,DAY CREAMS,01CLS050K19:SHEA SPF15 FACE CREAM 50ML,67.6,175,QAR,204,A,,3253581590034
001,020414582653,9801,SKINCARE,1988,OCC:L'OCCITANE,4508,DAY CREAMS,27DCS050I18:IMM DIVINE CREAM SPF20 50ML,198,480,QAR,204,A,,3253581562697
001,020414582654,9801,SKINCARE,1988,OCC:L'OCCITANE,6929,TONERS,27EV200I19:IMM PREC ESSENTIAL WATER 200ML,46,99,QAR,204,A,,3253581582657
001,020414582655,9801,SKINCARE,1988,OCC:L'OCCITANE,4552,EYE CREAMS,38EC015A18:ILLUMINATING EYE CARE & MASK,95.6,190,QAR,204,A,,3253581575529
001,020414582656,9801,SKINCARE,1988,OCC:L'OCCITANE,4552,EYE CREAMS,38ST016A18:RB TARGETED SPOT PROG DUO,139.6,349,QAR,204,A,,3253581556092
001,020414582657,9801,SKINCARE,1988,OCC:L'OCCITANE,6865,SUNCARE,38UV030A18:ILLUMINATING UV SHIELD SPF 50,79.6,210,QAR,204,A,,3253581575505
001,020414582658,9834,PLV,1988,OCC:L'OCCITANE,6640,PROMOTIONAL MATERIALS,49BAGVE19:2019 VERBENA BAG,0,.01,QAR,204,C,,3253581570678
001,020414582659,9834,PLV,1988,OCC:L'OCCITANE,6640,PROMOTIONAL MATERIALS,49POU1VE19:2019 VERBENA POUCH 1,0,.01,QAR,204,C,,3253581570746
001,020414582660,9834,PLV,1988,OCC:L'OCCITANE,4524,DISPLAY MATERIALS,52TKVB19:TABLE KIT VERBENA 19,0,.01,QAR,204,C,,3253581575192
001,020414582661,9834,PLV,1988,OCC:L'OCCITANE,4524,DISPLAY MATERIALS,54WKVB19:WINDOW KIT VERBENA 19,0,.01,QAR,204,C,,3253581575116
001,020414582662,9834,PLV,1988,OCC:L'OCCITANE,4524,DISPLAY MATERIALS,54WTPVB19:WINDOW TABLE PAPER VERBENA 19,0,.01,QAR,204,C,,3253581575215
001,020414598099,9834,PLV,1988,OCC:L'OCCITANE,4523,DISPLAY FURNITURE,52KTVER218:SET OF 2 GLASSES TESTING TRAY,0,.01,QAR,204,C,,3253581589915
001,020414598101,9834,PLV,1988,OCC:L'OCCITANE,4523,DISPLAY FURNITURE,52PLATEST218:UNIT TESTING TRAY 2,0,.01,QAR,204,C,,3253581586761
001,020414598102,9834,PLV,1988,OCC:L'OCCITANE,4523,DISPLAY FURNITURE,52LTABLEPOS19:TABLE POS HOLDER LARGE,0,.01,QAR,204,C,,3253581597965
001,020414598103,9834,PLV,1988,OCC:L'OCCITANE,4523,DISPLAY FURNITURE,52PERFDISPL19:PERFUME DISPLAYER 2019,0,.01,QAR,204,C,,3253581597811
001,020414598104,9834,PLV,1988,OCC:L'OCCITANE,4524,DISPLAY MATERIALS,52TESTROSAF19:TESTING TOOL ROSE SAFFRON,0,.01,QAR,204,A,,3253581597804
001,020414598105,9834,PLV,1988,OCC:L'OCCITANE,4524,DISPLAY MATERIALS,52TESTORAN19:TESTING TOOL ORANGE LEAVES,0,.01,QAR,204,A,,3253581597774
001,020414598106,9834,PLV,1988,OCC:L'OCCITANE,4524,DISPLAY MATERIALS,52TESTMAND19:TESTING TOOL MANDARIN IMMO,0,.01,QAR,204,C,,3253581597781
001,020414598107,9834,PLV,1988,OCC:L'OCCITANE,4524,DISPLAY MATERIALS,52TESTFRAM19:TESTING TOOL RASBERRY GREE,0,.01,QAR,204,C,,3253581597798
001,020414598108,9834,PLV,1988,OCC:L'OCCITANE,4524,DISPLAY MATERIALS,52TESTCIT19:TESTING TOOL BLACK LEMON,0,.01,QAR,204,C,,3253581597767
001,020414598109,9834,PLV,1988,OCC:L'OCCITANE,4524,DISPLAY MATERIALS,52TESTCAS19:TESTING TOOL BLCKCUR RHUBA,0,.01,QAR,204,C,,3253581597750
001,020414607284,9834,PLV,1988,OCC:L'OCCITANE,4523,DISPLAY FURNITURE,52TABLTRAYL19:SMALL NOVELTIES TABLE,0,.01,QAR,204,C,,3253581597927
001,020414607286,9834,PLV,1988,OCC:L'OCCITANE,4523,DISPLAY FURNITURE,52TABLTRAYS19:SET OF 2 GLASSES TESTING TRAY,0,.01,QAR,204,C,,3253581597910
001,020414631881,9812,GWP,1988,OCC:L'OCCITANE,4624,GWP,98BBPOUGEN18:B2B GENERIC POUCH,0,.01,QAR,204,A,,3253581586556
001,020414631882,9801,SKINCARE,1988,OCC:L'OCCITANE,4508,DAY CREAMS,98BBCD005A0:AQUA THIRST QUEN CREAM 5ML,7.6,19,QAR,204,A,,3253581575093
001,020414664236,9834,PLV,1988,OCC:L'OCCITANE,4524,DISPLAY MATERIALS,55TSCAR32:MARFIL 32.40M2-1PACK 1.08M2,0,.01,QAR,204,C,,3253581681398
001,020414664238,9834,PLV,1988,OCC:L'OCCITANE,4524,DISPLAY MATERIALS,55TSCAR10:MARFIL 10.80M2-1 PACK 1.08M2,0,.01,QAR,204,C,,3253581688052
001,020414668578,9834,PLV,1988,OCC:L'OCCITANE,6640,PROMOTIONAL MATERIALS,OLDCHAIRCOVER2019:OLD CHAIR COVER 2019,0,.01,QAR,204,C,,020424668578
001,020414668580,9834,PLV,1988,OCC:L'OCCITANE,6640,PROMOTIONAL MATERIALS,NEWCHAIRCOVER2019:NEW CHAIR COVER 2019,0,.01,QAR,204,C,,020424668580
001,020414684223,9834,PLV,1988,OCC:L'OCCITANE,6977,WRAPPING MATERIALS,88RINA19:RIBBON NAVY 680,0,.01,QAR,204,C,,020424684223
001,020414684225,9834,PLV,1988,OCC:L'OCCITANE,6977,WRAPPING MATERIALS,88RICA19:RIBBON CAMISOLE 430,0,.01,QAR,204,C,,020424684225
001,020414684226,9834,PLV,1988,OCC:L'OCCITANE,6977,WRAPPING MATERIALS,88RIIC19:RIBBON ICE 610,0,.01,QAR,204,C,,020424684226
001,020414684227,9834,PLV,1988,OCC:L'OCCITANE,6977,WRAPPING MATERIALS,88RIBR19:RIBBON BRIDAL 101,0,.01,QAR,204,C,,020424684227
001,020414684228,9834,PLV,1988,OCC:L'OCCITANE,6977,WRAPPING MATERIALS,88RISF19:RIBBON SUNFLOWER 270,0,.01,QAR,204,C,,020424684228
001,020414684229,9834,PLV,1988,OCC:L'OCCITANE,6977,WRAPPING MATERIALS,88RISD19:RIBBON SAND DUNE 150,0,.01,QAR,204,C,,020424684229
001,020414684230,9834,PLV,1988,OCC:L'OCCITANE,6977,WRAPPING MATERIALS,88RISC19:RIBBON SILVER COIN 920,0,.01,QAR,204,C,,020424684230
001,020414685644,9834,PLV,1988,OCC:L'OCCITANE,6640,PROMOTIONAL MATERIALS,LOCTEDBEAR25CM:MINI TEDDY BEAR 25CM,0,.01,QAR,204,C,,020424685644
001,020414692436,9828,TOILETRIES,1988,OCC:L'OCCITANE,3991,BATH & BODY,98BBSA100A0:ALMOND SOAP 100GR,14.0001,35,QAR,204,A,,3253581556078
001,020414692917,9828,TOILETRIES,1988,OCC:L'OCCITANE,3991,BATH & BODY,01LC075K17:SHEA RICH BODY LOTION 75ML,22.0001,55,QAR,204,A,,3253581479988
001,020414692919,9801,SKINCARE,1988,OCC:L'OCCITANE,5955,MAKE-UP REMOVERS,11BP100I19:CLEANS INF BIPH MK REMOV 100ML,39.6,110,QAR,204,A,,3253581586303
001,020414692920,9801,SKINCARE,1988,OCC:L'OCCITANE,4562,FACE MASK & PEELS & TREATMENTS,11EMA006I19:SOOTHING MASK 6ML,11.6,30,QAR,204,A,,3253581554463
001,020414692921,9801,SKINCARE,1988,OCC:L'OCCITANE,4562,FACE MASK & PEELS & TREATMENTS,11EMA075I19:SOOTHING MASK 75ML,67.6,150,QAR,204,A,,3253581554432
001,020414692922,9801,SKINCARE,1988,OCC:L'OCCITANE,4562,FACE MASK & PEELS & TREATMENTS,11EMI006I19:BRIGHTENING MASK 6ML,11.6,30,QAR,204,A,,3253581554470
001,020414692923,9801,SKINCARE,1988,OCC:L'OCCITANE,4562,FACE MASK & PEELS & TREATMENTS,11EMI075I19:BRIGHTENING MASK 75ML,67.6,160,QAR,204,A,,3253581565940
001,020414692924,9801,SKINCARE,1988,OCC:L'OCCITANE,4562,FACE MASK & PEELS & TREATMENTS,11EMP006I19:PURIFYING MASK 6ML,11.6,30,QAR,204,A,,3253581570654
001,020414692925,9801,SKINCARE,1988,OCC:L'OCCITANE,4562,FACE MASK & PEELS & TREATMENTS,11EMP075I19:PURIFYING MASK 75ML,67.6,150,QAR,204,A,,3253581565933
001,020414692926,9801,SKINCARE,1988,OCC:L'OCCITANE,4344,CLEANSERS,11GM200I19:CLEANS INFUS FOAM IN GEL 200ML,39.6,110,QAR,204,A,,3253581554531
001,020414692927,9801,SKINCARE,1988,OCC:L'OCCITANE,4344,CLEANSERS,11LD200I19:CLEANS INF CLEANS MILK 200ML,39.6,110,QAR,204,A,,3253581586365
001,020414692929,9828,TOILETRIES,1988,OCC:L'OCCITANE,3991,BATH & BODY,15CC150VA19:CITRUS VER 19 BODY CREAM 150ML,55.6,139,QAR,204,C,,3253581571101
001,020414692932,9828,TOILETRIES,1988,OCC:L'OCCITANE,4634,HAND & FOOT CARE,15MA030VB19:VER 19 HAND CREAM 30ML,19.6,49,QAR,204,A,,3253581570876
001,020414692933,9828,TOILETRIES,1988,OCC:L'OCCITANE,3991,BATH & BODY,15PE200VB19:VER 19 BODY SCRUB 200ML,52.1667,140,QAR,204,A,,3253581570883
001,020414692934,9850,HAIR CARE,1988,OCC:L'OCCITANE,3903,AFTER SHAMPOO,17AS075P19:PURIFYING CONDITIONER 75ML,14,45,QAR,204,A,,3253581586006
001,020414692940,9850,HAIR CARE,1988,OCC:L'OCCITANE,6753,SHAMPOO,17RS500P19:PURIFYING SH REFILL 500ML,47.6,155,QAR,204,A,,3253581585931
001,020414692941,9850,HAIR CARE,1988,OCC:L'OCCITANE,6753,SHAMPOO,17SH075P19:PURIFYING SHAMPOO 75ML,15.6,37,QAR,204,A,,3253581585900
001,020414692942,9850,HAIR CARE,1988,OCC:L'OCCITANE,6753,SHAMPOO,17SH500P19:PURIFYING SHAMPOO 500ML,51.6,175,QAR,204,A,,3253581585986
001,020414692943,9828,TOILETRIES,1988,OCC:L'OCCITANE,3991,BATH & BODY,24GD075R18:ROSE SHOWER GEL 75ML,14,35,QAR,204,A,,3253581542330
001,020414692944,9828,TOILETRIES,1988,OCC:L'OCCITANE,3991,BATH & BODY,24LC075R18:ROSE BODY MILK 75 ML,19.6,49,QAR,204,A,,3253581542347
001,020414692945,9828,TOILETRIES,1988,OCC:L'OCCITANE,4634,HAND & FOOT CARE,24MA075R18:ROSE HAND CREAM 75ML,38,95,QAR,204,A,,3253581542125
001,020414692949,9828,TOILETRIES,1988,OCC:L'OCCITANE,3991,BATH & BODY,29SA050A17:ALM DELICIOUS SOAP RSPO SG 50G,11.6,30,QAR,204,A,,3253581512975
001,020414692954,9801,SKINCARE,1988,OCC:L'OCCITANE,4344,CLEANSERS,49CM030I19:CLEANS INFUS FOAM IN GEL 30ML,7.2,20,QAR,204,A,,3253581586204
001,020414692955,9834,PLV,1988,OCC:L'OCCITANE,6640,PROMOTIONAL MATERIALS,49MENSA19:2019 COLL SA MEN BOX,0,.01,QAR,204,A,,3253581595428
001,020414692956,9801,SKINCARE,1988,OCC:L'OCCITANE,4344,CLEANSERS,49MW030I19:CLEANS INF 3IN1 MICE WAT 30ML,7.2,19,QAR,204,A,,3253581586273
001,020414692957,9834,PLV,1988,OCC:L'OCCITANE,6640,PROMOTIONAL MATERIALS,49PO1SA19:2019 COLL SA POUCH 1,0,.01,QAR,204,A,,3253581592557
001,020414692958,9834,PLV,1988,OCC:L'OCCITANE,6640,PROMOTIONAL MATERIALS,49PO2SA19:2019 COLL SA POUCH 2,0,.01,QAR,204,A,,3253581592564
001,020414692959,9834,PLV,1988,OCC:L'OCCITANE,6640,PROMOTIONAL MATERIALS,49PO3SA19:2019 COLL SA POUCH 3,0,.01,QAR,204,A,,3253581592830
001,020414692960,9834,PLV,1988,OCC:L'OCCITANE,6640,PROMOTIONAL MATERIALS,49TOTSA19:2019 COLL SA TOTEBAG,0,.01,QAR,204,A,,3253581592625
001,020414692961,9834,PLV,1988,OCC:L'OCCITANE,6640,PROMOTIONAL MATERIALS,49TOWSA19:2019 COLL SA TOWEL,0,.01,QAR,204,C,,3253581592892
001,020414692962,9834,PLV,1988,OCC:L'OCCITANE,6640,PROMOTIONAL MATERIALS,49VALSA19:2019 COLL SA SUITCASE,0,.01,QAR,204,C,,3253581595275
001,020414692963,9834,PLV,1988,OCC:L'OCCITANE,6722,SAMPLES,52BY001I19:IMM PREC SAM EYE 1.5ML 1,0,.01,QAR,204,A,,3253581582695
001,020414692964,9834,PLV,1988,OCC:L'OCCITANE,6722,SAMPLES,52CP0015I19:IMM PREC SAM CREAM 1.5ML 1,0,.01,QAR,204,A,,3253581582596
001,020414692965,9834,PLV,1988,OCC:L'OCCITANE,6722,SAMPLES,52SP001I19:IMM PREC SAMPLE SERUM 1ML 1,0,.01,QAR,204,A,,3253581582794
001,020414692966,9834,PLV,1988,OCC:L'OCCITANE,4523,DISPLAY FURNITURE,55HORACODRN:BLACK JOIN RIGHT TRACK,0,.01,QAR,204,A,,3253581512937
001,020414709817,9815,BEAUTY SET,1988,OCC:L'OCCITANE,3997,BEAUTY SET,10NAMBSJ19:ALL WHAT YOU LOVE 2019,59.6001,149,QAR,204,A,,020424709817
001,020414709818,9815,BEAUTY SET,1988,OCC:L'OCCITANE,3997,BEAUTY SET,20MESUMDS19:MEN SUMMER SET 2019,39.5999,99,QAR,204,A,,020424709818
001,020414709819,9815,BEAUTY SET,1988,OCC:L'OCCITANE,3997,BEAUTY SET,20CEDHCDS19:CEDRAT HOMME DISCOVER SET 2019,14.9,149,QAR,204,A,,020424709819
001,020414709820,9815,BEAUTY SET,1988,OCC:L'OCCITANE,3997,BEAUTY SET,20CEDVS19:CEDRAT SET 2019,159.6001,425,QAR,204,A,,020424709820
001,020414709821,9815,BEAUTY SET,1988,OCC:L'OCCITANE,3997,BEAUTY SET,24ROSUMDS19:ROSES SUMMER SET 2019,47.6,119,QAR,204,A,,020424709821
001,020414709822,9834,PLV,1988,OCC:L'OCCITANE,6640,PROMOTIONAL MATERIALS,49AUGGWP19:AUGUST 2019 GWP,0,0,QAR,204,A,,020424709822
001,020414709830,9815,BEAUTY SET,1988,OCC:L'OCCITANE,3997,BEAUTY SET,29ALMDELT19:ALMOND DELICIOUS TIN BOX 2019,39.6,99,QAR,204,A,,020424709830
001,020414709831,9828,TOILETRIES,1988,OCC:L'OCCITANE,6749,SET,29ALSUMDS19:ALMOND SUMMER SET 2019,31.6,79,QAR,204,A,,020424709831
001,020414709832,9815,BEAUTY SET,1988,OCC:L'OCCITANE,3997,BEAUTY SET,01SHBSUMDS19:SHEA BUTTER SUMMER SET 2019,59.6,149,QAR,204,A,,020424709832
001,020414709833,9828,TOILETRIES,1988,OCC:L'OCCITANE,6749,SET,01SHBHCDU19WRONG:SHEA HAND CREAM DUO,34,85,QAR,204,A,,020424709833
001,020414709834,9828,TOILETRIES,1988,OCC:L'OCCITANE,6749,SET,01SHHFD19:SHEA HAND AND FOOT DUO,34,85,QAR,204,A,,020424709834
001,020414709835,9828,TOILETRIES,1988,OCC:L'OCCITANE,6749,SET,10SHNERD19:SHEA NEROLI HAND CREAM DUO,34,85,QAR,204,A,,020424709835
001,020414709836,9828,TOILETRIES,1988,OCC:L'OCCITANE,6749,SET,10SHROD19:SHEA ROSE HAND CREAM DUO,34,85,QAR,204,A,,020424709836
001,020414709837,9828,TOILETRIES,1988,OCC:L'OCCITANE,6749,SET,10SHALMD19:SHEA ALMOND HAND CREAM DUO,34,85,QAR,204,A,,020424709837
001,020414715308,9828,TOILETRIES,1988,OCC:L'OCCITANE,6749,SET,01SHBHCDU19:SHEA HAND CREAM DUO,,85,QAR,204,A,,020424715308
001,020414720252,9850,HAIR CARE,1988,OCC:L'OCCITANE,3903,AFTER SHAMPOO,17AS075E19:GENTLE & BALANCE COND 75ML,14,45,QAR,204,A,,3253581595268
001,020414720254,9850,HAIR CARE,1988,OCC:L'OCCITANE,3903,AFTER SHAMPOO,17AS250E19:GENTLE & BALANCE COND 250ML,35.6,115,QAR,204,A,,3253581595237
001,020414720255,9850,HAIR CARE,1988,OCC:L'OCCITANE,3903,AFTER SHAMPOO,17AS500E19:GENTLE & BALANCE COND 500ML,59.6,210,QAR,204,A,,3253581595244
001,020414720256,9850,HAIR CARE,1988,OCC:L'OCCITANE,4627,HAIR & SCALP TREATMENTS,17HI100G19:INT REPAIR INFUSED OIL 100ML,52.6268,165,QAR,204,A,,3253581570593
001,020414720258,9850,HAIR CARE,1988,OCC:L'OCCITANE,6753,SHAMPOO,17SH300E19:GENTLE & BALANCE SHP 300ML,35.6,115,QAR,204,C,,3253581595213
001,020414720259,9850,HAIR CARE,1988,OCC:L'OCCITANE,6753,SHAMPOO,17SH500E19:GENTLE & BALANCE SHAMP 500ML,51.6,175,QAR,204,C,,3253581595220
001,020414720260,9801,SKINCARE,1988,OCC:L'OCCITANE,4508,DAY CREAMS,27CP050I19:IMM PREC CREAM 50ML,119.6,310,QAR,204,A,,3253581585870
001,020414720261,9801,SKINCARE,1988,OCC:L'OCCITANE,6929,TONERS,27ER200I19:IMM PREC ENRICHED WATER 200ML,46,135,QAR,204,A,,3253581585863
001,020414720262,9801,SKINCARE,1988,OCC:L'OCCITANE,4508,DAY CREAMS,27FP050I19:IMM PREC FLUID 50ML,119.6,310,QAR,204,A,,3253581582855
001,020414720263,9801,SKINCARE,1988,OCC:L'OCCITANE,6744,SERUM,27SP030I19:IMM PREC SERUM 30ML,134,295,QAR,204,A,,3253581582787
001,020414720264,9828,TOILETRIES,1988,OCC:L'OCCITANE,3991,BATH & BODY,29GE200A18:ALMOND SHOWER SCRUB 200ML,35.5599,110,QAR,204,A,,3253581554234
001,020414720266,9812,GWP,1988,OCC:L'OCCITANE,1,SKIN MOISTURISER,49BYP004I19:IMM PREC GWP EYES 4ML,0,69,QAR,204,A,,3253581582626
001,020414720267,9812,GWP,1988,OCC:L'OCCITANE,1,SKIN MOISTURISER,49CP008I19:IMM PREC GWP CREAM 8ML,0,55,QAR,204,A,,3253581582664
001,020414720268,9801,SKINCARE,1988,OCC:L'OCCITANE,4344,CLEANSERS,49EV030I19:IMM PREC GWP ESSENT WATER 30ML,0,20,QAR,204,A,,3253581582572
001,020414720269,9834,PLV,1988,OCC:L'OCCITANE,6640,PROMOTIONAL MATERIALS,49POUIS19:2019 IM SEPT POUCH,5.9246,2.76,QAR,204,A,,3253581582565
001,020414720270,9834,PLV,1988,OCC:L'OCCITANE,6722,SAMPLES,52EV002I19:IMM PREC SAM ESSEN WATER 2MLX1,0,.01,QAR,204,C,,3253581582763
001,020414720271,9834,PLV,1988,OCC:L'OCCITANE,6757,SHOPPING BAGS,52MIGEBAG19:MINI GENERIC BAG 2019,0,.01,QAR,204,A,,3253581679470
001,020414720273,9834,PLV,1988,OCC:L'OCCITANE,6722,SAMPLES,52WC0015A19:RB SAM WHITE INFUS CR 1.5MLX1,0,.01,QAR,204,A,,3253581562819
001,020414732559,9834,PLV,1988,OCC:L'OCCITANE,6977,WRAPPING MATERIALS,88CSWSQ19:CUSTOMIZED SACHET WHITE SMALL QUANTITY,0,.01,QAR,204,C,,020424732559
001,020414732561,9834,PLV,1988,OCC:L'OCCITANE,6977,WRAPPING MATERIALS,88CSWMQ19:CUSTOMIZED SACHET WHITE MEDIUM QUANTITY,0,.01,QAR,204,C,,020424732561
001,020414732562,9834,PLV,1988,OCC:L'OCCITANE,6977,WRAPPING MATERIALS,88CSWLQ19:CUSTOMIZED SACHET WHITE LARGE QUANTITY,0,.01,QAR,204,C,,020424732562
001,020414732563,9834,PLV,1988,OCC:L'OCCITANE,6977,WRAPPING MATERIALS,88CSCSQ19:CUSTOMIZED SACHET CRAFT SMALL QUANTITY,0,.01,QAR,204,C,,020424732563
001,020414732564,9834,PLV,1988,OCC:L'OCCITANE,6977,WRAPPING MATERIALS,88CSCMQ19:CUSTOMIZED SACHET CRAFT MEDIUM  QUANTITY,0,.01,QAR,204,C,,020424732564
001,020414732565,9834,PLV,1988,OCC:L'OCCITANE,6977,WRAPPING MATERIALS,88CSCLQ19:CUSTOMIZED SACHET CRAFT LARGE QUANTITY,0,.01,QAR,204,C,,020424732565
001,020414732566,9834,PLV,1988,OCC:L'OCCITANE,6977,WRAPPING MATERIALS,88CSBSQ19:CUSTOMIZED SACHET BLUE SMALL QUANTITY,0,.01,QAR,204,C,,020424732566
001,020414732567,9834,PLV,1988,OCC:L'OCCITANE,6977,WRAPPING MATERIALS,88CSBMQ19:CUSTOMIZED SACHET BLUE MEDIUM QUANTITY,0,.01,QAR,204,C,,020424732567
001,020414732568,9834,PLV,1988,OCC:L'OCCITANE,6977,WRAPPING MATERIALS,88CSBLQ19:CUSTOMIZED SACHET BLUE LARGE QUANTITY,0,.01,QAR,204,C,,020424732568
001,020414732569,9834,PLV,1988,OCC:L'OCCITANE,6977,WRAPPING MATERIALS,88CSPSQ19:CUSTOMIZED SACHET PINK SMALL QUANTITY,0,40,QAR,204,C,,020424732569
001,020414732570,9834,PLV,1988,OCC:L'OCCITANE,6977,WRAPPING MATERIALS,88CSPMQ19:CUSTOMIZED SACHET PINK MEDIUM QUANTITY,0,.01,QAR,204,C,,020424732570
001,020414732571,9834,PLV,1988,OCC:L'OCCITANE,6977,WRAPPING MATERIALS,88CSPLQ19:CUSTOMIZED SACHET PINK LARGE QUANTITY,0,.01,QAR,204,C,,020424732571
001,020414732572,9834,PLV,1988,OCC:L'OCCITANE,6977,WRAPPING MATERIALS,88CBWSQ19:CUSTOMIZED BOX WHITE SMALL QUANTITY,30,40,QAR,204,A,,020424732572
001,020414732573,9834,PLV,1988,OCC:L'OCCITANE,6977,WRAPPING MATERIALS,88CBWMQ19:CUSTOMIZED BOX WHITE MEDIUM QUANTITY,0,25,QAR,204,C,,020424732573
001,020414732574,9834,PLV,1988,OCC:L'OCCITANE,6977,WRAPPING MATERIALS,88CBWLQ19:CUSTOMIZED BOX WHITE LARGE QUANTITY,0,15,QAR,204,C,,020424732574
001,020414732575,9834,PLV,1988,OCC:L'OCCITANE,6977,WRAPPING MATERIALS,88CBCSQ19:CUSTOMIZED BOX CRAFT SMALL QUANTITY,0,40,QAR,204,C,,020424732575
001,020414732576,9834,PLV,1988,OCC:L'OCCITANE,6977,WRAPPING MATERIALS,88CBCMQ19:CUSTOMIZED BOX CRAFT MEDIUM QUANTITY,0,25,QAR,204,C,,020424732576
001,020414732577,9834,PLV,1988,OCC:L'OCCITANE,6977,WRAPPING MATERIALS,88CBCLQ19:CUSTOMIZED BOX CRAFTLARGE QUANTITY,0,15,QAR,204,C,,020424732577
001,020414732578,9834,PLV,1988,OCC:L'OCCITANE,6977,WRAPPING MATERIALS,88CBBSQ19:CUSTOMIZED BOX BLUE SMALL QUANTITY,0,40,QAR,204,C,,020424732578
001,020414732579,9834,PLV,1988,OCC:L'OCCITANE,6977,WRAPPING MATERIALS,88CBBMQ19:CUSTOMIZED BOX BLUE MEDIUM QUANTITY,0,25,QAR,204,C,,020424732579
001,020414732580,9834,PLV,1988,OCC:L'OCCITANE,6977,WRAPPING MATERIALS,88CBBLQ19:CUSTOMIZED BOX BLUE LARGE QUANTITY,0,15,QAR,204,C,,020424732580
001,020414732581,9834,PLV,1988,OCC:L'OCCITANE,6977,WRAPPING MATERIALS,88CBPSQ19:CUSTOMIZED BOX PINK SMALL QUANTITY,0,40,QAR,204,C,,020424732581
001,020414732582,9834,PLV,1988,OCC:L'OCCITANE,6977,WRAPPING MATERIALS,88CBPMQ19:CUSTOMIZED BOX PINK MEDIUM QUANTITY,0,25,QAR,204,C,,020424732582
001,020414732583,9834,PLV,1988,OCC:L'OCCITANE,6977,WRAPPING MATERIALS,88CBPLQ19:CUSTOMIZED BOX PINK LARGE QUANTITY,0,15,QAR,204,C,,020424732583
001,020414732584,9834,PLV,1988,OCC:L'OCCITANE,6977,WRAPPING MATERIALS,88CRIW19:CUSTOMIZED RIBBON WHITE,0,2,QAR,204,A,,020424732584
001,020414732585,9834,PLV,1988,OCC:L'OCCITANE,6977,WRAPPING MATERIALS,88CRIP19:CUSTOMIZED RIBBON PINK,0,2,QAR,204,A,,020424732585
001,020414732586,9834,PLV,1988,OCC:L'OCCITANE,6977,WRAPPING MATERIALS,88CRIB19:CUSTOMIZED RIBBON BLUE,0,2,QAR,204,C,,020424732586
001,020414732587,9834,PLV,1988,OCC:L'OCCITANE,6977,WRAPPING MATERIALS,88CRIN19:CUSTOMIZED RIBBON NAVY,0,2,QAR,204,C,,020424732587
001,020414732588,9834,PLV,1988,OCC:L'OCCITANE,6977,WRAPPING MATERIALS,88CRIG19:CUSTOMIZED RIBBON GOLD,0,2,QAR,204,A,,020424732588
001,020414732589,9834,PLV,1988,OCC:L'OCCITANE,6977,WRAPPING MATERIALS,88CRIS19:CUSTOMIZED RIBBON SILVER,3.9998,2,QAR,204,C,,020424732589
001,020414732590,9834,PLV,1988,OCC:L'OCCITANE,6977,WRAPPING MATERIALS,88CRIY19:CUSTOMIZED RIBBON YELLOW,5.0001,2,QAR,204,C,,020424732590
001,020414732591,9834,PLV,1988,OCC:L'OCCITANE,6977,WRAPPING MATERIALS,88CGTW19:CUSTOMIZED GIFT TAG WHITE,0,.01,QAR,204,C,,020424732591
001,020414732592,9834,PLV,1988,OCC:L'OCCITANE,6977,WRAPPING MATERIALS,88CGTC19:CUSTOMIZED GIFT TAG CRAFT,0,.01,QAR,204,C,,020424732592
001,020414732593,9834,PLV,1988,OCC:L'OCCITANE,6977,WRAPPING MATERIALS,88CGTP19:CUSTOMIZED GIFT TAG PINK,0,.01,QAR,204,C,,020424732593
001,020414732594,9834,PLV,1988,OCC:L'OCCITANE,6977,WRAPPING MATERIALS,88CGRB19:CUSTOMIZED GIFT TAG BLUE,0,.01,QAR,204,C,,020424732594
001,020414734649,9801,SKINCARE,1988,OCC:L'OCCITANE,4552,EYE CREAMS,27BY015I19:IMM PREC EYE 15ML,87.5984,220,QAR,204,A,,3253581582749
001,020414734651,9834,PLV,1988,OCC:L'OCCITANE,6640,PROMOTIONAL MATERIALS,49SP004I19:IMM PREC SERUM 4ML PROMO,0,49,QAR,204,A,,3253581582619
001,020414743056,9801,SKINCARE,1988,OCC:L'OCCITANE,4344,CLEANSERS,11SV080I19:CLEANS INFUS FACE SOAP 80G,35.6,90,QAR,204,A,,3253581586198
001,020414749768,9801,SKINCARE,1988,OCC:L'OCCITANE,6749,SET,27PREDS19:PRECIOUS 2019 DISCOVERY SET,59.6,149,QAR,204,A,,020424749768
001,020414749769,9834,PLV,1988,OCC:L'OCCITANE,6640,PROMOTIONAL MATERIALS,11SEPGWP19:SEPTEMBER 2019 GWP,0,.01,QAR,204,A,,020424749769
001,020414750969,9842,MAKE UP,1988,OCC:L'OCCITANE,5648,LIPS,11LM010008M19:DELICIOUS MULTIBALM- MANDARIN,43.6,109,QAR,204,A,,3253581597972
001,020414750970,9842,MAKE UP,1988,OCC:L'OCCITANE,5648,LIPS,11LPI000028M19:INTENSE FRUITY LIPSTICK 0BEIGE,35.6,89,QAR,204,A,,3253581595299
001,020414750971,9842,MAKE UP,1988,OCC:L'OCCITANE,5648,LIPS,11LPI040028M19:INTENSE LIPSTICK - 04 LIGHT,35.6,90,QAR,204,A,,3253581595381
001,020414750972,9842,MAKE UP,1988,OCC:L'OCCITANE,5648,LIPS,11LPI050028M19:INTENSE FRUITY LIPSTICK- 05 ME,35.6,90,QAR,204,A,,3253581595282
001,020414750973,9842,MAKE UP,1988,OCC:L'OCCITANE,5648,LIPS,11LPI060028M19:INTENSE LIPSTICK - 06 INTENSE,35.6,90,QAR,204,A,,3253581595398
001,020414750974,9850,HAIR CARE,1988,OCC:L'OCCITANE,3903,AFTER SHAMPOO,17AS500P19:PURIFYING CONDITIONER 500ML,59.6,210,QAR,204,A,,3253581585917
001,020414750975,9850,HAIR CARE,1988,OCC:L'OCCITANE,3903,AFTER SHAMPOO,17RC500P19:PURIFYING CONDITIONER REFILL 500ML,54,190,QAR,204,A,,3253581585993
001,020414750976,9850,HAIR CARE,1988,OCC:L'OCCITANE,3903,AFTER SHAMPOO,24AS240R19:ROSE CONDITIONER 240ML,38,75,QAR,204,A,,3253581595329
001,020414750977,9828,TOILETRIES,1988,OCC:L'OCCITANE,3991,BATH & BODY,24BR050R19:ROSE MULTIPURPOSE MIST 50ML,35.6,89,QAR,204,A,,3253581595305
001,020414750978,9828,TOILETRIES,1988,OCC:L'OCCITANE,3991,BATH & BODY,24GD500R19:ROSE SHOWER GEL 500ML,55.6,160,QAR,204,A,,3253581595350
001,020414750979,9828,TOILETRIES,1988,OCC:L'OCCITANE,4634,HAND & FOOT CARE,24MA030RA19:SOOTH ROSE HAND CREAM 30ML,19.6,49,QAR,204,A,,3253581595343
001,020414750980,9828,TOILETRIES,1988,OCC:L'OCCITANE,4634,HAND & FOOT CARE,24MA030RE19:EUPH ROSE HAND CREAM 30ML,19.6,49,QAR,204,A,,3253581595336
001,020414750981,9828,TOILETRIES,1988,OCC:L'OCCITANE,4634,HAND & FOOT CARE,24MA030RV19:VIVIF ROSE HAND CREAM 30ML,19.6,49,QAR,204,A,,3253581595367
001,020414750982,9850,HAIR CARE,1988,OCC:L'OCCITANE,6753,SHAMPOO,24SH240R19:ROSE SHAMPOO 240ML,39.8998,75,QAR,204,A,,3253581595312
001,020414750983,9801,SKINCARE,1988,OCC:L'OCCITANE,4562,FACE MASK & PEELS & TREATMENTS,38WM065A18:WHITENING SLEEPING MASK 65ML,134,290,QAR,204,A,,3253581566862
001,020414750984,9834,PLV,1988,OCC:L'OCCITANE,6640,PROMOTIONAL MATERIALS,49TCMRO19:ROSE HC TRIO TIN BOX 19,0,.01,QAR,204,A,,3253581597712
001,020414750985,9834,PLV,1988,OCC:L'OCCITANE,6722,SAMPLES,52AS006E19:GENTLE&BALANCE COND SAMP 6MLX1,0,.01,QAR,204,A,,3253581595404
001,020414750986,9834,PLV,1988,OCC:L'OCCITANE,4524,DISPLAY MATERIALS,52DECOH19:HOLIDAY19 DECO TOP OF UNIT,0,.01,QAR,204,C,,3253581660850
001,020414750987,9834,PLV,1988,OCC:L'OCCITANE,4524,DISPLAY MATERIALS,52ESCBMS16:LOW STEPLADDER STOREVOL,0,.01,QAR,204,C,,3253581455067
001,020414750988,9834,PLV,1988,OCC:L'OCCITANE,4524,DISPLAY MATERIALS,52ESCHMS16:UP STEPLADDER STOREVOL,0,.01,QAR,204,C,,3253581455043
001,020414750989,9834,PLV,1988,OCC:L'OCCITANE,6640,PROMOTIONAL MATERIALS,52HACONO19:2019 HOLIDAY HAND CREAM COLLEC,0,.01,QAR,204,A,,3253581660973
001,020414750990,9834,PLV,1988,OCC:L'OCCITANE,4524,DISPLAY MATERIALS,52HAMMA19:HAND MIRROR,0,.01,QAR,204,C,,3253581566763
001,020414750991,9834,PLV,1988,OCC:L'OCCITANE,4524,DISPLAY MATERIALS,52KITWFSUXMAS19:KIT XMAS 19 WALL FSU UNIT,0,.01,QAR,204,C,,3253581597828
001,020414750992,9834,PLV,1988,OCC:L'OCCITANE,4524,DISPLAY MATERIALS,52KTHYG18:UNIT HYGIENE SET,0,.01,QAR,204,C,,3253581586723
001,020414750993,9834,PLV,1988,OCC:L'OCCITANE,4524,DISPLAY MATERIALS,52KTSUPGEN17:SET OF 10 GENERIC HOLDERS 17,0,.01,QAR,204,C,,3253581521649
001,020414750994,9834,PLV,1988,OCC:L'OCCITANE,6640,PROMOTIONAL MATERIALS,52POUDIS18:POUCHES DISPLAY,0,.01,QAR,204,C,,3253581662427
001,020414750995,9834,PLV,1988,OCC:L'OCCITANE,6722,SAMPLES,52SH006E19:GENTLE&BALANCE SHP SAMP 6MLX1,0,.01,QAR,204,C,,3253581595411
001,020414752308,9834,PLV,1988,OCC:L'OCCITANE,6977,WRAPPING MATERIALS,80BOXSB19:SHEA BUTTER BOX 2019,9.6248,5.28,QAR,204,A,,020424752308
001,020414752310,9834,PLV,1988,OCC:L'OCCITANE,6977,WRAPPING MATERIALS,80BOXCB19:CHERRY BLOSSOM BOX 2019,9.6136,5.28,QAR,204,A,,020424752310
001,020414754446,9834,PLV,1988,OCC:L'OCCITANE,6977,WRAPPING MATERIALS,80RONBOX19:ROSE NEW BOX 2019,7.9749,4.38,QAR,204,A,,020424754446
001,020414754448,9834,PLV,1988,OCC:L'OCCITANE,6977,WRAPPING MATERIALS,80SBSSBOX19:SHEA BUTTER SMALL SET BOX 2019,8.3488,4.58,QAR,204,A,,020424754448
001,020414754449,9834,PLV,1988,OCC:L'OCCITANE,6977,WRAPPING MATERIALS,80FCLCS19:FACE CARE LIQUID CLEANSER SMALL BOX,0,.01,QAR,204,A,,020424754449
001,020414754450,9834,PLV,1988,OCC:L'OCCITANE,6977,WRAPPING MATERIALS,80FCLCB19:FACE CARE LIQUID CLEANSER BIG BOX,0,.01,QAR,204,A,,020424754450
001,020414754451,9834,PLV,1988,OCC:L'OCCITANE,6977,WRAPPING MATERIALS,80FCFCB19:FACE CARE FOAMING CLAENSER BIG BOX,0,.01,QAR,204,A,,020424754451
001,020414754452,9834,PLV,1988,OCC:L'OCCITANE,6977,WRAPPING MATERIALS,80FCFCS19:FACE CARE FOAMING CLEANSER SMALL BOX,0,.01,QAR,204,A,,020424754452
001,020414754453,9834,PLV,1988,OCC:L'OCCITANE,6977,WRAPPING MATERIALS,80ALSSBOX19:ALMOND SMALL SET BOX 2019,7.9749,4.38,QAR,204,A,,020424754453
001,020414754454,9834,PLV,1988,OCC:L'OCCITANE,6977,WRAPPING MATERIALS,80ARNBOX19:AROMACHOLOGY NEW BOX 2019,7.9842,4.38,QAR,204,A,,020424754454
001,020414756329,9834,PLV,1988,OCC:L'OCCITANE,6977,WRAPPING MATERIALS,RECYCLINGBAG19:RECYCLING BAG,0,.01,QAR,204,C,,020424756329
001,020414764813,9834,PLV,1988,OCC:L'OCCITANE,6977,WRAPPING MATERIALS,88CMSWS19:CUSTOMIZED MINI SACHET WHITE SMALL QUANTITY,35,40,QAR,204,C,,020424764813
001,020414764815,9834,PLV,1988,OCC:L'OCCITANE,6977,WRAPPING MATERIALS,88CMSWM19:CUSTOMIZED MINI SACHET WHITE MEDIUM QUANTITY,25,25,QAR,204,C,,020424764815
001,020414764816,9834,PLV,1988,OCC:L'OCCITANE,6977,WRAPPING MATERIALS,88CMSWL19:CUSTOMIZED MINI SACHET WHITE LARGE QUANTITY,0,15,QAR,204,C,,020424764816
001,020414764817,9834,PLV,1988,OCC:L'OCCITANE,6977,WRAPPING MATERIALS,88CMSCRS19:CUSTOMIZED MINI SACHET CRAFT SMALL QUANTITY,0,40,QAR,204,C,,020424764817
001,020414764818,9834,PLV,1988,OCC:L'OCCITANE,6977,WRAPPING MATERIALS,88CMSCRM19:CUSTOMIZED MINI SACHET CRAFT MEDIUM QUANTITY,0,25,QAR,204,C,,020424764818
001,020414764819,9834,PLV,1988,OCC:L'OCCITANE,6977,WRAPPING MATERIALS,88CMSCRL19:CUSTOMIZED MINI SACHET CRAFT LARGE QUANTITY,0,15,QAR,204,C,,020424764819
001,020414764820,9834,PLV,1988,OCC:L'OCCITANE,6977,WRAPPING MATERIALS,88CMSBS19:CUSTOMIZED MINI SACHET BLUE SMALL QUANTITY,0,40,QAR,204,C,,020424764820
001,020414764821,9834,PLV,1988,OCC:L'OCCITANE,6977,WRAPPING MATERIALS,88CMSBM19:CUSTOMIZED MINI SACHET BLUE MEDIUM QUANTITY,0,25,QAR,204,C,,020424764821
001,020414764822,9834,PLV,1988,OCC:L'OCCITANE,6977,WRAPPING MATERIALS,88CMSBL19:CUSTOMIZED MINI SACHET BLUE LARGE QUANTITY,0,15,QAR,204,C,,020424764822
001,020414764823,9834,PLV,1988,OCC:L'OCCITANE,6977,WRAPPING MATERIALS,88CMSPS19:CUSTOMIZED MINI SACHET PINK SMALL QUANTITY,22,40,QAR,204,A,,020424764823
001,020414764824,9834,PLV,1988,OCC:L'OCCITANE,6977,WRAPPING MATERIALS,88CMSPM19:CUSTOMIZED MINI SACHET PINK MEDIUM QUANTITY,0,25,QAR,204,A,,020424764824
001,020414764825,9834,PLV,1988,OCC:L'OCCITANE,6977,WRAPPING MATERIALS,88CGTSM19:CUSTOMIZED GIFT TAG SMALL QUANTITY,0,6,QAR,204,C,,020424764825
001,020414764826,9834,PLV,1988,OCC:L'OCCITANE,6977,WRAPPING MATERIALS,88CGTME19:CUSTOMIZED GIFT TAG MEDIUM QUANTITY,0,4,QAR,204,C,,020424764826
001,020414764827,9834,PLV,1988,OCC:L'OCCITANE,6977,WRAPPING MATERIALS,88CGTLA19:CUSTOMIZED GIFT TAG LARGE QUANTITY,0,2,QAR,204,C,,020424764827
001,020414764828,9834,PLV,1988,OCC:L'OCCITANE,6977,WRAPPING MATERIALS,88LASWS19:CUSTOMIZED LARGE SACHET WHITE SMALL QUANTITY,0,50,QAR,204,C,,020424764828
001,020414764829,9834,PLV,1988,OCC:L'OCCITANE,6977,WRAPPING MATERIALS,88LASWM19:CUSTOMIZED LARGE SACHET WHITE MEDIUM QUANTITY,0,30,QAR,204,C,,020424764829
001,020414505227,9834,PLV,1988,OCC:L'OCCITANE,4524,DISPLAY MATERIALS,SHEABABYTEDDY119:TEDDY BEAR 1M,0,.01,QAR,204,C,,020424505227
001,020414506772,9834,PLV,1988,OCC:L'OCCITANE,6977,WRAPPING MATERIALS,80BOXAL19:ALMOND BOX 2019,9.6136,5.28,QAR,204,A,,020424506772
001,020414506774,9834,PLV,1988,OCC:L'OCCITANE,6977,WRAPPING MATERIALS,80NOBOX19:NEROLI SET BOX 2019,6.7368,3.7,QAR,204,A,,020424506774
001,020414510946,9828,TOILETRIES,1988,OCC:L'OCCITANE,3991,BATH & BODY,01EP050KB19:SHEA BABY FRAGR WATER 50ML,87.6,230,QAR,204,A,,3253581562871
001,020414510948,9828,TOILETRIES,1988,OCC:L'OCCITANE,3991,BATH & BODY,01LH075KB19:SHEA BABY MOIST MILK 75ML,17.1807,49,QAR,204,A,,3253581562918
001,020414510950,9850,HAIR CARE,1988,OCC:L'OCCITANE,3903,AFTER SHAMPOO,17AS250P19:PURIFYING CONDITIONER 250ML,35.6044,115,QAR,204,A,,3253581585887
001,020414510952,9850,HAIR CARE,1988,OCC:L'OCCITANE,4627,HAIR & SCALP TREATMENTS,17ER075P19:PURIFYING REGULAT ESSENC 75ML,55.6,135,QAR,204,A,,3253581585924
001,020414510956,9850,HAIR CARE,1988,OCC:L'OCCITANE,6753,SHAMPOO,17SH300P19:PURIFYING SHAMPOO 300ML,35.6,115,QAR,204,A,,3253581585979
001,020414510957,9850,HAIR CARE,1988,OCC:L'OCCITANE,4627,HAIR & SCALP TREATMENTS,17VI100P19:PURIFYING VINEGAR 100ML,39.9429,135,QAR,204,A,,3253581586051
001,020414510959,9813,FRAGRANCES,1988,OCC:L'OCCITANE,4538,EAU DE TOILETTE,20ET010HC19:EDT HOMME COLOGNE CEDRAT 10ML,43.6001,109,QAR,204,A,,3253581562642
001,020414510961,9801,SKINCARE,1988,OCC:L'OCCITANE,4508,DAY CREAMS,27DC050I17A:IMM DIVINE CREAM 50ML,159.6,480,QAR,204,A,,3253581506974
001,020414510962,9801,SKINCARE,1988,OCC:L'OCCITANE,4562,FACE MASK & PEELS & TREATMENTS,38EV075A18:ILLUMINATING SCRUB 75ML,67.6,150,QAR,204,A,,3253581566732
001,020414510963,9828,TOILETRIES,1988,OCC:L'OCCITANE,3991,BATH & BODY,49AF010R18:SOOTHING ROSE FRAGR WATER 10ML,22.0001,49,QAR,204,A,,3253581542392
001,020414510964,9828,TOILETRIES,1988,OCC:L'OCCITANE,3991,BATH & BODY,49CP020K18:SHEA UR BODY CREAM 20ML,0,29,QAR,204,A,,3253581543177
001,020414510965,9834,PLV,1988,OCC:L'OCCITANE,6640,PROMOTIONAL MATERIALS,49LANBB19:2019 BABY NAPPY,0,.01,QAR,204,A,,3253581562833
001,020414510966,9834,PLV,1988,OCC:L'OCCITANE,6640,PROMOTIONAL MATERIALS,49PO1AM19:2019 ALMOND POUCH 1,0,.01,QAR,204,A,,3253581566329
001,020414510967,9834,PLV,1988,OCC:L'OCCITANE,6640,PROMOTIONAL MATERIALS,49PO1RE19:2019 REOTIER POUCH & INSERT,0,.01,QAR,204,A,,3253581566671
001,020414510968,9834,PLV,1988,OCC:L'OCCITANE,6640,PROMOTIONAL MATERIALS,49TROBB19:2019 BABY POUCH,0,.01,QAR,204,A,,3253581549834
001,020414510969,9834,PLV,1988,OCC:L'OCCITANE,6977,WRAPPING MATERIALS,52BOIMA19:ROUTINE BOX MAKE UP 19,0,.01,QAR,204,C,,3253581566817
001,020414510970,9834,PLV,1988,OCC:L'OCCITANE,4524,DISPLAY MATERIALS,52DISBK19:SOLIDARITY BALM DISPLAYER 19,0,.01,QAR,204,C,,3253581559277
001,020414510971,9834,PLV,1988,OCC:L'OCCITANE,4524,DISPLAY MATERIALS,52DISMS19:CASHIER MASKS DISPLAYER,0,.01,QAR,204,C,,3253581566152
001,020414510972,9834,PLV,1988,OCC:L'OCCITANE,4524,DISPLAY MATERIALS,52K10BOLAV18:SET 10 LAVENDER BUNCHES 18,0,.01,QAR,204,C,,3253581575178
001,020414510973,9834,PLV,1988,OCC:L'OCCITANE,4524,DISPLAY MATERIALS,52PLOLUNI18:RESET NIGHT OIL STAND,0,.01,QAR,204,C,,3253581521519
001,020414510974,9834,PLV,1988,OCC:L'OCCITANE,4524,DISPLAY MATERIALS,52RODMA19:ROTARY DISPLAYER MASKS,0,.01,QAR,204,C,,3253581566169
001,020414510975,9834,PLV,1988,OCC:L'OCCITANE,6722,SAMPLES,52SP0012TL18I:VIAL TDL INTENSE 1.2ML 1,0,.01,QAR,204,A,,3253581570647
001,020414510976,9834,PLV,1988,OCC:L'OCCITANE,4524,DISPLAY MATERIALS,52SPAMA19:SET LIPS SPATULAS MAKE UP 19,0,.01,QAR,204,C,,3253581566794
001,020414510977,9834,PLV,1988,OCC:L'OCCITANE,4524,DISPLAY MATERIALS,52TKALM19:TABLE KIT ALMOND 19,0,.01,QAR,204,C,,3253581566404
001,020414510978,9834,PLV,1988,OCC:L'OCCITANE,4524,DISPLAY MATERIALS,54WKALM19:WINDOW KIT ALMOND 19,0,.01,QAR,204,C,,3253581566718
001,020414510979,9834,PLV,1988,OCC:L'OCCITANE,4524,DISPLAY MATERIALS,54WKGLOW19:WINDOW KIT GLOW 2019,0,.01,QAR,204,C,,3253581554449
001,020414510980,9834,PLV,1988,OCC:L'OCCITANE,4524,DISPLAY MATERIALS,54WKREO19:WINDOW KIT AQUA REOTIER 19,0,.01,QAR,204,C,,3253581567043
001,020414510981,9834,PLV,1988,OCC:L'OCCITANE,4524,DISPLAY MATERIALS,54WTPALM19:WINDOW TABLE PAPER ALMOND 19,0,.01,QAR,204,C,,3253581570432
001,020414510984,9834,PLV,1988,OCC:L'OCCITANE,6640,PROMOTIONAL MATERIALS,49BRUMA19:LIPS BRUSH MAKE UP 19,0,.01,QAR,204,A,,3253581566824
001,020414510992,9834,PLV,1988,OCC:L'OCCITANE,4524,DISPLAY MATERIALS,55KLBMU19:KIT MODULES BALMS LPT UNIT,0,.01,QAR,204,C,,3253581566961
001,020414510993,9834,PLV,1988,OCC:L'OCCITANE,4524,DISPLAY MATERIALS,55KLLMU19:KIT MODULE LIPSTICK LPT UNIT,0,.01,QAR,204,C,,3253581566954
001,020414510994,9834,PLV,1988,OCC:L'OCCITANE,4524,DISPLAY MATERIALS,55KLSMU19:KIT MODULES SCRUBS LPT UNIT,0,.01,QAR,204,C,,3253581566916
001,020414510995,9834,PLV,1988,OCC:L'OCCITANE,4524,DISPLAY MATERIALS,55LTUMU19:DISPLAYER+STOCK UNIT STRUCTURE,0,.01,QAR,204,C,,3253581566947
001,020414525996,9842,MAKE UP,1988,OCC:L'OCCITANE,5648,LIPS,11LP020028M19:FRUITY LIPSTICK 020 NUDE PINK,35.6,89,QAR,204,A,,3253581566602
001,020414525999,9842,MAKE UP,1988,OCC:L'OCCITANE,5648,LIPS,11LB010008M19:DELICIOUS TINTED BALM 1 CORAL,43.6,109,QAR,204,A,,3253581566282
001,020414526000,9842,MAKE UP,1988,OCC:L'OCCITANE,5648,LIPS,11LP070028M19:FRUITY LIPSTICK 070 FUSHIA,18.9339,90,QAR,204,A,,3253581566312
001,020414526037,9834,PLV,1988,OCC:L'OCCITANE,6640,PROMOTIONAL MATERIALS,24ROGWP19:ROSE GWP 2019,0,0,QAR,204,A,,020424526037
001,020414526085,9801,SKINCARE,1988,OCC:L'OCCITANE,6749,SET,27DIVSET19:DIVINE FACE CARE SET 2019,399.6,1045,QAR,204,A,,020424526085
001,020414526086,9828,TOILETRIES,1988,OCC:L'OCCITANE,6749,SET,01BABDIS19:SHEA BABY DISCOVERY SET 2019,43.6,109,QAR,204,A,,020424526086
001,020414526087,9828,TOILETRIES,1988,OCC:L'OCCITANE,6749,SET,01MOMBAB19:MOM AND BABY SET 2019,135.6,339,QAR,204,A,,020424526087
001,020414526088,9801,SKINCARE,1988,OCC:L'OCCITANE,6749,SET,01SHFVS19:SHEA BUTTER FACE CARE SET 2019,119.6,305,QAR,204,A,,020424526088
001,020414526099,9815,BEAUTY SET,1988,OCC:L'OCCITANE,3997,BEAUTY SET,20OCCVS18:LOCCITAN SET 2019,159.6,425,QAR,204,A,,020424526099
001,020414526973,9834,PLV,1988,OCC:L'OCCITANE,6640,PROMOTIONAL MATERIALS,49ROSGWP19:ROSE 2019 ECOMMERCE GWP,0,.01,QAR,204,A,,020424526973
001,020414534353,9834,PLV,1988,OCC:L'OCCITANE,6640,PROMOTIONAL MATERIALS,49KONAM19:2019 ALMOND KONJAC,8.5047,4.2,QAR,204,A,,3253581589786
001,020414541393,9812,GWP,1988,OCC:L'OCCITANE,4624,GWP,29GWPALM19:ALMOND GWP 2019,0,.01,QAR,204,A,,020424541393
001,020414541394,9815,BEAUTY SET,1988,OCC:L'OCCITANE,3997,BEAUTY SET,01SHEAEGG19:SHEA SURPRISE EGG 2019,23.6,59,QAR,204,A,,020424541394
001,020414541395,9815,BEAUTY SET,1988,OCC:L'OCCITANE,3997,BEAUTY SET,29ALMEGG19:ALMOND SURPRISE EGG 2019,35.5999,89,QAR,204,A,,020424541395
001,020414541396,9815,BEAUTY SET,1988,OCC:L'OCCITANE,3997,BEAUTY SET,15VEREGG19:VERBENA SURPRISE EGG 2019,23.6,59,QAR,204,A,,020424541396
001,020414541397,9815,BEAUTY SET,1988,OCC:L'OCCITANE,3997,BEAUTY SET,24CBEGG19:CHERRY SURPRISE EGG 2019,35.5999,89,QAR,204,A,,020424541397
001,020414541398,9815,BEAUTY SET,1988,OCC:L'OCCITANE,3997,BEAUTY SET,29ALMVS19:ALMOND SET 2019,216.7539,580,QAR,204,A,,020424541398
001,020414546529,9828,TOILETRIES,1988,OCC:L'OCCITANE,3991,BATH & BODY,98BBSA050A0:ALMOND SOAP 50GR,1.5453,.72,QAR,204,A,,3253581556061
001,020414546749,9801,SKINCARE,1988,OCC:L'OCCITANE,4344,CLEANSERS,11LH200I19:CLEANS INFUS OIL TO MILK 200ML,39.6,110,QAR,204,A,,3253581586358
001,020414546750,9801,SKINCARE,1988,OCC:L'OCCITANE,4344,CLEANSERS,11CM125I19:CLEANS INF FOAM IN CREAM 125ML,39.6,110,QAR,204,A,,3253581554524
001,020414546751,9813,FRAGRANCES,1988,OCC:L'OCCITANE,4536,EAU DE PARFUM,11EP090CN18:BLACK LEMON,179.6,499,QAR,204,A,,3253581566343
001,020414546752,9813,FRAGRANCES,1988,OCC:L'OCCITANE,4536,EAU DE PARFUM,11EP090CR18:BLACKCURRANT RHUBARB,179.6,499,QAR,204,A,,3253581566350
001,020414546753,9813,FRAGRANCES,1988,OCC:L'OCCITANE,4536,EAU DE PARFUM,11EP090PB18:ORANGE LEAVES & FLOWERS,179.6,499,QAR,204,A,,3253581566657
001,020414546754,9813,FRAGRANCES,1988,OCC:L'OCCITANE,4536,EAU DE PARFUM,11EP090MI18:MANDARIN & IMMORTELLE,179.6,499,QAR,204,A,,3253581566640
001,020414546755,9813,FRAGRANCES,1988,OCC:L'OCCITANE,4536,EAU DE PARFUM,11EP090RS18:ROSE SAFFRON,194,499,QAR,204,A,,3253581566534
001,020414546756,9813,FRAGRANCES,1988,OCC:L'OCCITANE,4536,EAU DE PARFUM,11EP090FM18:RASPBERRY & MATCHA GREEN TEA,179.6,499,QAR,204,A,,3253581566367
001,020414550912,9801,SKINCARE,1988,OCC:L'OCCITANE,6744,SERUM,11EH040A19:AQUA MOISTURE ESSENCE 40ML,18,45,QAR,204,A,,3253581567050
001,020414550914,9801,SKINCARE,1988,OCC:L'OCCITANE,4344,CLEANSERS,11GN040A19:AQUA GEL CLEANSER 40ML,11.6,29,QAR,204,A,,3253581567036
001,020414550915,9834,PLV,1988,OCC:L'OCCITANE,6640,PROMOTIONAL MATERIALS,52MOUROSAF19:KIT 300 BLOTTERS ROSE SAFFRON,0,.01,QAR,204,C,,3253581597743
001,020414550916,9834,PLV,1988,OCC:L'OCCITANE,6640,PROMOTIONAL MATERIALS,52MOUORAN19:KIT 300 BLOTTERS ORANGE LEAVES,0,.01,QAR,204,C,,3253581597873
001,020414550917,9834,PLV,1988,OCC:L'OCCITANE,6640,PROMOTIONAL MATERIALS,52MOUMANDA19:KIT 300 BLOTTERS MANDARIN IMMO,0,.01,QAR,204,C,,3253581597903
001,020414550918,9834,PLV,1988,OCC:L'OCCITANE,6640,PROMOTIONAL MATERIALS,52MOUFRAM19:KIT 300 BLOTTERS RASBERRY GREE,0,.01,QAR,204,C,,3253581597736
001,020414550919,9834,PLV,1988,OCC:L'OCCITANE,6640,PROMOTIONAL MATERIALS,52MOUCIT19:KIT 300 BLOTTERS BLACK LEMON,0,.01,QAR,204,C,,3253581597866
001,020414550920,9834,PLV,1988,OCC:L'OCCITANE,6640,PROMOTIONAL MATERIALS,52MOUCAS19:KIT 300 BLOTTERS BLCKCUR RHUBA,0,.01,QAR,204,C,,3253581597859
001,020414550921,9801,SKINCARE,1988,OCC:L'OCCITANE,4508,DAY CREAMS,38RC050A18:WHITE INFUSION RICH CREAM 50ML,119.6,310,QAR,204,A,,3253581533079
001,020414550923,9801,SKINCARE,1988,OCC:L'OCCITANE,6744,SERUM,27HS030I18:IMM HARMONY SERUM 30ML,338,825,QAR,204,A,,3253581567326
001,020414550924,9801,SKINCARE,1988,OCC:L'OCCITANE,4562,FACE MASK & PEELS & TREATMENTS,11MH006A19:AQUA POD HYDRATION MASK 6ML,11.6,30,QAR,204,A,,3253581570630
001,020414550925,9801,SKINCARE,1988,OCC:L'OCCITANE,4508,DAY CREAMS,11GD020A19:AQUA THIRST QUENCH GEL 20ML,27.5999,69,QAR,204,A,,3253581570456
001,020414550926,9801,SKINCARE,1988,OCC:L'OCCITANE,4508,DAY CREAMS,11CD020A19:AQUA THIRST QUENCH CREAM 20ML,27.5999,69,QAR,204,A,,3253581570463
001,020414550927,9834,PLV,1988,OCC:L'OCCITANE,6722,SAMPLES,52ER006P19:PURIFYING REGULAT ESSENC 6ML 1,0,.01,QAR,204,C,,3253581585962
001,020414550928,9834,PLV,1988,OCC:L'OCCITANE,6722,SAMPLES,52SH006P19:PURIFYING SHAMPOO SAMPLE 6ML 1,0,.01,QAR,204,C,,3253581585948
001,020414550929,9834,PLV,1988,OCC:L'OCCITANE,6722,SAMPLES,52AS006P19:PURIFYING CONDITIONER SAMPLE 6ML 1,0,.01,QAR,204,C,,3253581585955
001,020414551262,9828,TOILETRIES,1988,OCC:L'OCCITANE,3991,BATH & BODY,24VF050R18:VIVIFYING ROSE FRAGRA WAT 50ML,71.3666,190,QAR,204,A,,3253581542170
001,020414553155,9834,PLV,1988,OCC:L'OCCITANE,4523,DISPLAY FURNITURE,LOCBLUCHAIR19:BLUE CHAIR,0,.01,QAR,204,C,,020424553155
001,020414553157,9834,PLV,1988,OCC:L'OCCITANE,4523,DISPLAY FURNITURE,LOCCOFTABLE19:COFFEE TABLE,0,.01,QAR,204,C,,020424553157
001,020413593785,9850,HAIR CARE,1988,OCC:L'OCCITANE,3903,AFTER SHAMPOO,98BBAS035AR2:AROMACHO CONDITIONER 35ML,0,15,QAR,204,A,,3253581461907
001,020413593788,9828,TOILETRIES,1988,OCC:L'OCCITANE,3991,BATH & BODY,98BBLC030VE4:VERBENA BODY LOTION 30ML,5.8392,10,QAR,204,A,,3253581469743
001,020413603941,9834,PLV,1988,OCC:L'OCCITANE,6640,PROMOTIONAL MATERIALS,10GWPHC17:TIN MINI HAND CREAM TRIO,0,0,QAR,204,A,,020423603941
001,020413603941,9834,PLV,1988,OCC:L'OCCITANE,6640,PROMOTIONAL MATERIALS,10GWPHC17:TIN MINI HAND CREAM TRIO,0,0,QAR,204,A,,020423599126
001,020413606289,9828,TOILETRIES,1988,OCC:L'OCCITANE,4634,HAND & FOOT CARE,18BI030TL17ET:TDL LEAU RADIANT BALM 30ML,19.6,49,QAR,204,A,,3253581500569
001,020413606289,9828,TOILETRIES,1988,OCC:L'OCCITANE,4634,HAND & FOOT CARE,18BI030TL17ET:TDL LEAU RADIANT BALM 30ML,19.6,49,QAR,204,A,,020423606289
001,020413606291,9813,FRAGRANCES,1988,OCC:L'OCCITANE,4536,EAU DE PARFUM,18ET090TL17:TDL L EAU EDT 90ML,143.5986,385,QAR,204,A,,3253581500484
001,020413606291,9813,FRAGRANCES,1988,OCC:L'OCCITANE,4536,EAU DE PARFUM,18ET090TL17:TDL L EAU EDT 90ML,143.5986,385,QAR,204,A,,020423606291
001,020413606292,9828,TOILETRIES,1988,OCC:L'OCCITANE,3991,BATH & BODY,18GD250TL17ET:TDL L EAU SG 250ML,33.9943,99,QAR,204,A,,3253581504277
001,020413606292,9828,TOILETRIES,1988,OCC:L'OCCITANE,3991,BATH & BODY,18GD250TL17ET:TDL L EAU SG 250ML,33.9943,99,QAR,204,A,,020423606292
001,020413606293,9828,TOILETRIES,1988,OCC:L'OCCITANE,3991,BATH & BODY,18LC250TL17ET:TDL LEAU BEAU BODYLOTION 250ML,53.7126,155,QAR,204,A,,3253581500576
001,020413606293,9828,TOILETRIES,1988,OCC:L'OCCITANE,3991,BATH & BODY,18LC250TL17ET:TDL LEAU BEAU BODYLOTION 250ML,53.7126,155,QAR,204,A,,3253581500756
001,020413606294,9828,TOILETRIES,1988,OCC:L'OCCITANE,3991,BATH & BODY,24CC200H17:BODY CREAM JOY FETES 17 200ML,67.6001,169,QAR,204,A,,3253581485569
001,020413606294,9828,TOILETRIES,1988,OCC:L'OCCITANE,3991,BATH & BODY,24CC200H17:BODY CREAM JOY FETES 17 200ML,67.6001,169,QAR,204,A,,020423606294
001,020413606296,9813,FRAGRANCES,1988,OCC:L'OCCITANE,4538,EAU DE TOILETTE,24ET075H17:EDT JOYEUSES FETES 17 75ML,119.59,309,QAR,204,A,,3253581485583
001,020413606296,9813,FRAGRANCES,1988,OCC:L'OCCITANE,4538,EAU DE TOILETTE,24ET075H17:EDT JOYEUSES FETES 17 75ML,119.59,309,QAR,204,A,,020423606296
001,020413606297,9828,TOILETRIES,1988,OCC:L'OCCITANE,3991,BATH & BODY,24GD250H17:SHOWER GEL JOY FETES 17 250ML,31.5998,79,QAR,204,A,,3253581485576
001,020413606297,9828,TOILETRIES,1988,OCC:L'OCCITANE,3991,BATH & BODY,24GD250H17:SHOWER GEL JOY FETES 17 250ML,31.5998,79,QAR,204,A,,020423606297
001,020413610169,9828,TOILETRIES,1988,OCC:L'OCCITANE,3991,BATH & BODY,01CP050K17:ULTRA RICH BODY CREAM 50ML,22.0001,55,QAR,204,A,,3253581479957
001,020413610171,9828,TOILETRIES,1988,OCC:L'OCCITANE,3991,BATH & BODY,01HF100K17:SHEA FABULOUS OIL 100ML,68,170,QAR,204,A,,3253581480014
001,020413610172,9828,TOILETRIES,1988,OCC:L'OCCITANE,3991,BATH & BODY,15RC500VB17:VERBENA 500ML SHOWER GEL REFIL,50,125,QAR,204,A,,3253581506189
001,020413610175,9828,TOILETRIES,1988,OCC:L'OCCITANE,3991,BATH & BODY,24SA050CB6:CHERRY SOAP RSPO SG 50G,11.6,29,QAR,204,A,,3253581485125
001,020413610176,9801,SKINCARE,1988,OCC:L'OCCITANE,4508,DAY CREAMS,27DC050I17:DIVINE CREAM 50ML,159.6,465,QAR,204,A,,3253581491515
001,020413610178,9801,SKINCARE,1988,OCC:L'OCCITANE,6744,SERUM,27DS030I17:DIVIN EXTRACT 30ML,163.6,475,QAR,204,A,,3253581491522
001,020413610180,9801,SKINCARE,1988,OCC:L'OCCITANE,4508,DAY CREAMS,49DC004I17:GWP DIVINE CREAM 4ML,0,49,QAR,204,A,,3253581498590
001,020413610182,9828,TOILETRIES,1988,OCC:L'OCCITANE,3991,BATH & BODY,49HD035K17:SHEA FABULOUS SHOWER OIL 35ML,9.9067,17,QAR,204,A,,3253581479964
001,020413610195,9834,PLV,1988,OCC:L'OCCITANE,6722,SAMPLES,52SP0012TL17ET:TDL L’EAU SPRAY 1.2MLX1,0,.01,QAR,204,A,,3253581500583
001,020413615013,9813,FRAGRANCES,1988,OCC:L'OCCITANE,4538,EAU DE TOILETTE,20ET100CD16A:CEDRAT EDT 100ML,107.6,275,QAR,204,A,,3253581434345
001,020413653612,9828,TOILETRIES,1988,OCC:L'OCCITANE,3991,BATH & BODY,98BBLC035AR2:AROMACHO BODY LOTION 35ML,7.9999,20,QAR,204,A,,3253581461921
001,020413653615,9828,TOILETRIES,1988,OCC:L'OCCITANE,3991,BATH & BODY,98BBSA025VE2:VERBENA LEAF SOAP 25GR,4.95,15,QAR,204,A,,3253581505595
001,020413654321,9828,TOILETRIES,1988,OCC:L'OCCITANE,3991,BATH & BODY,01BK010K17DTS:SHEA BUTTER DTS RIFLE 10G,19.5913,49,QAR,204,A,,3253581505663
001,020413654355,9828,TOILETRIES,1988,OCC:L'OCCITANE,3991,BATH & BODY,01BK010KA17DTS:SHEA APR BUTTER DTS RIFLE 10G,19.5913,49,QAR,204,A,,3253581505731
001,020413654356,9828,TOILETRIES,1988,OCC:L'OCCITANE,3991,BATH & BODY,01BK010KR17DTS:SHEA ROSE BUTTER DTS RIFLE 10G,19.5913,49,QAR,204,A,,3253581505670
001,020413654358,9828,TOILETRIES,1988,OCC:L'OCCITANE,3991,BATH & BODY,01CD250K17:SHEA SHOWER CREAM 250ML,38,99,QAR,204,A,,3253581506684
001,020413654359,9828,TOILETRIES,1988,OCC:L'OCCITANE,3991,BATH & BODY,01CP050K17DTS:SHEA UL RICH CR DTS RIFLE 50ML,10.1558,55,QAR,204,A,,3253581485767
001,020413654360,9828,TOILETRIES,1988,OCC:L'OCCITANE,3991,BATH & BODY,01EC050K17DTS:SHEA BODY SCRUB DTS RIFLE 50ML,9.1223,49,QAR,204,A,,3253581485774
001,020413654361,9801,SKINCARE,1988,OCC:L'OCCITANE,6929,TONERS,01ED200K17:SHEA 3-IN-1 CLEANS WATER 200ML,39.6,99,QAR,204,A,,3253581453414
001,020413654365,9828,TOILETRIES,1988,OCC:L'OCCITANE,4634,HAND & FOOT CARE,01MA030K17DTS:SHEA DTS HAND CR RIFLE 30ML,19.5913,49,QAR,204,A,,3253581485736
001,020413654376,9828,TOILETRIES,1988,OCC:L'OCCITANE,3991,BATH & BODY,01SA100LT17DTS:SHEA ML SOAP RSPO SG DTS 100G,6.4225,29,QAR,204,A,,3253581485897
001,020413654378,9828,TOILETRIES,1988,OCC:L'OCCITANE,3991,BATH & BODY,01SA100LV17DTS:SHEA LV SOAP RSPO SG DTS 100G,6.4225,29,QAR,204,A,,3253581505632
001,020413654381,9828,TOILETRIES,1988,OCC:L'OCCITANE,3991,BATH & BODY,01SA100VE17DTS:SHEA VB SOAP RSPO SG DTS 100G,6.4225,29,QAR,204,A,,3253581505625
001,020413654383,9828,TOILETRIES,1988,OCC:L'OCCITANE,3991,BATH & BODY,01SA250LT16:SG RSPO SHEA SOAP MILK 250GR,19.6,49,QAR,204,A,,3253581461839
001,020413654402,9828,TOILETRIES,1988,OCC:L'OCCITANE,3991,BATH & BODY,15GD070VB17:VERBENA SHOWER GEL 70ML,13.9978,30,QAR,204,A,,3253581506172
001,020413654405,9828,TOILETRIES,1988,OCC:L'OCCITANE,3991,BATH & BODY,15GD250VB17:VERBENA 250ML SHOWER GEL,35.6,90,QAR,204,A,,3253581506158
001,020413654409,9828,TOILETRIES,1988,OCC:L'OCCITANE,3991,BATH & BODY,15RB500L17:LAVENDER RE FOAMING BATH 500ML,49.1429,135,QAR,204,A,,3253581499078
001,020413654414,9850,HAIR CARE,1988,OCC:L'OCCITANE,6753,SHAMPOO,17SH300G17:ARO REPAIRING SH 300ML,39.6,89,QAR,204,C,,3253581486085
001,020413654429,9828,TOILETRIES,1988,OCC:L'OCCITANE,3991,BATH & BODY,18SA075TL17ET:TDL LEAU PERFSOAP SG RSPO 75G,13.9988,35,QAR,204,A,,3253581500545
001,020413654445,9801,SKINCARE,1988,OCC:L'OCCITANE,6929,TONERS,38FT200A18:RB ILLUMINATING TONER 200ML,70.9286,199,QAR,204,A,,3253581505199
001,020413654455,9813,FRAGRANCES,1988,OCC:L'OCCITANE,4538,EAU DE TOILETTE,49EP005TL17ET:TDL LEAU EDT 5ML,9.5231,35,QAR,204,A,,3253581504253
001,020413654457,9813,FRAGRANCES,1988,OCC:L'OCCITANE,4538,EAU DE TOILETTE,49ET007NO2:NEROLI ORCHIDEE MINI EDT 7.5ML,13.8669,40,QAR,204,A,,3253581462263
001,020413654462,9834,PLV,1988,OCC:L'OCCITANE,6640,PROMOTIONAL MATERIALS,49TLDTS17:2017 DTS LARGE TIN BOX,3.6848,1.64,QAR,204,A,,3253581485859
001,020413654469,9834,PLV,1988,OCC:L'OCCITANE,6722,SAMPLES,52ET001HC6:HOMME COL CED EDT VIAL 1.2ML,0,.01,QAR,204,C,,3253581453384
001,020413654472,9834,PLV,1988,OCC:L'OCCITANE,6977,WRAPPING MATERIALS,52GIFCBOX18:GENERIC GIFT CARD BOX 2018,0,.01,QAR,204,A,,3253581505861
001,020413654496,9834,PLV,1988,OCC:L'OCCITANE,6722,SAMPLES,52MC006G17:SAMPLE AR REPAIRING MASK 6ML 1,0,.01,QAR,204,C,,3253581498743
001,020413654515,9834,PLV,1988,OCC:L'OCCITANE,6722,SAMPLES,52SH006G17:SAMPLE ARO REPAIRING SH 6ML 1,0,.01,QAR,204,C,,3253581498736
001,020413654523,9834,PLV,1988,OCC:L'OCCITANE,6977,WRAPPING MATERIALS,52TRISDTS17:2017 DTS TRIO SOAPS,1.7516,.78,QAR,204,A,,3253581485811
001,020413671056,9834,PLV,1988,OCC:L'OCCITANE,6640,PROMOTIONAL MATERIALS,49GDEC17:DECEMBER 2017 GWP (CERAMIC SET),0,0,QAR,204,C,,020423671056
001,020413815031,9815,BEAUTY SET,1988,OCC:L'OCCITANE,3997,BEAUTY SET,01HCD017:HOLIDAYS HAND CARE DUO V1,35.6139,89,QAR,204,A,,020423815031
001,020413815032,9815,BEAUTY SET,1988,OCC:L'OCCITANE,3997,BEAUTY SET,01HCD117:HOLIDAYS HAND CARE DUO V2,35.6139,89,QAR,204,A,,020423815032
001,020413815034,9815,BEAUTY SET,1988,OCC:L'OCCITANE,3997,BEAUTY SET,01HCD217:HOLIDAYS HAND CARE DUO V3,35.6139,89,QAR,204,A,,020423815034
001,020413815035,9815,BEAUTY SET,1988,OCC:L'OCCITANE,3997,BEAUTY SET,10HOL2DS17:BEST OF PROVENCE DISCOVERY SET 2017,51.6001,129,QAR,204,A,,020423815035
001,020413815112,9834,PLV,1988,OCC:L'OCCITANE,6640,PROMOTIONAL MATERIALS,26GWPN17:NOVEMBER 2017 GWP,0,0,QAR,204,A,,020423815112
001,020413815124,9815,BEAUTY SET,1988,OCC:L'OCCITANE,3997,BEAUTY SET,24JYF217:HOLIDAYS 2017 VALUE SET,179.5988,449,QAR,204,A,,020423815124
001,020413815125,9834,PLV,1988,OCC:L'OCCITANE,6640,PROMOTIONAL MATERIALS,49MGWP1917:MARKETING KIT 19,21.5201,0,QAR,204,A,,020423815125
001,020413815157,9850,HAIR CARE,1988,OCC:L'OCCITANE,6749,SET,17AROR217:AROMACHOLOGY REPAIRING SET 2017 V2,119.6,299,QAR,204,A,,020423815157
001,020413815169,9813,FRAGRANCES,1988,OCC:L'OCCITANE,6749,SET,24MINIEDT17:MINI FLORAL EDT SET 2017,39.5999,99,QAR,204,A,,020423815169
001,020413815246,9801,SKINCARE,1988,OCC:L'OCCITANE,6749,SET,27IHSET217:HARMONIE SET 2017 V2,559.5999,1399,QAR,204,A,,020423815246
001,020413874296,9828,TOILETRIES,1988,OCC:L'OCCITANE,4634,HAND & FOOT CARE,01EM075K18:SHEA HAND SCRUB 75ML,31.6,90,QAR,204,A,,3253581505717
001,020413874298,9801,SKINCARE,1988,OCC:L'OCCITANE,4508,DAY CREAMS,11CD050A18:AQUA THIRST QUENCH CREAM 50ML,63.6,160,QAR,204,A,,3253581505489
001,020413874299,9801,SKINCARE,1988,OCC:L'OCCITANE,6744,SERUM,11EH150A18:AQUA MOISTURE ESSENCE 150ML,51.6,110,QAR,204,A,,3253581505458
001,020413874300,9801,SKINCARE,1988,OCC:L'OCCITANE,4508,DAY CREAMS,11GD050A18:AQUA THIRST-QUENCH GEL 50ML,63.6,160,QAR,204,A,,3253581505441
001,020413874301,9801,SKINCARE,1988,OCC:L'OCCITANE,4508,DAY CREAMS,38WC050A18:RB WHITE INFUSION CREAM 50ML,113.7561,310,QAR,204,A,,3253581505267
001,020413874302,9801,SKINCARE,1988,OCC:L'OCCITANE,6744,SERUM,38WS030A18:RB WHITE INFUSION SERUM 30ML,134.7717,350,QAR,204,A,,3253581505274
001,020413895957,9828,TOILETRIES,1988,OCC:L'OCCITANE,3991,BATH & BODY,01BF070KJ18:SHEA JASM MELTING BUTTER 70G,63.6,169,QAR,204,A,,3253581506455
001,020413895959,9828,TOILETRIES,1988,OCC:L'OCCITANE,3991,BATH & BODY,01BF070K18:SHEA MELTING BUTTER 70G,63.4416,150,QAR,204,A,,3253581506448
001,020413895960,9828,TOILETRIES,1988,OCC:L'OCCITANE,4634,HAND & FOOT CARE,01MA150K18DTS:SHEA HAND CR DTS RIFLE 150ML,55.6,139,QAR,204,A,,3253581485880
001,020416804529,9813,FRAGRANCES,1988,OCC:L'OCCITANE,4536,EAU DE PARFUM,23EP050TL24:TERRE DE LUMIERE 2024 EDP 50ML,131.8769,330,QAR,204,A,,3253581768679
001,020416804531,9813,FRAGRANCES,1988,OCC:L'OCCITANE,4538,EAU DE TOILETTE,23ET050NO24:NO EAU DE TOILETTE 50ML 24,115.9592,290,QAR,204,A,,3253581770528
001,020416804533,9813,FRAGRANCES,1988,OCC:L'OCCITANE,4538,EAU DE TOILETTE,49ET007VB23:VER EDT 75ML,16.0001,40,QAR,204,A,,3253581766927
001,020416804534,9813,FRAGRANCES,1988,OCC:L'OCCITANE,4538,EAU DE TOILETTE,49ET007NO23:NERO ORCHI EAU DE TOIL 75ML,16.0001,40,QAR,204,A,,3253581767986
001,020416804535,9813,FRAGRANCES,1988,OCC:L'OCCITANE,4538,EAU DE TOILETTE,15ET100VB23:VER EDT 100ML,125.8919,315,QAR,204,A,,3253581766910
001,020416804536,9801,SKINCARE,1988,OCC:L'OCCITANE,4344,CLEANSERS,11CG125R23:REOTIER CLEANSING GEL 125ML,40.0698,110,QAR,204,A,,3253581763247
001,020416804537,9801,SKINCARE,1988,OCC:L'OCCITANE,6744,SERUM,11BE150R23:REOTIER ESSENCE 150ML,45.9503,115,QAR,204,A,,3253581763261
001,020416804538,9834,PLV,1988,OCC:L'OCCITANE,4524,DISPLAY MATERIALS,52TSANIVISLI20:TS ANIMATION VISUAL KIT LIGHT,0,0,QAR,204,A,,3253581716885
001,020416804539,9801,SKINCARE,1988,OCC:L'OCCITANE,4508,DAY CREAMS,11GC050R23:REOTIER GLOW CREAM 50ML,60.7059,160,QAR,204,A,,3253581763308
001,020416804540,9834,PLV,1988,OCC:L'OCCITANE,6722,SAMPLES,52SH006E24:GB GENTLE SHAMPOO 6ML,0,.01,QAR,204,A,,3253581768082
001,020416804542,9834,PLV,1988,OCC:L'OCCITANE,6722,SAMPLES,52SH006P23:EO FRESHNESS SHAMPOO 6ML,0,.01,QAR,204,A,,3253581764343
001,020416804544,9828,TOILETRIES,1988,OCC:L'OCCITANE,4634,HAND & FOOT CARE,49MA010VB24:VERBENA 10ML HAND CREAM,5.1999,15,QAR,204,A,,3253581769461
001,020416810041,9801,SKINCARE,1988,OCC:L'OCCITANE,4508,DAY CREAMS,11MF050R23:REOTIER FLUIDE MAT 50ML,51.6,160,QAR,204,A,,3253581763285
001,020416810044,9834,PLV,1988,OCC:L'OCCITANE,4524,DISPLAY MATERIALS,52HCDISPTS23:30 ML HAND CREAM DISPLAYER,0,.01,QAR,204,A,,3253581870839
001,020416810045,9834,PLV,1988,OCC:L'OCCITANE,4524,DISPLAY MATERIALS,52TESTGEN22:GENERIC PERFUME CERAMIC TESTER,0,.01,QAR,204,A,,3253581866214
001,020416810048,9801,SKINCARE,1988,OCC:L'OCCITANE,6744,SERUM,27ER150I23:IMM RESET TRI ESSENCE 150ML,148,390,QAR,204,A,,3253581767238
001,020416810049,9828,TOILETRIES,1988,OCC:L'OCCITANE,4634,HAND & FOOT CARE,01BP150K23:SHEA INTENSE FOOT BALM 150ML,57.6308,160,QAR,204,A,,3253581767528
001,020416810050,9834,PLV,1988,OCC:L'OCCITANE,6977,WRAPPING MATERIALS,52BTKDOS5:SPA GIFT BOX,0,.01,QAR,204,A,,3253581870686
001,020416817189,9815,BEAUTY SET,1988,OCC:L'OCCITANE,3997,BEAUTY SET,15CVBDUO223:CITRUS VERBENA BODY DUO 2023 V2,79.6,215,QAR,204,A,,020426817189
001,020416817190,9815,BEAUTY SET,1988,OCC:L'OCCITANE,3997,BEAUTY SET,15VEBDUO223:VERBENA BODY DUO 2023 V2,79.9,215,QAR,204,A,,020426817190
001,020416817191,9815,BEAUTY SET,1988,OCC:L'OCCITANE,3997,BEAUTY SET,12NOCOLL24:NEROLI ORCHIDEE COLLECTION 2024,178,510,QAR,204,A,,020426817191
001,020416817191,9815,BEAUTY SET,1988,OCC:L'OCCITANE,3997,BEAUTY SET,12NOCOLL24:NEROLI ORCHIDEE COLLECTION 2024,178,510,QAR,204,A,,781005621178
001,020416817192,9815,BEAUTY SET,1988,OCC:L'OCCITANE,3997,BEAUTY SET,20CAPSET24:CAP CEDRAT MEN COLLECTION 2024,147.6,425,QAR,204,A,,020426817192
001,020416817193,9815,BEAUTY SET,1988,OCC:L'OCCITANE,3997,BEAUTY SET,29ALBCVS24:ALMOND BODY CARE COLLECTION 2024,219.6,580,QAR,204,A,,020426817193
001,020416817194,9828,TOILETRIES,1988,OCC:L'OCCITANE,6749,SET,10BSTRI24:BEST SELLING TRIO HAND CREAM 2024,47.6,119,QAR,204,A,,020426817194
001,020416817195,9801,SKINCARE,1988,OCC:L'OCCITANE,6749,SET,38RBTRI24:BRIGHTENING COLLECTION 2024,171.5999,440,QAR,204,A,,020426817195
001,020416827411,9828,TOILETRIES,1988,OCC:L'OCCITANE,4634,HAND & FOOT CARE,01EM030K24:SHEA HAND SCRUB 30ML,23.9956,60,QAR,204,A,,3253581769324
001,020416827413,9828,TOILETRIES,1988,OCC:L'OCCITANE,4634,HAND & FOOT CARE,01MC030K23:SHEA LIME HAND CREAM 30ML,19.6,49,QAR,204,A,,3253581735466
001,020416827414,9850,HAIR CARE,1988,OCC:L'OCCITANE,3903,AFTER SHAMPOO,11AS075P23:EO FRESHNESS CONDIT 75ML,15.9063,45,QAR,204,A,,3253581764381
001,020416827415,9850,HAIR CARE,1988,OCC:L'OCCITANE,3903,AFTER SHAMPOO,11AS250P23:EO FRESHNESS CONDIT 250ML,45.6,115,QAR,204,A,,3253581764374
001,020416827416,9850,HAIR CARE,1988,OCC:L'OCCITANE,3903,AFTER SHAMPOO,11AS500P23:EO FRESHNESS CONDIT 500ML,75.4286,210,QAR,204,A,,3253581764404
001,020416827417,9850,HAIR CARE,1988,OCC:L'OCCITANE,3903,AFTER SHAMPOO,11RC500P23:EO FRESHNESS CONDIT REF 500ML,76,190,QAR,204,A,,3253581764411
001,020416827418,9850,HAIR CARE,1988,OCC:L'OCCITANE,6753,SHAMPOO,11RS500P23:EO FRESHNESS SHAMP REFIL 500ML,62,155,QAR,204,A,,3253581764367
001,020416827419,9850,HAIR CARE,1988,OCC:L'OCCITANE,6753,SHAMPOO,11SH075P23:EO FRESHNESS SHAMPOO 75ML,14,37,QAR,204,A,,3253581764336
001,020416827420,9850,HAIR CARE,1988,OCC:L'OCCITANE,6753,SHAMPOO,11SH300P23:EO FRESHNESS SHAMPOO 300ML,46,115,QAR,204,A,,3253581764329
001,020416827421,9850,HAIR CARE,1988,OCC:L'OCCITANE,6753,SHAMPOO,11SH500P23:EO FRESHNESS SHAMPOO 500ML,70,175,QAR,204,A,,3253581764350
001,020416827422,9850,HAIR CARE,1988,OCC:L'OCCITANE,4627,HAIR & SCALP TREATMENTS,11VI100P23:EO FRESHN FINISH VINEG 100ML,47.346,135,QAR,204,A,,3253581764435
001,020416827423,9828,TOILETRIES,1988,OCC:L'OCCITANE,4634,HAND & FOOT CARE,12MA030NO23:NER AND ORC HAND CREAM 30ML,19.6,49,QAR,204,A,,3253581766088
001,020416827424,9828,TOILETRIES,1988,OCC:L'OCCITANE,3991,BATH & BODY,15BM500VB23:VER FOAMING BATH 500ML,60,150,QAR,204,A,,3253581766934
001,020416827425,9843,AMBIENT SCENTS,1988,OCC:L'OCCITANE,6733,SCENTED LIQUID,15BR100VBL24:HOME AND LINEN MIST 100ML,49.04,135,QAR,204,A,,3253581769171
001,020416827426,9828,TOILETRIES,1988,OCC:L'OCCITANE,3991,BATH & BODY,15GC150VB24:HYDRAT BODY GEL VB 150ML,53.9999,140,QAR,204,A,,3253581776728
001,020416827427,9828,TOILETRIES,1988,OCC:L'OCCITANE,3991,BATH & BODY,15GD250VBL24:COOLING SHOWER GEL 250ML,36,99,QAR,204,A,,3253581769157
001,020416827428,9828,TOILETRIES,1988,OCC:L'OCCITANE,4634,HAND & FOOT CARE,15MA030VBL24:COOLING HAND CREAM 30ML,19.6001,49,QAR,204,A,,3253581769164
001,020416827429,9828,TOILETRIES,1988,OCC:L'OCCITANE,4634,HAND & FOOT CARE,15MA075L22:LAVENDER HAND CREAM 75ML,39.5977,99,QAR,204,A,,3253581767870
001,020416827430,9850,HAIR CARE,1988,OCC:L'OCCITANE,3903,AFTER SHAMPOO,17AS075E24:GB GENTLE CONDITIONNER 75ML,16,45,QAR,204,A,,3253581768136
001,020416827431,9850,HAIR CARE,1988,OCC:L'OCCITANE,3903,AFTER SHAMPOO,17AS250E24:GB GENTLE CONDITIONNER 250ML,43.8816,115,QAR,204,A,,3253581768129
001,020416827432,9850,HAIR CARE,1988,OCC:L'OCCITANE,3903,AFTER SHAMPOO,17AS500E24:GB GENTLE CONDITIONNER 500ML,80,210,QAR,204,A,,3253581768150
001,020416827433,9850,HAIR CARE,1988,OCC:L'OCCITANE,6753,SHAMPOO,17SH075E24:GB GENTLE SHAMPOO 75ML,11.5998,37,QAR,204,A,,3253581768075
001,020416827434,9850,HAIR CARE,1988,OCC:L'OCCITANE,6753,SHAMPOO,17SH300E24:GB GENTLE SHAMPOO 300ML,46,115,QAR,204,A,,3253581768068
001,020416827435,9850,HAIR CARE,1988,OCC:L'OCCITANE,6753,SHAMPOO,17SH500E24:GB GENTLE SHAMPOO 500ML,60,175,QAR,204,A,,3253581768099
001,020416827436,9828,TOILETRIES,1988,OCC:L'OCCITANE,3991,BATH & BODY,24GD250R23:ROSE SHOWER GEL 250ML,38.592,99,QAR,204,A,,3253581767931
001,020416827437,9828,TOILETRIES,1988,OCC:L'OCCITANE,4634,HAND & FOOT CARE,24MA030R23:ROSE HAND CREAM 30ML,19.6,49,QAR,204,A,,3253581766057
001,020416827439,9834,PLV,1988,OCC:L'OCCITANE,6722,SAMPLES,52AS006FV23:VOL STRENGTH CONDI SAMPLE 6ML,0,.01,QAR,204,A,,3253581768860
001,020416827440,9834,PLV,1988,OCC:L'OCCITANE,4524,DISPLAY MATERIALS,52CERVASE22:DECORATIVE CERAMIC VASE,0,.01,QAR,204,A,,3253581866337
001,020416827442,9834,PLV,1988,OCC:L'OCCITANE,6722,SAMPLES,52MA003K23A:SHEA HAND CREAM 3ML,0,.01,QAR,204,A,,3253581767580
001,020416827443,9834,PLV,1988,OCC:L'OCCITANE,6722,SAMPLES,52SH006FV23:VOLUME STRENGTH SH SAMPLE 6ML,0,.01,QAR,204,A,,3253581768822
001,020416842024,9828,TOILETRIES,1988,OCC:L'OCCITANE,3991,BATH & BODY,01LT300K23:SHEA HAND BODY LOTION 300ML,60.6872,155,QAR,204,A,,3253581768266
001,020416842026,9828,TOILETRIES,1988,OCC:L'OCCITANE,4634,HAND & FOOT CARE,01MV030K23:SHEA VANILLA HAND CREAM 30ML,19.6,49,QAR,204,A,,3253581735497
001,020416842027,9828,TOILETRIES,1988,OCC:L'OCCITANE,4634,HAND & FOOT CARE,01PI030K23:SHEA BUTTER FOOT CREAM 30ML,19.6,49,QAR,204,A,,3253581735404
001,020416842028,9842,MAKE UP,1988,OCC:L'OCCITANE,5648,LIPS,01SL0045K23:SHEA ULTRA-RICH LIPSTICK 4.5GR,19.6,49,QAR,204,A,,3253581767559
001,020416842029,9828,TOILETRIES,1988,OCC:L'OCCITANE,4634,HAND & FOOT CARE,01SL300LV23:SHEA LAVEND LIQUID SOAP 300ML,35.0962,90,QAR,204,A,,3253581767566
001,020416842030,9828,TOILETRIES,1988,OCC:L'OCCITANE,4634,HAND & FOOT CARE,01SL300VE23:SHEA VERBENA LIQUID SOAP 300ML,36,90,QAR,204,A,,3253581767573
001,020416842031,9850,HAIR CARE,1988,OCC:L'OCCITANE,4627,HAIR & SCALP TREATMENTS,11AT050HL24:HAIR LOSS TREATMENT 50ML,71.5764,185,QAR,204,A,,3253581779347
001,020416842032,9828,TOILETRIES,1988,OCC:L'OCCITANE,3991,BATH & BODY,15SA050LB24:WHITE LAVENDER SOAP 50GR,12,30,QAR,204,A,,3253581770375
001,020416842033,9850,HAIR CARE,1988,OCC:L'OCCITANE,3903,AFTER SHAMPOO,17AS500FV23:VOLUME STRENGTH CONDI 500ML,72,210,QAR,204,A,,3253581768846
001,020416842034,9850,HAIR CARE,1988,OCC:L'OCCITANE,6753,SHAMPOO,17RS500FV23:VOLUME STRENGTH SH REFILL500ML,54,155,QAR,204,A,,3253581768839
001,020416842035,9828,TOILETRIES,1988,OCC:L'OCCITANE,6754,SHAVING,20AR075O22:OCCITAN AFTER SHAVE 75ML,60,150,QAR,204,A,,3253581770290
001,020416842036,9828,TOILETRIES,1988,OCC:L'OCCITANE,4634,HAND & FOOT CARE,24MA030CB23:CHE BLOSSOM HAND CREAM 30ML,19.6,49,QAR,204,A,,3253581769065
001,020416842038,9828,TOILETRIES,1988,OCC:L'OCCITANE,4634,HAND & FOOT CARE,29MA030A22:ALM CR MAIN A CROQUER 30 ML,19.6,49,QAR,204,A,,3253581764657
001,020416842039,9834,PLV,1988,OCC:L'OCCITANE,6722,SAMPLES,52AS006G24:IR CONDI 6ML,0,.01,QAR,204,A,,3253581769874
001,020416842040,9834,PLV,1988,OCC:L'OCCITANE,6722,SAMPLES,52MC006G24:IR MASK 6ML,0,.01,QAR,204,A,,3253581769959
001,020416842041,9834,PLV,1988,OCC:L'OCCITANE,6722,SAMPLES,52SH006G24:IR SHAMPOO 6ML,0,.01,QAR,204,A,,3253581769775
001,020416842042,9828,TOILETRIES,1988,OCC:L'OCCITANE,4634,HAND & FOOT CARE,98BBCM010AD1:ALMOND HAND CREAM 10ML,6.0001,15,QAR,204,A,,3253581766453
001,020416972370,9801,SKINCARE,1988,OCC:L'OCCITANE,6744,SERUM,27EP030I24:IMM DIVINE YOUTH PEARLS 30ML,192.0001,480,QAR,204,A,,3253581763582
001,020416972371,9828,TOILETRIES,1988,OCC:L'OCCITANE,4634,HAND & FOOT CARE,01MA030KC24H:SHEA COMB HAND CR 30ML,19.6,49,QAR,204,A,,3253581770764
001,020416972372,9828,TOILETRIES,1988,OCC:L'OCCITANE,4634,HAND & FOOT CARE,01MA030KK24H:SHEA KUMQ LIGHT HAND CR 30ML,19.6,49,QAR,204,A,,3253581770849
001,020416972373,9801,SKINCARE,1988,OCC:L'OCCITANE,5647,LIP BALMS/FILLERS/MOISTURISER,01BL012KC24H:SHEA COMB LIP BALM 12ML,19.6,49,QAR,204,A,,3253581770733
001,020416972374,9828,TOILETRIES,1988,OCC:L'OCCITANE,4634,HAND & FOOT CARE,29MA030A24H:ALMD LUMINC HAND CR 30ML,19.6,49,QAR,204,A,,3253581770580
001,020416972375,9828,TOILETRIES,1988,OCC:L'OCCITANE,3991,BATH & BODY,29VC240A23:ALMOND MILK VEIL 240ML,76,190,QAR,204,A,,3253581779132
001,020416972376,9828,TOILETRIES,1988,OCC:L'OCCITANE,3991,BATH & BODY,01MD200KK24H:SHEA KUMQUAT SHOWER FOAM 200ML,39.6,110,QAR,204,A,,3253581770887
001,020416972377,9828,TOILETRIES,1988,OCC:L'OCCITANE,3991,BATH & BODY,29BR050A24H:ALMD LUMINC MIST 50ML,36,90,QAR,204,A,,3253581770924
001,020416977426,9834,PLV,1988,OCC:L'OCCITANE,6977,WRAPPING MATERIALS,80POUSY24:SUNSHINE YELLOW POUCH 2024,6.3781,3.5,QAR,204,A,,020426977426
001,020416977428,9828,TOILETRIES,1988,OCC:L'OCCITANE,3991,BATH & BODY,84LBABR24:L'OCCITANE BATH BRUSH 2024,19.6,49,QAR,204,A,,020426977428
001,020416977429,9801,SKINCARE,1988,OCC:L'OCCITANE,6812,SKINCARE ACCESSORIES,84LFABR24:L'OCCITANE FACIAL CLEANSING BRUSH 2024,23.6,60,QAR,204,A,,020426977429
001,020416977431,9834,PLV,1988,OCC:L'OCCITANE,6977,WRAPPING MATERIALS,80EDBBOX24:BAUX SET BOX 2024,9.2937,5.1,QAR,204,A,,020426977431
001,020416977432,9834,PLV,1988,OCC:L'OCCITANE,6977,WRAPPING MATERIALS,80NORBOX24:NEROLI ORCHIDEE BOX 2024,0,.01,QAR,204,A,,020426977432
001,020416977434,9834,PLV,1988,OCC:L'OCCITANE,6977,WRAPPING MATERIALS,80FLHCTR24:FLORAL HAND CREAM TRIO 2024,0,.01,QAR,204,A,,020426977434
001,020416977437,9834,PLV,1988,OCC:L'OCCITANE,6977,WRAPPING MATERIALS,80MLFEB24:MOST LOVED FESTIVE BOX 2024,.0365,.02,QAR,204,A,,020426977437
001,020416977438,9834,PLV,1988,OCC:L'OCCITANE,6977,WRAPPING MATERIALS,80ALLEFEB24:ALMOND FESTIVE LIMITED-EDITION BOX 2024,.0365,.02,QAR,204,A,,020426977438
001,020416980150,9834,PLV,1988,OCC:L'OCCITANE,6977,WRAPPING MATERIALS,80CBRAB25:CHERRY BLOSSOM RAMADAN BOX 2025,0,.01,QAR,204,A,,020426980150
001,020416980157,9834,PLV,1988,OCC:L'OCCITANE,6977,WRAPPING MATERIALS,80SOGGE25:GENERIX BOXES - SOG 2025,.0365,.02,QAR,204,A,,020426980157
001,020417000803,9828,TOILETRIES,1988,OCC:L'OCCITANE,3991,BATH & BODY,01LC240KC24H:SHEA COMB RICH BODY LOT 240ML,60,160,QAR,204,A,,3253581786093
001,020417000805,9834,PLV,1988,OCC:L'OCCITANE,4523,DISPLAY FURNITURE,54VMTHOLIDAY24:HOLIDAY 24 VM KIT TABLE,0,.01,QAR,204,A,,3253581872093
001,020417000806,9834,PLV,1988,OCC:L'OCCITANE,4523,DISPLAY FURNITURE,54VMWHOLIDAY24:HOLIDAY 24 VM KIT WINDOW LUG,0,.01,QAR,204,A,,3253581872116
001,020417000807,9828,TOILETRIES,1988,OCC:L'OCCITANE,3991,BATH & BODY,29HD250A24H:ALMD LUMINC SHOWER OIL 250ML,48,130,QAR,204,A,,3253581770603
001,020417000808,9834,PLV,1988,OCC:L'OCCITANE,6977,WRAPPING MATERIALS,52MMBRNO24F:2024 HOLIDAY MEDIUM BOX RF,0,0,QAR,204,A,,3253581871461
001,020417000809,9834,PLV,1988,OCC:L'OCCITANE,6977,WRAPPING MATERIALS,52MIBSANO24:2024 HOLIDAY MINI BAG SACHET,0,.01,QAR,204,A,,3253581871584
001,020417000810,9834,PLV,1988,OCC:L'OCCITANE,4523,DISPLAY FURNITURE,54VMPODHOLIDAY24:HOLDIAY 24 VM PODIUM,0,0,QAR,204,A,,3253581872109
001,020417000811,9834,PLV,1988,OCC:L'OCCITANE,6977,WRAPPING MATERIALS,52CASCNO24:2024 HOLIDAY CASHIER OFFER C,.914,.46,QAR,204,A,,3253581871645
001,020417000812,9834,PLV,1988,OCC:L'OCCITANE,6977,WRAPPING MATERIALS,52SMBPNO24:2024 HOLIDAY SMALL BOX PURPLE,0,0,QAR,204,A,,3253581871713
001,020417000813,9828,TOILETRIES,1988,OCC:L'OCCITANE,3991,BATH & BODY,24BB018CB24:CHERRY BLOSSOM BATH CUBE 18GR,6.8,17,QAR,204,A,,3253581770955
001,020417000814,9828,TOILETRIES,1988,OCC:L'OCCITANE,3991,BATH & BODY,15BB018V24:VERBENA BATH CUBE 18GR,6.8,17,QAR,204,A,,3253581770931
001,020417000815,9828,TOILETRIES,1988,OCC:L'OCCITANE,3991,BATH & BODY,15BB018LB24:WHITE LAVENDER BATH CUBE 18GR,6.8,17,QAR,204,A,,3253581770948
001,020417000816,9834,PLV,1988,OCC:L'OCCITANE,4523,DISPLAY FURNITURE,54VMWHLHOLIDAY24:HOLIDAY 24 VM SMALL KIT,0,0,QAR,204,A,,3253581872086
001,020417000817,9828,TOILETRIES,1988,OCC:L'OCCITANE,3991,BATH & BODY,11GD250GY24:WISTERIA SHOWER GEL 250ML,36,99,QAR,204,A,,3253581771556
001,020417000818,9828,TOILETRIES,1988,OCC:L'OCCITANE,3991,BATH & BODY,01SA050KC24H:SHEA COMB EXT GENTLE SOAP 50GR,12,30,QAR,204,A,,3253581770801
001,020417000819,9828,TOILETRIES,1988,OCC:L'OCCITANE,3991,BATH & BODY,01SA050KK24H:SHEA KUMQ EXT GENTLE SOAP 50GR,12,30,QAR,204,A,,3253581770900
001,020417000820,9801,SKINCARE,1988,OCC:L'OCCITANE,5647,LIP BALMS/FILLERS/MOISTURISER,01BL012KK24H:SHEA KUMQUAT LIP BALM 12ML,19.6,49,QAR,204,A,,3253581770856
001,020417000821,9828,TOILETRIES,1988,OCC:L'OCCITANE,3991,BATH & BODY,24BB018R24H:ROSE MEY LEM BATH CUBE 18GR,6.8,17,QAR,204,A,,3253581770726
001,020417000822,9828,TOILETRIES,1988,OCC:L'OCCITANE,3991,BATH & BODY,29HD075A24H:ALMD LUMINC SHOWER OIL 75ML,16,43,QAR,204,A,,3253581770610
001,020417000823,9828,TOILETRIES,1988,OCC:L'OCCITANE,3991,BATH & BODY,01GC200KK24H:SHEA KUMQUAT BODY SCRUB 200ML,64,160,QAR,204,A,,3253581770894
001,020417000824,9828,TOILETRIES,1988,OCC:L'OCCITANE,3991,BATH & BODY,24CC150R24H:ROSE MEYER LEM BODY CR 150ML,60,160,QAR,204,A,,3253581770696
001,020417000825,9828,TOILETRIES,1988,OCC:L'OCCITANE,3991,BATH & BODY,01CL175KK24H:SHEA KUMQ LIGHT BODY CR 175ML,76,190,QAR,204,A,,3253581770870
001,020417000826,9834,PLV,1988,OCC:L'OCCITANE,6977,WRAPPING MATERIALS,52WRAPNO24:2024 HOLIDAY WRAPPING PAPER,0,0,QAR,204,A,,3253581871591
001,020417000827,9834,PLV,1988,OCC:L'OCCITANE,6977,WRAPPING MATERIALS,52SMBGNO24:2024 HOLIDAY SMALL BOX GREEN,0,.01,QAR,204,A,,3253581871447
001,020417000828,9834,PLV,1988,OCC:L'OCCITANE,6977,WRAPPING MATERIALS,52MMSANO24:2024 HOLIDAY MEDIUM SACHET,0,.01,QAR,204,A,,3253581871577
001,020417000830,9834,PLV,1988,OCC:L'OCCITANE,4523,DISPLAY FURNITURE,54VMFHOLIDAY24:HOLIDAY 24 VM KIT WINDOW FRAME,0,.01,QAR,204,A,,3253581872031
001,020417000831,9828,TOILETRIES,1988,OCC:L'OCCITANE,3991,BATH & BODY,11GD075GY24:WISTERIA SHOWER GEL 75ML,12,32,QAR,204,A,,3253581771563
001,020417000832,9828,TOILETRIES,1988,OCC:L'OCCITANE,3991,BATH & BODY,11LC075GY24:WISTERIA BODY LOTION 75ML,19.6,55,QAR,204,A,,3253581771549
001,020417000833,9828,TOILETRIES,1988,OCC:L'OCCITANE,4634,HAND & FOOT CARE,49MA010GY24:WISTERIA HAND CREAM 10ML,2.0664,15,QAR,204,A,,3253581771587
001,020417000834,9828,TOILETRIES,1988,OCC:L'OCCITANE,4634,HAND & FOOT CARE,11MA030GY24:WISTERIA HAND CREAM 30ML,19.6,49,QAR,204,A,,3253581771570
001,020417000838,9834,PLV,1988,OCC:L'OCCITANE,6957,UNIFORMS,49SCARNO24:2024 HOLIDAY SCARF,0,.01,QAR,204,A,,3253581871201
001,020417000839,9828,TOILETRIES,1988,OCC:L'OCCITANE,3991,BATH & BODY,01CD250KC24H:SHEA COMB SHOWER CREAM 250ML,36,99,QAR,204,A,,3253581770771
001,020417000840,9828,TOILETRIES,1988,OCC:L'OCCITANE,4634,HAND & FOOT CARE,24MA030R24H:ROSE MEYER LEM HAND CR 30ML,19.6,49,QAR,204,A,,3253581770702
001,020417000841,9834,PLV,1988,OCC:L'OCCITANE,6977,WRAPPING MATERIALS,52LSHWNO24:2024 HOLIDAY REFILLABLE DUO,0,.01,QAR,204,A,,3253581871393
001,020417000845,9834,PLV,1988,OCC:L'OCCITANE,6977,WRAPPING MATERIALS,52QUATC24:2024 HOLIDAY QUATUOR TR COLLEC,0,0,QAR,204,A,,3253581871409
001,020417000847,9834,PLV,1988,OCC:L'OCCITANE,6977,WRAPPING MATERIALS,52TRIPNO24:2024 HOLIDAY TRIO HC PINK,0,0,QAR,204,A,,3253581871362
001,020417000848,9834,PLV,1988,OCC:L'OCCITANE,6977,WRAPPING MATERIALS,52NGERIBNO24:2024 HOLIDAY NATURAL G RIBBON,0,.01,QAR,204,A,,3253581871782
001,020417000849,9834,PLV,1988,OCC:L'OCCITANE,6977,WRAPPING MATERIALS,52YGERIBNO24:2024 HOLIDAY YELLOW GN RIBBON,0,.01,QAR,204,A,,3253581871775
001,020417000850,9834,PLV,1988,OCC:L'OCCITANE,6977,WRAPPING MATERIALS,52STINO24:2024 HOLIDAY NEW STICKER X 300,0,.01,QAR,204,A,,3253581871607
001,020417000851,9834,PLV,1988,OCC:L'OCCITANE,6977,WRAPPING MATERIALS,52TRILGNO24:2024 HOLIDAY HC TRIO LIGHT G,.8531,.44,QAR,204,A,,3253581871355
001,020417000852,9801,SKINCARE,1988,OCC:L'OCCITANE,4508,DAY CREAMS,49DC008I23:IMMORTELLE DIVINE CREAM 8ML,3.796,80,QAR,204,A,,3253581763643
001,020417000853,9834,PLV,1988,OCC:L'OCCITANE,6977,WRAPPING MATERIALS,52SMBRNO24:2024 HOLIDAY SMALL BOX RED,0,.01,QAR,204,A,,3253581871423
001,020417000854,9828,TOILETRIES,1988,OCC:L'OCCITANE,4634,HAND & FOOT CARE,24MA150R23:ROSE HAND CREAM 150ML,56,150,QAR,204,A,,3253581770986
001,020417000855,9828,TOILETRIES,1988,OCC:L'OCCITANE,3991,BATH & BODY,24LC075R23:ROSE BODY LOTION 75ML,19.8133,55,QAR,204,A,,3253581771020
001,020417000856,9828,TOILETRIES,1988,OCC:L'OCCITANE,3991,BATH & BODY,29LC050A24:ALM LE MILK CONCENTRATE 50ML,32,80,QAR,204,A,,3253581785607
001,020417000857,9834,PLV,1988,OCC:L'OCCITANE,6977,WRAPPING MATERIALS,52MGEBOX23:MEDIUM GENERIC BOX 2023,0,.01,QAR,204,A,,3253581866702
001,020417000858,9828,TOILETRIES,1988,OCC:L'OCCITANE,4634,HAND & FOOT CARE,01PI150K23:SHEA BUTTER FOOT CREAM 150ML,60,150,QAR,204,A,,3253581735381
001,020417000859,9850,HAIR CARE,1988,OCC:L'OCCITANE,6753,SHAMPOO,17SH075FV23:VOLUME STRENGTH SHAMPOO 75ML,14.7998,37,QAR,204,A,,3253581768815
001,020415125000,9834,PLV,1988,OCC:L'OCCITANE,6977,WRAPPING MATERIALS,10BOWEB219:MINI WEB BOX 2019,0,.01,QAR,204,C,,3253581721490
001,020415125001,9834,PLV,1988,OCC:L'OCCITANE,6977,WRAPPING MATERIALS,10BOWEB319:STANDARD WEB BOX 2019,0,.01,QAR,204,C,,3253581721506
001,020415125002,9801,SKINCARE,1988,OCC:L'OCCITANE,4344,CLEANSERS,11PEP050I20:POWDER TO-MOUSSE 50G,43.6,110,QAR,204,A,,3253581681367
001,020415125003,9828,TOILETRIES,1988,OCC:L'OCCITANE,4634,HAND & FOOT CARE,15GM065L20:LAVENDER CLEAN HANDS GEL 65ML,4.6218,35,QAR,204,A,,3253581750605
001,020415125004,9828,TOILETRIES,1988,OCC:L'OCCITANE,4634,HAND & FOOT CARE,15GM280VB20:VERBENA CLEAN HANDS GEL 280ML,1.7551,90,QAR,204,A,,3253581753477
001,020415125005,9828,TOILETRIES,1988,OCC:L'OCCITANE,3991,BATH & BODY,15SS150L20:LAVENDER EXFOLIATING SOAP 150G,19.6,49,QAR,204,A,,3253581661857
001,020415125006,9850,HAIR CARE,1988,OCC:L'OCCITANE,4627,HAIR & SCALP TREATMENTS,17AF100G20:ANTI-FRIZZ REPAIR 100ML,43.8783,135,QAR,204,A,,3253581679517
001,020415125007,9850,HAIR CARE,1988,OCC:L'OCCITANE,3903,AFTER SHAMPOO,17RC500E20:GNTL & BLNC REFILL CD 500ML,54,190,QAR,204,A,,3253581679623
001,020415125008,9850,HAIR CARE,1988,OCC:L'OCCITANE,6753,SHAMPOO,17RS500E20:GNTL & BLNC REFILL SH 500ML,47.6,155,QAR,204,C,,3253581679616
001,020415125009,9828,TOILETRIES,1988,OCC:L'OCCITANE,3991,BATH & BODY,24RG500C20:CHERRY SHOWER GEL REFILL 500ML,50,125,QAR,204,A,,3253581657966
001,020415125010,9828,TOILETRIES,1988,OCC:L'OCCITANE,3991,BATH & BODY,24RG500R20:ROSE SHOWER GEL REFILL 500ML,50,125,QAR,204,A,,3253581657973
001,020415125011,9801,SKINCARE,1988,OCC:L'OCCITANE,4552,EYE CREAMS,27DB015I20:IMM DIVINE EYE BALM 15ML,140.1279,350,QAR,204,A,,3253581703526
001,020415125012,9801,SKINCARE,1988,OCC:L'OCCITANE,4508,DAY CREAMS,27DC050I20:IMM DIVINE CREAM 50ML,186,480,QAR,204,A,,3253581703533
001,020415125013,9801,SKINCARE,1988,OCC:L'OCCITANE,6744,SERUM,27DH030I20:IMM DIVINE YOUTH OIL 30ML,186,480,QAR,204,A,,3253581703557
001,020415125014,9801,SKINCARE,1988,OCC:L'OCCITANE,4562,FACE MASK & PEELS & TREATMENTS,27MS050I20:IMMORTELLE PRECIEUSE OVERNIGHT MASK 50ML,110,270,QAR,204,A,,3253581662335
001,020415125015,9801,SKINCARE,1988,OCC:L'OCCITANE,4508,DAY CREAMS,49DC008I20:GWP DIVINE CREAM 8ML,29.9998,80,QAR,204,A,,3253581680032
001,020415125020,9815,BEAUTY SET,1988,OCC:L'OCCITANE,3997,BEAUTY SET,98BBPOUSW19:SLEEP WELL POUCH,0,.01,QAR,204,C,,3253581567098
001,020415152473,9834,PLV,1988,OCC:L'OCCITANE,6722,SAMPLES,52NSBSR320:NEW SHEA BUTTER ROUTINE SAMPLE 2020 V3,0,.01,QAR,204,A,,020425152473
001,020415153045,9828,TOILETRIES,1988,OCC:L'OCCITANE,4634,HAND & FOOT CARE,01EM075K20:SHEA HAND SCRUB 75ML,31.6,90,QAR,204,A,,3253581688489
001,020415153048,9834,PLV,1988,OCC:L'OCCITANE,6977,WRAPPING MATERIALS,10BOWEB419:MEDIUM WEB BOX 2019,0,.01,QAR,204,C,,3253581721513
001,020415153049,9828,TOILETRIES,1988,OCC:L'OCCITANE,6754,SHAVING,20PR001M20:2020 MEN SHAVING BRUSH,67.6,150,QAR,204,A,,3253581680384
001,020415153050,9828,TOILETRIES,1988,OCC:L'OCCITANE,3991,BATH & BODY,29BP100A19:ALM DELIGHTFUL BODY BALM 100ML,63.6,170,QAR,204,A,,3253581590249
001,020415153051,9801,SKINCARE,1988,OCC:L'OCCITANE,4552,EYE CREAMS,49DB004I20:IMM DIVINE EYE BALM 4ML,19.5999,49,QAR,204,A,,3253581703588
001,020415153052,9801,SKINCARE,1988,OCC:L'OCCITANE,4508,DAY CREAMS,49DC004I20:GWP IMM DIVINE CREAM 4ML,19.5999,49,QAR,204,A,,3253581667392
001,020415153053,9834,PLV,1988,OCC:L'OCCITANE,6640,PROMOTIONAL MATERIALS,49MC1CA20:MCAB YELLOW CAP 2020 GWP,0,.01,QAR,204,C,,3253581721117
001,020415153054,9834,PLV,1988,OCC:L'OCCITANE,6640,PROMOTIONAL MATERIALS,49MC2BO20:MCAB PINK BOTTLE 2020 GWP,0,.01,QAR,204,C,,3253581721100
001,020415153055,9801,SKINCARE,1988,OCC:L'OCCITANE,6744,SERUM,49OR005I19:IMM OVERN RESET SERUM GWP 5ML,9.52,40,QAR,204,A,,3253581656938
001,020415153056,9834,PLV,1988,OCC:L'OCCITANE,6640,PROMOTIONAL MATERIALS,49PADCL20:2020 CLEANSERS REUSABLE WIPES,0,.01,QAR,204,C,,3253581700174
001,020415153057,9834,PLV,1988,OCC:L'OCCITANE,6640,PROMOTIONAL MATERIALS,49POUID20:2020 IMM DIVINE SEPT POUCH,0,.01,QAR,204,A,,3253581700273
001,020415153058,9834,PLV,1988,OCC:L'OCCITANE,6640,PROMOTIONAL MATERIALS,49TBGWP19:TOTEBAG TFWA GWP TR 19,0,.01,QAR,204,C,,3253581688663
001,020415153059,9834,PLV,1988,OCC:L'OCCITANE,6722,SAMPLES,52AF006G20:ANTI-FRIZZ REPAIR 6ML,0,.01,QAR,204,C,,3253581679524
001,020415153060,9834,PLV,1988,OCC:L'OCCITANE,6722,SAMPLES,52DB001I20:SAMP IMM DIVINE EYE BALM 1MLX1,0,.01,QAR,204,C,,3253581712863
001,020415153061,9834,PLV,1988,OCC:L'OCCITANE,6722,SAMPLES,52DC0015I20:IMM DIVINE CREAM 1.5MLX1,0,.01,QAR,204,A,,3253581712849
001,020415153062,9834,PLV,1988,OCC:L'OCCITANE,6722,SAMPLES,52DS001I20:IMM DIVINE SERUM 1ML,0,.01,QAR,204,A,,3253581712856
001,020415153063,9834,PLV,1988,OCC:L'OCCITANE,6722,SAMPLES,52MS001I20:ANTI BLUE LIGHT MASK 1.5ML,0,.01,QAR,204,C,,3253581662359
001,020415153064,9834,PLV,1988,OCC:L'OCCITANE,6640,PROMOTIONAL MATERIALS,52SLVBALMD:SLEEVES DUBAI INTENS X50,0,.01,QAR,204,C,,3253581723067
001,020415153065,9834,PLV,1988,OCC:L'OCCITANE,6640,PROMOTIONAL MATERIALS,52SLVROSED:SLEEVES DUBAI ROSE X50,0,.01,QAR,204,C,,3253581722930
001,020415153066,9834,PLV,1988,OCC:L'OCCITANE,6640,PROMOTIONAL MATERIALS,52SLVSHEAD:SLEEVES DUBAI SHEA X50,0,.01,QAR,204,C,,3253581722534
001,020415162795,9815,BEAUTY SET,1988,OCC:L'OCCITANE,3997,BEAUTY SET,11MUS120:MAKE UP SET 1 2020,79.6,199,QAR,204,A,,020425162795
001,020415162808,9815,BEAUTY SET,1988,OCC:L'OCCITANE,3997,BEAUTY SET,11MUS220:MAKE UP SET 2 2020,79.6,199,QAR,204,A,,020425162808
001,020415162809,9815,BEAUTY SET,1988,OCC:L'OCCITANE,3997,BEAUTY SET,11MUS320:MAKE UP SET 3 2020,79.6,199,QAR,204,A,,020425162809
001,020415162810,9815,BEAUTY SET,1988,OCC:L'OCCITANE,3997,BEAUTY SET,11MUS420:MAKE UP SET 4 2020,79.6,199,QAR,204,A,,020425162810
001,020415162811,9815,BEAUTY SET,1988,OCC:L'OCCITANE,3997,BEAUTY SET,11YALS20:YALDA SET 2020,71.5999,179,QAR,204,A,,020425162811
001,020415165072,9834,PLV,1988,OCC:L'OCCITANE,6622,PRINTED MATERIALS,85CLCOCH20:COLORING CARD OMNI CHANNEL,0,.01,QAR,204,C,,020425165072
001,020415165074,9834,PLV,1988,OCC:L'OCCITANE,6722,SAMPLES,52NAQUSR320:AQUA REOTIER SAMPLE ROUTINE 3,0,0,QAR,204,A,,020425165074
001,020415169257,9834,PLV,1988,OCC:L'OCCITANE,6640,PROMOTIONAL MATERIALS,10OCGWP120:OCTOBER 2020 GWP V1,0,.01,QAR,204,A,,020425169257
001,020415169258,9834,PLV,1988,OCC:L'OCCITANE,6640,PROMOTIONAL MATERIALS,10OCGWP220:OCTOBER 2020 GWP V2,0,.01,QAR,204,A,,020425169258
001,020415179388,9834,PLV,1988,OCC:L'OCCITANE,6722,SAMPLES,52PRSAMR201:PRECIOUS SAMPLES ROUTINE 2020,0,.01,QAR,204,A,,020425179388
001,020415179397,9834,PLV,1988,OCC:L'OCCITANE,6722,SAMPLES,52DIVSAMR201:DIVINE SAMPLE ROUTINE,0,.01,QAR,204,A,,020425179397
001,020415188137,9828,TOILETRIES,1988,OCC:L'OCCITANE,3991,BATH & BODY,01BC500K20:SHEA BUBBLE BATH 500ML,57.967,150,QAR,204,A,,3253581680216
001,020415188140,9828,TOILETRIES,1988,OCC:L'OCCITANE,3991,BATH & BODY,01SA100LV20:SOAP SHEA LAVENDER 100G,17.8258,45,QAR,204,A,,3253581680551
001,020415188141,9828,TOILETRIES,1988,OCC:L'OCCITANE,3991,BATH & BODY,01SA100VE20:SOAP SHEA VERBENA 100G,17.2158,45,QAR,204,A,,3253581680537
001,020415188142,9828,TOILETRIES,1988,OCC:L'OCCITANE,3991,BATH & BODY,01SA250LV20:SOAP SHEA LAVENDER 250G,22.9153,60,QAR,204,A,,3253581680568
001,020415188143,9828,TOILETRIES,1988,OCC:L'OCCITANE,3991,BATH & BODY,01SA250VE20:SOAP SHEA VERBENA 250G,22.9893,60,QAR,204,A,,3253581680544
001,020415188146,9828,TOILETRIES,1988,OCC:L'OCCITANE,6749,SET,10QCRAC20:2020 KIT TO SHARE XMAS,21.1169,9.84,QAR,204,A,,3253581688748
001,020415188147,9843,AMBIENT SCENTS,1988,OCC:L'OCCITANE,4153,CANDLES,11BG240DE20H:13 DESSERTS CANDLE 240GR,99.6,230,QAR,204,A,,3253581680926
001,020415188148,9842,MAKE UP,1988,OCC:L'OCCITANE,4561,FACE,11IL015F20:FRUITY LIGHT REFLECTION 15ML,35.6,99,QAR,204,A,,3253581663011
001,020415188149,9842,MAKE UP,1988,OCC:L'OCCITANE,5648,LIPS,11LSFR003F20H:INTENSE FRUITY LIPSTICK 12 3GR,35.6,90,QAR,204,A,,3253581662540
001,020415188151,9842,MAKE UP,1988,OCC:L'OCCITANE,5648,LIPS,11LSRE003F20H:INTENSE FRUITY LIPSTICK 13 3GR,8.9,90,QAR,204,C,,3253581662557
001,020415188152,9843,AMBIENT SCENTS,1988,OCC:L'OCCITANE,6733,SCENTED LIQUID,11PM100DE20H:13 DESSERTS HOME PERF 100ML,47.6,125,QAR,204,A,,3253581680933
001,020415188153,9843,AMBIENT SCENTS,1988,OCC:L'OCCITANE,6733,SCENTED LIQUID,11SD100DE20H:HOME PERF DIFF 13 DESS 100 ML,30,80,QAR,204,A,,3253581680940
001,020415188160,9850,HAIR CARE,1988,OCC:L'OCCITANE,4627,HAIR & SCALP TREATMENTS,20PM050H20:HAIR STYLING PASTE 50ML,47.6,135,QAR,204,A,,3253581717875
001,020415188168,9828,TOILETRIES,1988,OCC:L'OCCITANE,3991,BATH & BODY,29BL500A20:ALMOND MILKY BATH 500ML,59.9993,150,QAR,204,A,,3253581680742
001,020415188169,9850,HAIR CARE,1988,OCC:L'OCCITANE,4627,HAIR & SCALP TREATMENTS,49AF015G20:ANTI-FRIZZ REPAIR 14ML,2.0772,20,QAR,204,A,,3253581681305
001,020415188177,9801,SKINCARE,1988,OCC:L'OCCITANE,4344,CLEANSERS,49LH030I19:CLEANS INFUS OIL TO MILK 30ML,3.6481,1.7,QAR,204,A,,3253581586266
001,020415188178,9834,PLV,1988,OCC:L'OCCITANE,6977,WRAPPING MATERIALS,49MENBNO20:2020 HOLIDAY MEN BOX,0,.01,QAR,204,A,,3253581722701
001,020415188179,9828,TOILETRIES,1988,OCC:L'OCCITANE,3991,BATH & BODY,49PR006S20:PETIT REMEDY 6GR,13.9999,35,QAR,204,A,,3253581667200
001,020415188180,9834,PLV,1988,OCC:L'OCCITANE,6977,WRAPPING MATERIALS,49QUA1NO20:2020 HOLIDAY QUATUOR TIN BOX 1,6.9961,3.26,QAR,204,A,,3253581721995
001,020415188181,9834,PLV,1988,OCC:L'OCCITANE,6977,WRAPPING MATERIALS,49QUA2NO20:2020 HOLIDAY QUATUOR TIN BOX 2,6.9961,3.26,QAR,204,A,,3253581722008
001,020415188183,9834,PLV,1988,OCC:L'OCCITANE,6977,WRAPPING MATERIALS,49TCMNO20:2020 HOLIDAY HAND CREAM TRIO,3.4766,1.62,QAR,204,A,,3253581722718
001,020415188184,9834,PLV,1988,OCC:L'OCCITANE,4524,DISPLAY MATERIALS,52BALLHOL20:BALLOON HOLIDAY 20,0,.01,QAR,204,C,,3253581729748
001,020415188185,9834,PLV,1988,OCC:L'OCCITANE,6977,WRAPPING MATERIALS,52CARDNO20:2020 HOLIDAY CARDS X50,0,.01,QAR,204,C,,3253581729946
001,020415188186,9834,PLV,1988,OCC:L'OCCITANE,6977,WRAPPING MATERIALS,52GIF1NO20:2020 HOLIDAY GIFT TAG 1 X100,0,.01,QAR,204,C,,3253581722251
001,020415188187,9834,PLV,1988,OCC:L'OCCITANE,6977,WRAPPING MATERIALS,52GIF2NO20:2020 HOLIDAY GIFT TAG 2 X100,0,.01,QAR,204,C,,3253581722268
001,020415188188,9834,PLV,1988,OCC:L'OCCITANE,4524,DISPLAY MATERIALS,52GRBAHOL20:GREEN BASKET HOLIDAY 20,0,.01,QAR,204,C,,3253581729687
001,020415188189,9834,PLV,1988,OCC:L'OCCITANE,6977,WRAPPING MATERIALS,52HCBOXNO20:2020 HOLIDAY 6 HC BOX,8.2836,3.86,QAR,204,A,,3253581722046
001,020415188190,9834,PLV,1988,OCC:L'OCCITANE,6977,WRAPPING MATERIALS,52HK2NO20:2020 HOLIDAY HUGS & KISSES 2,.9012,.42,QAR,204,A,,3253581728994
001,020415188191,9834,PLV,1988,OCC:L'OCCITANE,6977,WRAPPING MATERIALS,52HKNO20:2020 HOLIDAY HUGS & KISSES,.6867,.32,QAR,204,A,,3253581721933
001,020415188192,9834,PLV,1988,OCC:L'OCCITANE,6977,WRAPPING MATERIALS,52HO1NO20:2020 HOLIDAY HOME BOX 1,8.7559,4.08,QAR,204,A,,3253581722053
001,020415188193,9834,PLV,1988,OCC:L'OCCITANE,6977,WRAPPING MATERIALS,52LABANO20:2020 HOLIDAY LARGE BAG,0,.01,QAR,204,C,,3253581722725
001,020415188194,9834,PLV,1988,OCC:L'OCCITANE,6977,WRAPPING MATERIALS,52MESTHOL20:MERCH STICKER HOLIDAY 20,0,.01,QAR,204,C,,3253581729830
001,020415188195,9834,PLV,1988,OCC:L'OCCITANE,6757,SHOPPING BAGS,52MIBANO20:2020 HOLIDAY MINI BAG,0,.01,QAR,204,C,,3253581722756
001,020415188196,9834,PLV,1988,OCC:L'OCCITANE,6977,WRAPPING MATERIALS,52MIBONO20:2020 HOLIDAY MINI BOX,0,.01,QAR,204,A,,3253581722077
001,020415188197,9834,PLV,1988,OCC:L'OCCITANE,6757,SHOPPING BAGS,52MMBANO20:2020 HOLIDAY MEDIUM BAG,0,.01,QAR,204,C,,3253581722732
001,020415188198,9834,PLV,1988,OCC:L'OCCITANE,4524,DISPLAY MATERIALS,52PIBAHOL20:PINK BASKET HOLIDAY 20,0,.01,QAR,204,C,,3253581729670
001,020415188199,9834,PLV,1988,OCC:L'OCCITANE,6977,WRAPPING MATERIALS,52QSONO20:2020 HOLIDAY SOAPS KIT,1.6738,.78,QAR,204,A,,3253581721926
001,020413905884,9801,SKINCARE,1988,OCC:L'OCCITANE,5647,LIP BALMS/FILLERS/MOISTURISER,98BBBL004KA2:SHEA BUTTER LIP BALM 4 ML,6,15,QAR,204,A,,3253581521441
001,020413905886,9828,TOILETRIES,1988,OCC:L'OCCITANE,3991,BATH & BODY,98BBGD030VE4:VERBENA SHOWER GEL 30ML,4,15,QAR,204,A,,3253581505601
001,020413920060,9801,SKINCARE,1988,OCC:L'OCCITANE,5647,LIP BALMS/FILLERS/MOISTURISER,01BS020K18A:SHEA SOL BALM APRICOT 20G,15.6,29,QAR,204,C,,3253581506608
001,020413920062,9828,TOILETRIES,1988,OCC:L'OCCITANE,3991,BATH & BODY,15BA500VB7:VER FOAMING BATH 500ML,55.6,139,QAR,204,A,,3253581506141
001,020413920063,9828,TOILETRIES,1988,OCC:L'OCCITANE,3991,BATH & BODY,15GD500VB17:VERBENA SHOWER GEL 500ML,55.6,160,QAR,204,A,,3253581506165
001,020413920064,9828,TOILETRIES,1988,OCC:L'OCCITANE,3991,BATH & BODY,15SA070VB6:VERBENA SOAP RSPO SG 75G,14,35,QAR,204,A,,3253581479766
001,020413920068,9828,TOILETRIES,1988,OCC:L'OCCITANE,6754,SHAVING,20AR075CD16A:CEDRAT AFTER SHAVE 75ML,63.6,159,QAR,204,A,,3253581471630
001,020413920070,9828,TOILETRIES,1988,OCC:L'OCCITANE,3991,BATH & BODY,24GD075C18:CERISIER EAU FRAICHE SG 75ML,11.6,29,QAR,204,A,,3253581506110
001,020413920072,9828,TOILETRIES,1988,OCC:L'OCCITANE,3991,BATH & BODY,24LC075C18:CERISIER EAU FRAICHE BM 75ML,19.6,49,QAR,204,A,,3253581506103
001,020413920073,9834,PLV,1988,OCC:L'OCCITANE,6640,PROMOTIONAL MATERIALS,49MANKJ18:2018 SHEA MANICURE POUCH,0,0,QAR,204,A,,3253581505786
001,020413920074,9834,PLV,1988,OCC:L'OCCITANE,6640,PROMOTIONAL MATERIALS,49POFDC18:2018 CHERRY BLOSSOM POUCH,0,0,QAR,204,A,,3253581506134
001,020413920075,9834,PLV,1988,OCC:L'OCCITANE,6722,SAMPLES,52AR0015H17:SAMP AFT SHA BALM CADE 1.5ML,0,0,QAR,204,C,,3253581506325
001,020413920076,9834,PLV,1988,OCC:L'OCCITANE,6722,SAMPLES,52AS006F17:SAMPLE CONDI ARO REVIT 6ML,0,0,QAR,204,C,,3253581498767
001,020413920077,9834,PLV,1988,OCC:L'OCCITANE,6722,SAMPLES,52AS006G17:SAMP REPAIR CONDITIONER 6ML,0,0,QAR,204,C,,3253581506295
001,020413920078,9834,PLV,1988,OCC:L'OCCITANE,6722,SAMPLES,52BY001I17:IM SAM EYE BALM PREC 1ML,0,0,QAR,204,A,,3253581506806
001,020413920079,9834,PLV,1988,OCC:L'OCCITANE,6722,SAMPLES,52CL0015K18:SHEA SAM LIGHT CREAM 1.5ML,0,0,QAR,204,A,,3253581505762
001,020413920080,9834,PLV,1988,OCC:L'OCCITANE,6640,PROMOTIONAL MATERIALS,52CNYGENV17:PACK DE 8 ENVELOPES GWP CNY,0,0,QAR,204,C,,3253581499504
001,020413920081,9834,PLV,1988,OCC:L'OCCITANE,6722,SAMPLES,52CP0015I17:IM SAM PRECIOUS CREAM 1.5ML,0,0,QAR,204,A,,3253581506813
001,020413920082,9834,PLV,1988,OCC:L'OCCITANE,6722,SAMPLES,52CP0015P17:PEO SP PERFECT CREAM 1.5ML,0,0,QAR,204,C,,3253581506349
001,020413920083,9834,PLV,1988,OCC:L'OCCITANE,6722,SAMPLES,52CPS0015I17:IM SAM PREC CR SPF20 1.5ML,0,0,QAR,204,C,,3253581506820
001,020413920084,9834,PLV,1988,OCC:L'OCCITANE,6722,SAMPLES,52DB001I17:IM DIVINE EYE BALM 1ML,0,0,QAR,204,C,,3253581505380
001,020413920085,9834,PLV,1988,OCC:L'OCCITANE,6722,SAMPLES,52DCS0015I17:IM SAM DIV CREAM SPF20 1.5ML,0,0,QAR,204,C,,3253581505427
001,020413920086,9834,PLV,1988,OCC:L'OCCITANE,6722,SAMPLES,52DE001I17:IM SAM DIVINE EYES 1ML,0,0,QAR,204,C,,3253581505397
001,020413920087,9834,PLV,1988,OCC:L'OCCITANE,6722,SAMPLES,52GH0015CD17:SAMP CEDRAT FACE GEL 1.5ML,0,0,QAR,204,C,,3253581506318
001,020413920088,9834,PLV,1988,OCC:L'OCCITANE,6722,SAMPLES,52HC0015I17:IM SAM HARMONY CREAM 1.5ML,0,0,QAR,204,C,,3253581505403
001,020413920089,9834,PLV,1988,OCC:L'OCCITANE,6722,SAMPLES,52HR004G17:ARO REPAIR OIL SAMPLE 4ML,0,0,QAR,204,A,,3253581510322
001,020413920090,9834,PLV,1988,OCC:L'OCCITANE,6722,SAMPLES,52HS001I17:IM SAM HARMONY SERUM 1ML,0,0,QAR,204,C,,3253581505434
001,020413920091,9834,PLV,1988,OCC:L'OCCITANE,6722,SAMPLES,52HV001K18:SAM SHEA OIL FACE 1ML,0,0,QAR,204,C,,3253581505748
001,020413920092,9834,PLV,1988,OCC:L'OCCITANE,4524,DISPLAY MATERIALS,52K20BOIM17:SET 20 IMMORTELLE BUNCHES 17,0,0,QAR,204,C,,3253581521526
001,020413920093,9834,PLV,1988,OCC:L'OCCITANE,4524,DISPLAY MATERIALS,52KITABK18:TABLE KIT SHEA BUTTER 01 2018,0,0,QAR,204,C,,3253581505014
001,020413920094,9834,PLV,1988,OCC:L'OCCITANE,6722,SAMPLES,52KTOCB18:CB 300 SCENT STRIPS KIT 18,0,0,QAR,204,C,,3253581506219
001,020413920095,9834,PLV,1988,OCC:L'OCCITANE,6722,SAMPLES,52LC006A18:ALMOND MILK CONCENTRATE 6ML,0,0,QAR,204,A,,3253581506356
001,020413920096,9834,PLV,1988,OCC:L'OCCITANE,6722,SAMPLES,52RC0015A18:RB SAM RICH CREAM 1.5ML,0,0,QAR,204,C,,3253581506288
001,020413920097,9834,PLV,1988,OCC:L'OCCITANE,4524,DISPLAY MATERIALS,52SCTEST18:SET 3 SMALL CUBES TESTERS 18,0,0,QAR,204,C,,3253581505328
001,020413920098,9834,PLV,1988,OCC:L'OCCITANE,6722,SAMPLES,52SH006D17:ARO BODY&S SHAMPOO SPL 6ML,0,0,QAR,204,A,,3253581510339
001,020413920099,9834,PLV,1988,OCC:L'OCCITANE,6722,SAMPLES,52SH006F17:SAMPLE ARO FRESH SH 6ML,0,0,QAR,204,C,,3253581498750
001,020413920100,9834,PLV,1988,OCC:L'OCCITANE,6722,SAMPLES,52SP001I17:IM SAM PRECIOUS SERUM 1ML,0,0,QAR,204,C,,3253581505410
001,020413920101,9834,PLV,1988,OCC:L'OCCITANE,4524,DISPLAY MATERIALS,52THOSET18:SET OF 6 TESTER TUBE HOLDER 18,0,0,QAR,204,C,,3253581506202
001,020413920102,9834,PLV,1988,OCC:L'OCCITANE,6722,SAMPLES,52WC0015A18:RB SAM WHITE INFUS CR 1.5ML,0,0,QAR,204,A,,3253581505243
001,020413920103,9834,PLV,1988,OCC:L'OCCITANE,6722,SAMPLES,52WM0015A18:RB SAM SLEEPING MASK 1.5ML,0,0,QAR,204,C,,3253581506271
001,020413920104,9834,PLV,1988,OCC:L'OCCITANE,6722,SAMPLES,52WS001A18:RB SAMPLE WHITE INFUSION 1ML,0,0,QAR,204,A,,3253581505250
001,020413920105,9834,PLV,1988,OCC:L'OCCITANE,4524,DISPLAY MATERIALS,54LT018SB:2018 SHEA BUTTER WINDOW LIGHTS,0,0,QAR,204,C,,3253581504901
001,020413920106,9834,PLV,1988,OCC:L'OCCITANE,4524,DISPLAY MATERIALS,54WK018SB:2018 SHEA JAN WINDOW KIT,0,0,QAR,204,C,,3253581504888
001,020413929937,9801,SKINCARE,1988,OCC:L'OCCITANE,6749,SET,01SBBBJ18:SHEA BUTTER TRIO BUTTER 2018,49.9978,125,QAR,204,A,,020423929937
001,020413929940,9828,TOILETRIES,1988,OCC:L'OCCITANE,6749,SET,01SBBCTIN18:SHEA BUTTER BODY CARE DISCOVERY 2018,51.6001,129,QAR,204,A,,020423929940
001,020413929943,9828,TOILETRIES,1988,OCC:L'OCCITANE,6749,SET,01SBHCSET18:SHEA BUTTER HAND CARE SET 2018,111.612,279,QAR,204,A,,020423929943
001,020413929946,9828,TOILETRIES,1988,OCC:L'OCCITANE,6749,SET,01SBTRIS18:SHEA BUTTER TRIO SOAP 2018,30.006,75,QAR,204,A,,020423929946
001,020413929948,9834,PLV,1988,OCC:L'OCCITANE,6640,PROMOTIONAL MATERIALS,24FEBGWP18:FEBRUARY 2018 GWP,0,0,QAR,204,A,,020423929948
001,020413930101,9815,BEAUTY SET,1988,OCC:L'OCCITANE,3997,BEAUTY SET,20CEDVS18:CEDRAT SET 2018,159.6,425,QAR,204,A,,020423930101
001,020413973906,9828,TOILETRIES,1988,OCC:L'OCCITANE,3991,BATH & BODY,29BP100A18:ALM DELIGHTFUL BODY BALM 100ML,62,170,QAR,204,A,,3253581514160
001,020413973908,9801,SKINCARE,1988,OCC:L'OCCITANE,6929,TONERS,49FT030A18:RB ILLUMINATI TONER 30ML,11.6,29,QAR,204,A,,3253581505205
001,020413973909,9834,PLV,1988,OCC:L'OCCITANE,6977,WRAPPING MATERIALS,49GEMEBOX18:GENERIC METAL BOX 2018,0,.01,QAR,204,A,,3253581505878
001,020413973910,9801,SKINCARE,1988,OCC:L'OCCITANE,4508,DAY CREAMS,49WC008A18:RB WHITE INFUSION CREAM8ML,22.0001,55,QAR,204,A,,3253581505229
001,020413973911,9801,SKINCARE,1988,OCC:L'OCCITANE,6744,SERUM,49WS004A18:RB WHITE INFUSION SERUM4ML,22.0001,55,QAR,204,A,,3253581505212
001,020413973912,9834,PLV,1988,OCC:L'OCCITANE,6977,WRAPPING MATERIALS,52BGERIB18:BLUE GENERIC RIBBON 2018,0,.01,QAR,204,C,,325381505892
001,020413973912,9834,PLV,1988,OCC:L'OCCITANE,6977,WRAPPING MATERIALS,52BGERIB18:BLUE GENERIC RIBBON 2018,0,.01,QAR,204,C,,3253581505892
001,020413973913,9834,PLV,1988,OCC:L'OCCITANE,6722,SAMPLES,52CD0015A18:AQUA SAMP QUENCH CREAM 1.5ML-1,0,.01,QAR,204,A,,3253581506790
001,020413973914,9834,PLV,1988,OCC:L'OCCITANE,6977,WRAPPING MATERIALS,52CELLOP18:100 CELLO SHEETS PAPER 2018,0,.01,QAR,204,C,,3253581505915
001,020413973915,9834,PLV,1988,OCC:L'OCCITANE,6722,SAMPLES,52CV0015K18:SHEA SAM RICH CREAM 1.5ML-1,0,.01,QAR,204,A,,3253581505755
001,020413973916,9834,PLV,1988,OCC:L'OCCITANE,6977,WRAPPING MATERIALS,52DUOCMP18:HAND FOOT CREAM 30ML DUO 2018,0,.01,QAR,204,A,,3253581505885
001,020413973917,9834,PLV,1988,OCC:L'OCCITANE,4524,DISPLAY MATERIALS,52FLEURRB18:PAPER REINE BLANCHE FLOWERS 18,0,.01,QAR,204,C,,3253581505304
001,020413973918,9834,PLV,1988,OCC:L'OCCITANE,6722,SAMPLES,52GD0015A18:AQUA SAMPLE QUENCH GEL 1.5ML-1,0,.01,QAR,204,A,,3253581506783
001,020413973919,9834,PLV,1988,OCC:L'OCCITANE,4524,DISPLAY MATERIALS,52LCTEST18:SET OF 3 LARGE CUBE TESTERS 18,0,.01,QAR,204,C,,3253581505311
001,020413973920,9834,PLV,1988,OCC:L'OCCITANE,6977,WRAPPING MATERIALS,52NGERIB18:NATURAL GENERIC RIBBON 2018,0,.01,QAR,204,C,,3253581505908
001,020413973921,9834,PLV,1988,OCC:L'OCCITANE,6977,WRAPPING MATERIALS,52SAMPENV18:GENERIC SAMPLE ENVELOPPE 2018,0,.01,QAR,204,A,,3253581505854
001,020413973922,9834,PLV,1988,OCC:L'OCCITANE,6977,WRAPPING MATERIALS,52WRAPAP18:GENERIC WRAPPING PAPER 2018,0,.01,QAR,204,C,,3253581505830
001,020413973927,9834,PLV,1988,OCC:L'OCCITANE,4523,DISPLAY FURNITURE,55HOCA038S:380X890MM VISUAL METAL FRAME,0,.01,QAR,204,C,,3253581507629
001,020413973928,9834,PLV,1988,OCC:L'OCCITANE,4523,DISPLAY FURNITURE,55HOCAISDS:RIGHT PART CASHIER UNIT,0,.01,QAR,204,C,,3253581507520
001,020413973929,9834,PLV,1988,OCC:L'OCCITANE,4523,DISPLAY FURNITURE,55HOCAISGS:LEFT PART CASHIER UNIT,0,.01,QAR,204,C,,3253581507513
001,020413973931,9834,PLV,1988,OCC:L'OCCITANE,4523,DISPLAY FURNITURE,55HOHOMMBS:BOTTOM PART OF MEN UNIT,0,.01,QAR,204,C,,3253581507810
001,020413973932,9834,PLV,1988,OCC:L'OCCITANE,4523,DISPLAY FURNITURE,55HOHOMMHS:TOP PART OF MEN UNIT,0,.01,QAR,204,C,,3253581507803
001,020413973933,9834,PLV,1988,OCC:L'OCCITANE,4523,DISPLAY FURNITURE,55HOINTERS:INTERMEDIATE UNIT,0,.01,QAR,204,C,,3253581507421
001,020413973935,9834,PLV,1988,OCC:L'OCCITANE,4523,DISPLAY FURNITURE,55HOMURABS:LOW PART WALL UNIT,0,.01,QAR,204,C,,3253581507407
001,020413973936,9834,PLV,1988,OCC:L'OCCITANE,4523,DISPLAY FURNITURE,55HOMURAHS:HIGH PART WALL UNIT,0,.01,QAR,204,C,,3253581507384
001,020413973938,9834,PLV,1988,OCC:L'OCCITANE,4523,DISPLAY FURNITURE,55HOTACONS:CONSULTING TABLE WITH FLAP,0,.01,QAR,204,C,,3253581507582
001,020413973940,9834,PLV,1988,OCC:L'OCCITANE,4523,DISPLAY FURNITURE,55HOTANO2S:1100X750MM NOVELTIES TABLE V2,0,.01,QAR,204,C,,3253581507490
001,020413973941,9834,PLV,1988,OCC:L'OCCITANE,4523,DISPLAY FURNITURE,55HOTAPMRS:DISABLE PULL OUT FLAP,0,.01,QAR,204,C,,3253581507551
001,020413973942,9834,PLV,1988,OCC:L'OCCITANE,4523,DISPLAY FURNITURE,55HOTAPRIS:450X450 MM SMALL PRICE TABLE,0,.01,QAR,204,C,,3253581507605
001,020413973943,9834,PLV,1988,OCC:L'OCCITANE,4523,DISPLAY FURNITURE,55HOTATE2S:1500X550MM TESTERS TABLE V2,0,.01,QAR,204,C,,3253581507483
001,020413996478,9801,SKINCARE,1988,OCC:L'OCCITANE,6929,TONERS,11BH050A18:AQUA MOISTURISING MIST 50ML,31.6,80,QAR,204,A,,3253581505465
001,020413996480,9801,SKINCARE,1988,OCC:L'OCCITANE,4344,CLEANSERS,11GN195A18:AQUA GEL CLEANSER 195ML,39.6,110,QAR,204,A,,3253581505472
001,020413996481,9828,TOILETRIES,1988,OCC:L'OCCITANE,3991,BATH & BODY,18BL250TL17I:TDL INTENSE BODY LOTION 250ML,79.6,140,QAR,204,A,,3253581512388
001,020413996482,9813,FRAGRANCES,1988,OCC:L'OCCITANE,4536,EAU DE PARFUM,18EP090TL17I:TDL INTENSE EDP 90ML,177.4482,490,QAR,204,A,,3253581512401
001,020413996483,9828,TOILETRIES,1988,OCC:L'OCCITANE,3991,BATH & BODY,18HD250TL17I:TDL INTENSE SHOWER OIL 250ML,50,120,QAR,204,A,,3253581512395
001,020413996484,9801,SKINCARE,1988,OCC:L'OCCITANE,4508,DAY CREAMS,49CD008A18:AQUA THIRST QUEN CREAM 8ML,11.6,20,QAR,204,A,,3253581505496
001,020413996485,9801,SKINCARE,1988,OCC:L'OCCITANE,6744,SERUM,49DH004I17:DIVINE YOUTH OIL 4ML,31.5998,49,QAR,204,A,,3253581499047
001,020413996486,9801,SKINCARE,1988,OCC:L'OCCITANE,6744,SERUM,49EH030A18:AQUA MOISTURE ESSENCE 30ML,11.6,29,QAR,204,A,,3253581506882
001,020413996487,9801,SKINCARE,1988,OCC:L'OCCITANE,4344,CLEANSERS,49GN040A18:AQUA GEL CLEANSER 40ML,11.6,29,QAR,204,A,,3253581506905
001,020413996488,9834,PLV,1988,OCC:L'OCCITANE,6640,PROMOTIONAL MATERIALS,49SPORE18:2018 REOTIER SPONGE,0,.01,QAR,204,A,,3253581506912
001,020413996489,9834,PLV,1988,OCC:L'OCCITANE,6977,WRAPPING MATERIALS,52CARDENV18:GENERIC CARD AND ENVELOPE 2018 X 100,0,.01,QAR,204,C,,3253581505847
001,020413996490,9834,PLV,1988,OCC:L'OCCITANE,4524,DISPLAY MATERIALS,52DISBK18:SOLIDARITY BALM DISPLAYER 18,0,.01,QAR,204,C,,3253581506875
001,020413996491,9834,PLV,1988,OCC:L'OCCITANE,4524,DISPLAY MATERIALS,52FILET18:SET OF 5 CLEANSING FILETS 2018,0,.01,QAR,204,C,,3253581518212
001,020413996492,9834,PLV,1988,OCC:L'OCCITANE,4524,DISPLAY MATERIALS,52KITABR18:TABLE ANIM KIT REOTIER 2018,0,.01,QAR,204,C,,3253581506196
001,020413996493,9834,PLV,1988,OCC:L'OCCITANE,4524,DISPLAY MATERIALS,52PINCEAU18:SET OF 5 BRUSHES 2018,0,.01,QAR,204,A,,3253581518205
001,020413996494,9834,PLV,1988,OCC:L'OCCITANE,4524,DISPLAY MATERIALS,54WK018ME:2018 MEN WINDOW KIT,0,.01,QAR,204,C,,3253581522080
001,020413996495,9834,PLV,1988,OCC:L'OCCITANE,4524,DISPLAY MATERIALS,54WK018RE:2018 REOTIER WINDOW KIT,0,.01,QAR,204,C,,3253581506936
001,020413996496,9834,PLV,1988,OCC:L'OCCITANE,4523,DISPLAY FURNITURE,55HOEVIER2S:ROUND SINK TAP SET V2,0,.01,QAR,204,C,,3253581507773
001,020413996497,9834,PLV,1988,OCC:L'OCCITANE,4523,DISPLAY FURNITURE,55HOTAEVI2S:SINK TABLE METAL TOP V2,0,.01,QAR,204,C,,3253581507933
001,020413996498,9834,PLV,1988,OCC:L'OCCITANE,4523,DISPLAY FURNITURE,55SSCAR10M:TILE ALMOND10.56M2-1PAQ 0.96M2,0,.01,QAR,204,A,,3253581521335
001,020413997120,9828,TOILETRIES,1988,OCC:L'OCCITANE,3991,BATH & BODY,01EC200K17:ULTRA RICH BODY SCRUB 200ML,63.6,160,QAR,204,A,,3253581485538
001,020413997122,9828,TOILETRIES,1988,OCC:L'OCCITANE,3991,BATH & BODY,01SA100LT16:SG RSPO SHEA SOAP MILK 100GR,13.7064,35,QAR,204,A,,3253581461822
001,020413998513,9828,TOILETRIES,1988,OCC:L'OCCITANE,3991,BATH & BODY,49LC035CB6:CHERRY SHIMMERING LOTION 35ML,5.2351,20,QAR,204,A,,3253581451410
001,020414009903,9834,PLV,1988,OCC:L'OCCITANE,6977,WRAPPING MATERIALS,80BOXV118:SMALL SET BOX VERSION 1 (ARLESIENNE/MEN/CEDRAT),5.2802,2.9,QAR,204,A,,020424009903
001,020414009906,9834,PLV,1988,OCC:L'OCCITANE,6977,WRAPPING MATERIALS,80ARLTRY18:SMALL PET TRAY+SLEEVE+COVER ARLESIENNE 2018,3.6415,2,QAR,204,A,,020424009906
001,020414009908,9834,PLV,1988,OCC:L'OCCITANE,6977,WRAPPING MATERIALS,80MNTRY118:SMALL PET TRAY+SLEEVE+COVER CEDRAT 2018,3.6415,2,QAR,204,A,,020424009908
001,020414009910,9834,PLV,1988,OCC:L'OCCITANE,6977,WRAPPING MATERIALS,80BOXV218:BIG SET BOX VERSION 2 (ALMOND/SHEA BODY),5.6079,3.08,QAR,204,A,,020424009910
001,020414009911,9834,PLV,1988,OCC:L'OCCITANE,6977,WRAPPING MATERIALS,80BOXV418:BIG SET BOX VERSION 4 (CHERRY),5.6079,3.08,QAR,204,A,,020424009911
001,020414009913,9834,PLV,1988,OCC:L'OCCITANE,6977,WRAPPING MATERIALS,80SBTRY18:BIG PET TRAY+SLEEVE+COVER SHEA BODY 2018,3.6415,2,QAR,204,A,,020424009913
001,020414009914,9834,PLV,1988,OCC:L'OCCITANE,6977,WRAPPING MATERIALS,80CBTRY18:BIG PET TRAY+SLEEVE+COVER CHERRY 2018,3.6415,2,QAR,204,A,,020424009914
001,020414016186,9828,TOILETRIES,1988,OCC:L'OCCITANE,4634,HAND & FOOT CARE,01MA150K18D:SHEA HAND CREAM DUBAI EDITION 150ML,0,135,QAR,204,A,,020424016186
001,020414016456,9834,PLV,1988,OCC:L'OCCITANE,6977,WRAPPING MATERIALS,52COFM17:MEN'S DAY 18 GIFT BOX,0,.01,QAR,204,C,,3253581521328
001,020414016457,9834,PLV,1988,OCC:L'OCCITANE,6757,SHOPPING BAGS,52LGEBAG18:LARGE GENERIC BAG 2018,0,.01,QAR,204,C,,3253581505946
001,020414016458,9834,PLV,1988,OCC:L'OCCITANE,6977,WRAPPING MATERIALS,52LGEBOX18:LARGE GENERIC BOX 2018,0,.01,QAR,204,A,,3253581505816
001,020414016459,9834,PLV,1988,OCC:L'OCCITANE,6977,WRAPPING MATERIALS,52PMGBOX18:PREMIUM GENERIC MINI BOX 2018,0,.01,QAR,204,A,,3253581505823
001,020414016460,9834,PLV,1988,OCC:L'OCCITANE,6977,WRAPPING MATERIALS,52SGEBOX18:SMALL GENERIC BOX 2018,0,.01,QAR,204,A,,3253581505809
001,020414019587,9801,SKINCARE,1988,OCC:L'OCCITANE,5647,LIP BALMS/FILLERS/MOISTURISER,9BBL002KA16:KA ULTRA RICH LIP BALM 2G,6,15,QAR,204,A,,3253581452172
001,020414019589,9828,TOILETRIES,1988,OCC:L'OCCITANE,3991,BATH & BODY,98BBGD075VE2:VERBENA SHOWER GEL 75ML,2.4322,1.1,QAR,204,A,,3253581505564
001,020414023649,9828,TOILETRIES,1988,OCC:L'OCCITANE,3991,BATH & BODY,98BBLC075VE2:VERBENA BODY LOTION 75 ML,2.8301,1.28,QAR,204,A,,3253581469767
001,020414026299,9815,BEAUTY SET,1988,OCC:L'OCCITANE,3997,BEAUTY SET,01SHBVS18:SHEA BUTTER BODY SET 2018,199.6,525,QAR,204,A,,020424026299
001,020414026300,9801,SKINCARE,1988,OCC:L'OCCITANE,6749,SET,11AQDS18:AQUA DISCOVERY SET 2018,31.6,79,QAR,204,A,,020424026300
001,020414026301,9834,PLV,1988,OCC:L'OCCITANE,6640,PROMOTIONAL MATERIALS,24GWPMAR18:MARCH 2018 GWP,0,0,QAR,204,A,,020424026301
001,020414026316,9801,SKINCARE,1988,OCC:L'OCCITANE,6749,SET,27DIVSET18:DIVINE FACE CARE SET 2018,399.6,1045,QAR,204,A,,020424026316
001,020414026352,9828,TOILETRIES,1988,OCC:L'OCCITANE,3991,BATH & BODY,15EC175VBA8:CITRUS VERBENA EXFOLIAT SUGARS 175G,51.6,135,QAR,204,A,,3253581514238
001,020414026354,9828,TOILETRIES,1988,OCC:L'OCCITANE,3991,BATH & BODY,15MC150VBA8:CITRUS VERBENA BODY FOAM 150ML,51.6,135,QAR,204,A,,3253581514252
001,020414026355,9828,TOILETRIES,1988,OCC:L'OCCITANE,3991,BATH & BODY,15CP150VBC8:VERBENA ICY BODY GEL 150ML,55.6,139,QAR,204,A,,3253581517604
001,020414036862,9834,PLV,1988,OCC:L'OCCITANE,6640,PROMOTIONAL MATERIALS,49RAMGWP18:RAMADAN 2018 GWP,0,0,QAR,204,C,,020424036862
001,020415521226,9834,PLV,1988,OCC:L'OCCITANE,4523,DISPLAY FURNITURE,TSBEAUTYCHAIR21:STYLING CHAIR LIONESS,0,.01,QAR,204,A,,020425521226
001,020415531363,9828,TOILETRIES,1988,OCC:L'OCCITANE,3991,BATH & BODY,11BC100G21:HAIR MIST REPAIR 100ML,43.6,135,QAR,204,A,,3253581753460
001,020415531364,9834,PLV,1988,OCC:L'OCCITANE,4524,DISPLAY MATERIALS,54IMMRESET21:MERCH KIT RESET 21,0,.01,QAR,204,A,,3253581750889
001,020415531366,9834,PLV,1988,OCC:L'OCCITANE,6977,WRAPPING MATERIALS,52BGERIB20:BLUE GENERIC RIBBON 2020,0,.01,QAR,204,A,,3253581758618
001,020415531367,9801,SKINCARE,1988,OCC:L'OCCITANE,6744,SERUM,27OR050I21:RESET OIL-IN-SERUM 50ML,192,480,QAR,204,A,,3253581721391
001,020415531368,9801,SKINCARE,1988,OCC:L'OCCITANE,6744,SERUM,27OR030I21:RESET OIL-IN-SERUM 30ML,128,330,QAR,204,A,,3253581721384
001,020415531369,9834,PLV,1988,OCC:L'OCCITANE,6722,SAMPLES,52OR001I21:RESET OIL-IN-SERUM 1ML,.1313,.2,QAR,204,A,,3253581721445
001,020415531370,9850,HAIR CARE,1988,OCC:L'OCCITANE,6753,SHAMPOO,17SH500G21:INTENSIVE REPAIR SH 500 ML,51.6,175,QAR,204,A,,3253581750797
001,020415531371,9850,HAIR CARE,1988,OCC:L'OCCITANE,6753,SHAMPOO,17SH300G21:INTENSIVE REPAIR SH 300 ML,35.603,115,QAR,204,A,,3253581750780
001,020415531372,9850,HAIR CARE,1988,OCC:L'OCCITANE,6753,SHAMPOO,17RS500G21:REPAIR REFILL SH 500ML,47.6,155,QAR,204,A,,3253581750803
001,020415531373,9850,HAIR CARE,1988,OCC:L'OCCITANE,3903,AFTER SHAMPOO,17AS500G21:INTENSIVE REPAIR COND 500ML,60.6042,210,QAR,204,A,,3253581758830
001,020415539754,9801,SKINCARE,1988,OCC:L'OCCITANE,6744,SERUM,27OR075I21:RESET OIL-IN-SERUM 75ML,199.6,550,QAR,204,A,,3253581721407
001,020415539759,9801,SKINCARE,1988,OCC:L'OCCITANE,6744,SERUM,49OR005I21:RESET OIL-IN-SERUM 5ML,10,40,QAR,204,A,,3253581721421
001,020415539760,9850,HAIR CARE,1988,OCC:L'OCCITANE,3903,AFTER SHAMPOO,17RC500G21:REPAIR REFILL COND 500ML,54.634,190,QAR,204,A,,3253581729977
001,020415539761,9850,HAIR CARE,1988,OCC:L'OCCITANE,4627,HAIR & SCALP TREATMENTS,17MC200G21:INTENSIVE REPAIR MASK 200ML,51.6,165,QAR,204,A,,3253581730003
001,020415539762,9850,HAIR CARE,1988,OCC:L'OCCITANE,3903,AFTER SHAMPOO,17AS250G21:INTENSIVE REPAIR COND 250ML,36.175,115,QAR,204,A,,3253581758823
001,020415539763,9850,HAIR CARE,1988,OCC:L'OCCITANE,6753,SHAMPOO,17SH075G21:INTENSIVE REPAIR SH 75ML,11.6,37,QAR,204,A,,3253581750810
001,020415539764,9850,HAIR CARE,1988,OCC:L'OCCITANE,3903,AFTER SHAMPOO,17AS075G21:INTENSIVE REPAIR COND 75ML,14.7769,45,QAR,204,A,,3253581729984
001,020415540825,9834,PLV,1988,OCC:L'OCCITANE,6640,PROMOTIONAL MATERIALS,49SEPGWPV121:SEPTEMBER 2021 GWP V1,0,.01,QAR,204,A,,020425540825
001,020415540826,9834,PLV,1988,OCC:L'OCCITANE,6640,PROMOTIONAL MATERIALS,49SEPGWPV221:SEPTEMBER 2021 GWP V2,0,.01,QAR,204,A,,020425540826
001,020415545217,9834,PLV,1988,OCC:L'OCCITANE,6640,PROMOTIONAL MATERIALS,49SEPGWP321:SEPTEMBER 2021 GWP V3,0,.01,QAR,204,A,,020425545217
001,020415546694,9815,BEAUTY SET,1988,OCC:L'OCCITANE,3997,BEAUTY SET,29ALMVS221:ALMOND BODY CARE COLLECTION 2021 V2,216.76,570,QAR,204,A,,020425546694
001,020415546695,9815,BEAUTY SET,1988,OCC:L'OCCITANE,3997,BEAUTY SET,29ALSHF221:ALMOND SHOWER SET 2021 V2,79.6,199,QAR,204,A,,020425546695
001,020415546714,9815,BEAUTY SET,1988,OCC:L'OCCITANE,3997,BEAUTY SET,24ROVS221:ROSE COLLECTION 2021,175.6,439,QAR,204,A,,020425546714
001,020415546715,9801,SKINCARE,1988,OCC:L'OCCITANE,6749,SET,27RESPRE21:RESET WITH PRECIOUS ROUTINE,119.6001,299,QAR,204,A,,020425546715
001,020415549863,9828,TOILETRIES,1988,OCC:L'OCCITANE,4634,HAND & FOOT CARE,01CMJ075K21:YOUTH HAND CREAM 75ML,54,160,QAR,204,A,,3253581729052
001,020415554898,9834,PLV,1988,OCC:L'OCCITANE,6977,WRAPPING MATERIALS,80COMSL21:COMMITMENT SLEEVES 2021,1.4952,3,QAR,204,A,,020425554898
001,020415559865,9834,PLV,1988,OCC:L'OCCITANE,6640,PROMOTIONAL MATERIALS,49POURS21:2021 RESET ESSENCE POUCH,0,.01,QAR,204,A,,3253581729427
001,020415564121,9801,SKINCARE,1988,OCC:L'OCCITANE,5647,LIP BALMS/FILLERS/MOISTURISER,01BL012F21H:SHEA NEW SCENT LIP BALM 12ML,21.9999,49,QAR,204,A,,3253581759561
001,020415564123,9801,SKINCARE,1988,OCC:L'OCCITANE,5647,LIP BALMS/FILLERS/MOISTURISER,01BL012K21H:SHEA LP 12ML,21.9999,55,QAR,204,A,,3253581742549
001,020415564124,9828,TOILETRIES,1988,OCC:L'OCCITANE,3991,BATH & BODY,01CD250F21H:SHEA SHOWER CREAM 250ML,35.6001,89,QAR,204,A,,3253581750483
001,020415564125,9828,TOILETRIES,1988,OCC:L'OCCITANE,3991,BATH & BODY,01CL125C21H:SHEA JP SCENTED CULC 125ML,53.9999,135,QAR,204,A,,3253581750520
001,020415564126,9828,TOILETRIES,1988,OCC:L'OCCITANE,3991,BATH & BODY,01CP100K17:SHEA ULTRA RICH BODY CR 100ML,53.9999,135,QAR,204,A,,3253581479919
001,020415564127,9828,TOILETRIES,1988,OCC:L'OCCITANE,4634,HAND & FOOT CARE,01HN075K21H:SHEA NAIL CUT OIL 7.5ML,35.6001,89,QAR,204,A,,3253581750629
001,020415564128,9828,TOILETRIES,1988,OCC:L'OCCITANE,6749,SET,01KTPWP21:PWP N2 XMAS 2021,0,.01,QAR,204,A,,3253581753859
001,020415564129,9828,TOILETRIES,1988,OCC:L'OCCITANE,3991,BATH & BODY,01LC250F21H:SHEA RICH BODY LOTION 250ML,55.6001,139,QAR,204,A,,3253581748893
001,020415564130,9828,TOILETRIES,1988,OCC:L'OCCITANE,3991,BATH & BODY,01LC250K21H:SHEA RICH BODY LOTION 250ML,55.6001,139,QAR,204,A,,3253581748916
001,020415564131,9828,TOILETRIES,1988,OCC:L'OCCITANE,4634,HAND & FOOT CARE,01MA150K21H:SHEA BUTTER HAND CREAM 150ML,55.6001,139,QAR,204,A,,3253581742495
001,020415564132,9828,TOILETRIES,1988,OCC:L'OCCITANE,4634,HAND & FOOT CARE,01MF030F21H:SHEA LIGHT HAND CREAM 30ML,19.6,49,QAR,204,A,,3253581759585
001,020415564133,9828,TOILETRIES,1988,OCC:L'OCCITANE,3991,BATH & BODY,01PR015R21:PETIT REMEDY 15GR,23.76,60,QAR,204,A,,3253581762103
001,020415564135,9828,TOILETRIES,1988,OCC:L'OCCITANE,3991,BATH & BODY,10EST250V21:250ML HURRICANE ESTAGNON,8,20,QAR,204,A,,3253581860533
001,020415564136,9828,TOILETRIES,1988,OCC:L'OCCITANE,3991,BATH & BODY,10EST500V21:500ML HURRICANE ESTAGNON,7.9999,20,QAR,204,A,,3253581860557
001,020415564137,9815,BEAUTY SET,1988,OCC:L'OCCITANE,3997,BEAUTY SET,10ETMEN21:MEN XMAS ORNAMENT 2021,27.6,69,QAR,204,A,,3253581753750
001,020415564138,9828,TOILETRIES,1988,OCC:L'OCCITANE,6749,SET,10KTPWPXM21:PWP N1 XMAS 2021,0,.01,QAR,204,A,,3253581753842
001,020415564141,9828,TOILETRIES,1988,OCC:L'OCCITANE,3991,BATH & BODY,10P250V21:250ML HURRICANE PUMP,1.2,3,QAR,204,A,,3253581860663
001,020415564142,9828,TOILETRIES,1988,OCC:L'OCCITANE,3991,BATH & BODY,10P500V21:500ML HURRICANE PUMP,1.2,3,QAR,204,A,,3253581860540
001,020415564146,9813,FRAGRANCES,1988,OCC:L'OCCITANE,4538,EAU DE TOILETTE,12EDT075NO21H:NO 21 EAU DE TOILETTE 75ML,123.4424,350,QAR,204,A,,3253581759615
001,020415564147,9828,TOILETRIES,1988,OCC:L'OCCITANE,3991,BATH & BODY,12GD050NO21H:NO 21 SHOWER GEL 50ML,14,32,QAR,204,A,,3253581759622
001,020415564148,9828,TOILETRIES,1988,OCC:L'OCCITANE,3991,BATH & BODY,12GD245NO21H:NO 21 SHOWER GEL 245ML,35.5995,99,QAR,204,A,,3253581759547
001,020415564149,9828,TOILETRIES,1988,OCC:L'OCCITANE,3991,BATH & BODY,12LC050NO21H:NO 21 BODY MILK 50ML,19.6,55,QAR,204,A,,3253581759639
001,020415564150,9828,TOILETRIES,1988,OCC:L'OCCITANE,3991,BATH & BODY,12LC245NO21H:NO 21 BODY MILK 245ML,54,155,QAR,204,A,,3253581759554
001,020415564151,9828,TOILETRIES,1988,OCC:L'OCCITANE,4634,HAND & FOOT CARE,12MA030NO21H:NO 21 HAND CREAM 30ML,19.6,49,QAR,204,A,,3253581759646
001,020415564152,9828,TOILETRIES,1988,OCC:L'OCCITANE,3991,BATH & BODY,12SA050NO21H:NO 21 PERFUMED SOAP 50GR,11.6,30,QAR,204,A,,3253581742655
001,020415564153,9828,TOILETRIES,1988,OCC:L'OCCITANE,4512,DEODORANTS & ANTIPERSPIRANTS,15DB050VB19:VER BALM DEO 50G,39.5988,99,QAR,204,A,,3253581597729
001,020415564154,9813,FRAGRANCES,1988,OCC:L'OCCITANE,4538,EAU DE TOILETTE,15ET100VB20:VER EDT 100ML,110,315,QAR,204,A,,3253581718858
001,020415564160,9813,FRAGRANCES,1988,OCC:L'OCCITANE,4538,EAU DE TOILETTE,24ET050RJ21H:R. JASMIN EDT 50ML,110,290,QAR,204,A,,3253581749814
001,020415564161,9828,TOILETRIES,1988,OCC:L'OCCITANE,3991,BATH & BODY,24GD250RJ21H:R. JASMIN SHOWER GEL 250ML,35.6,99,QAR,204,A,,3253581749838
001,020415564163,9828,TOILETRIES,1988,OCC:L'OCCITANE,3991,BATH & BODY,24LC250RJ21H:R. JASMIN BODY MILK 250ML,54,155,QAR,204,A,,3253581749869
001,020415564164,9828,TOILETRIES,1988,OCC:L'OCCITANE,4634,HAND & FOOT CARE,24MA030RJ21H:R. JASMIN HAND CREAM 30ML,19.6,49,QAR,204,A,,3253581749883
001,020415564165,9828,TOILETRIES,1988,OCC:L'OCCITANE,3991,BATH & BODY,24SA050RJ21H:R. JASMIN PERF SOAP 50GR,11.6,29,QAR,204,A,,3253581749852
001,020415564166,9801,SKINCARE,1988,OCC:L'OCCITANE,6744,SERUM,27ER150I21:RESET TRI ESSENCE 150ML,159.6,390,QAR,204,A,,3253581688939
001,020415564169,9828,TOILETRIES,1988,OCC:L'OCCITANE,3991,BATH & BODY,29EC200A21:ALMOND DELICIOUS PASTE 200ML,78,199,QAR,204,A,,3253581758571
001,020415564171,9834,PLV,1988,OCC:L'OCCITANE,6640,PROMOTIONAL MATERIALS,49ETKAR21:2021 HOLIDAY SHEA ORNAMENT,0,.01,QAR,204,A,,3253581859865
001,020415564172,9834,PLV,1988,OCC:L'OCCITANE,6640,PROMOTIONAL MATERIALS,49ETMEN21:2021 HOLIDAY MEN ORNAMENT,0,.01,QAR,204,A,,3253581859896
001,020415564173,9834,PLV,1988,OCC:L'OCCITANE,6977,WRAPPING MATERIALS,49RCALNO21:2021 HOLIDAY REUSABLE CALENDAR,39.6,99,QAR,204,A,,3253581860748
001,020415564174,9834,PLV,1988,OCC:L'OCCITANE,6640,PROMOTIONAL MATERIALS,49SAHC21:2021 HOLIDAY HAIRCARE ORNAMENT,0,.01,QAR,204,A,,3253581859902
001,020415564175,9834,PLV,1988,OCC:L'OCCITANE,6977,WRAPPING MATERIALS,49TCMNO21:2021 HOLIDAY TIN HC TRIO,0,.01,QAR,204,A,,3253581860755
001,020415564176,9834,PLV,1988,OCC:L'OCCITANE,6977,WRAPPING MATERIALS,52GIF1NO21:2021 HOLIDAY GIFT TAG 1,0,.01,QAR,204,A,,3253581859278
001,020415564177,9834,PLV,1988,OCC:L'OCCITANE,6977,WRAPPING MATERIALS,52GIF2NO21:2021 HOLIDAY GIFT TAG 2,0,.01,QAR,204,A,,3253581859285
001,020415564178,9834,PLV,1988,OCC:L'OCCITANE,6977,WRAPPING MATERIALS,52HCBOXNO21:2021 HOLIDAY 6 HC BOX,0,.01,QAR,204,A,,3253581859407
001,020415564179,9834,PLV,1988,OCC:L'OCCITANE,4524,DISPLAY MATERIALS,52HOLIDAYTREE21:HOLIDAY TREE 21,0,.01,QAR,204,A,,3253581860670
001,020415564180,9834,PLV,1988,OCC:L'OCCITANE,6757,SHOPPING BAGS,52LABANO21:2021 HOLIDAY LARGE BAG,0,.01,QAR,204,A,,3253581859261
001,020415564181,9834,PLV,1988,OCC:L'OCCITANE,6977,WRAPPING MATERIALS,52LSHWNO21:2021 HOLIDAY REFILLABLE DUO,0,.01,QAR,204,A,,3253581859803
001,020415564182,9834,PLV,1988,OCC:L'OCCITANE,6757,SHOPPING BAGS,52MIBANO21:2021 HOLIDAY MINI BAG,0,.01,QAR,204,A,,3253581859230
001,020415564183,9834,PLV,1988,OCC:L'OCCITANE,6977,WRAPPING MATERIALS,52MIBONO21:2021 HOLIDAY MINI BOX,0,.01,QAR,204,A,,3253581859117
001,020415564184,9834,PLV,1988,OCC:L'OCCITANE,6977,WRAPPING MATERIALS,52MMBBNO21F:2021 HOLIDAY MEDIUM BOX 1F GR,0,.01,QAR,204,A,,3253581860809
001,020415564185,9834,PLV,1988,OCC:L'OCCITANE,6977,WRAPPING MATERIALS,52MMBPNO21F:2021 HOLIDAY MEDIUM BOX 2F WH,0,.01,QAR,204,A,,3253581860816
001,020415564186,9834,PLV,1988,OCC:L'OCCITANE,6977,WRAPPING MATERIALS,52MMBYNO21F:2021 HOLIDAY MEDIUM BOX 3F RE,0,.01,QAR,204,A,,3253581860823
001,020415564187,9834,PLV,1988,OCC:L'OCCITANE,6977,WRAPPING MATERIALS,52RBO2NO21:2021 HOLIDAY ROUND BOX 2 WH,0,.01,QAR,204,A,,3253581859209
001,020415564188,9834,PLV,1988,OCC:L'OCCITANE,6977,WRAPPING MATERIALS,52RIB2NO21:2021 HOLIDAY RIBBON 2,0,.01,QAR,204,A,,3253581859308
001,020415564189,9834,PLV,1988,OCC:L'OCCITANE,6757,SHOPPING BAGS,52SMBANO21:2021 HOLIDAY SMALL BAG,0,.01,QAR,204,A,,3253581859247
001,020415214840,9828,TOILETRIES,1988,OCC:L'OCCITANE,3991,BATH & BODY,25SA100RB21:BM SOAP RHUBARB BASIL 100GR,14,35,QAR,204,A,,3253581680292
001,020415214841,9828,TOILETRIES,1988,OCC:L'OCCITANE,3991,BATH & BODY,25SA100RS21:BM SOAP ROSEMARY SAGE 100GR,14,35,QAR,204,A,,3253581680308
001,020415214842,9828,TOILETRIES,1988,OCC:L'OCCITANE,3991,BATH & BODY,25SA100TO21:BM SOAP LINDEN ORANGE 100GR,14,35,QAR,204,A,,3253581680315
001,020415214845,9828,TOILETRIES,1988,OCC:L'OCCITANE,3991,BATH & BODY,29SE125A21:ALMOND SCRUBBING SOAP 125GR,23.9337,60,QAR,204,A,,3253581680322
001,020415214846,9801,SKINCARE,1988,OCC:L'OCCITANE,6929,TONERS,38FT200A21:BRIGHT LOTION 200ML,74,199,QAR,204,A,,3253581749111
001,020415214847,9801,SKINCARE,1988,OCC:L'OCCITANE,4508,DAY CREAMS,38WC050A21:BRIGHT CREAM 50ML,118,310,QAR,204,A,,3253581749135
001,020415214848,9834,PLV,1988,OCC:L'OCCITANE,6640,PROMOTIONAL MATERIALS,49POUK21:SHEA BUTTER POUCH 2021,0,.01,QAR,204,A,,3253581741719
001,020415214849,9834,PLV,1988,OCC:L'OCCITANE,6977,WRAPPING MATERIALS,52ADBOXK21:SHEA BUTTER BOX 2021,0,.01,QAR,204,A,,3253581741788
001,020415214850,9834,PLV,1988,OCC:L'OCCITANE,4524,DISPLAY MATERIALS,52DISCAND21:SOLIDARITY CANDLE DISPLAYER 21,0,.01,QAR,204,A,,3253581736616
001,020415214851,9834,PLV,1988,OCC:L'OCCITANE,4524,DISPLAY MATERIALS,52SBAOS21:SMALL BASKET ART OF SOAP 21,0,.01,QAR,204,A,,3253581736197
001,020415214852,9834,PLV,1988,OCC:L'OCCITANE,4524,DISPLAY MATERIALS,52TSOAP21:TOTEM TRIO SOAPS BM 2021,0,.01,QAR,204,A,,3253581741771
001,020415214853,9834,PLV,1988,OCC:L'OCCITANE,4524,DISPLAY MATERIALS,54EKAOS21:EXTENSION KIT ART OF SOAP 21,0,.01,QAR,204,A,,3253581736135
001,020415214854,9834,PLV,1988,OCC:L'OCCITANE,4524,DISPLAY MATERIALS,54PBAOS21:PAPER BAGS ART OF SOAP 21,0,.01,QAR,204,A,,3253581736142
001,020415214855,9834,PLV,1988,OCC:L'OCCITANE,4524,DISPLAY MATERIALS,54WK2AOS21:WINDOW KIT 2 ART OF SOAP 21,0,.01,QAR,204,A,,3253581736159
001,020415221132,9834,PLV,1988,OCC:L'OCCITANE,6640,PROMOTIONAL MATERIALS,49NDGIF20:NATIONAL DAY GIFT,0,.01,QAR,204,A,,020425221132
001,020415223093,9834,PLV,1988,OCC:L'OCCITANE,6640,PROMOTIONAL MATERIALS,49RAMGWP21:RAMADAN GWP 2021,0,.01,QAR,204,A,,020425223093
001,020415223095,9834,PLV,1988,OCC:L'OCCITANE,6977,WRAPPING MATERIALS,80RAMCAL21:RAMADAN CALENDAR BOX 2021,0,.01,QAR,204,A,,020425223095
001,020415248896,9801,SKINCARE,1988,OCC:L'OCCITANE,6749,SET,CWOC000001814:REOTIER GEL KIT TRIO 19,0,.01,QAR,204,A,,3253581585467
001,020415248901,9828,TOILETRIES,1988,OCC:L'OCCITANE,3991,BATH & BODY,12BRC030NO21:HAIR MIST 30ML NEROLI & ORCHIDEE,59.6,149,QAR,204,A,,3253581680889
001,020415248902,9828,TOILETRIES,1988,OCC:L'OCCITANE,3991,BATH & BODY,12GD050NO21:SHOWER GEL 50ML,14,35,QAR,204,A,,3253581718810
001,020415248903,9834,PLV,1988,OCC:L'OCCITANE,6977,WRAPPING MATERIALS,49TSBOX21:TRAVEL SOAP BOX 2021,3.6,10,QAR,204,A,,3253581741689
001,020415248904,9834,PLV,1988,OCC:L'OCCITANE,4524,DISPLAY MATERIALS,52EKAOS21:TABLE EXTENSION ART OF SOAP 21,0,.01,QAR,204,A,,3253581736180
001,020415248905,9834,PLV,1988,OCC:L'OCCITANE,6722,SAMPLES,52CL0015K21:LIGHT COMFORTING CREAM 1.5ML,0,.01,QAR,204,A,,3253581716649
001,020415248917,9834,PLV,1988,OCC:L'OCCITANE,4523,DISPLAY FURNITURE,55TSCASHDESK:CASH DESK,0,.01,QAR,204,A,,3253581735541
001,020415252728,9834,PLV,1988,OCC:L'OCCITANE,6977,WRAPPING MATERIALS,80RSCDUO20:RESET DUO BOX 2020,0,0,QAR,204,A,,020425252728
001,020415252730,9815,BEAUTY SET,1988,OCC:L'OCCITANE,3997,BEAUTY SET,01SBVS21:SHEA BUTTER BODY CARE SET 2021,216.76,475,QAR,204,A,,020425252730
001,020415252731,9815,BEAUTY SET,1988,OCC:L'OCCITANE,3997,BEAUTY SET,12NONSET21:NEROLI & ORCHIDEE COLLECTION 2021,177.9999,445,QAR,204,A,,020425252731
001,020415252942,9815,BEAUTY SET,1988,OCC:L'OCCITANE,3997,BEAUTY SET,29ALMVS21:ALMOND BODY CARE COLLECTION 2021,216.76,541.9,QAR,204,A,,020425252942
001,020415253423,9815,BEAUTY SET,1988,OCC:L'OCCITANE,3997,BEAUTY SET,29ALMTRCO21:ALMOND TRAVEL COLLECTION 2021,31.6,79,QAR,204,A,,020425253423
001,020415253664,9815,BEAUTY SET,1988,OCC:L'OCCITANE,3997,BEAUTY SET,20OCCSET21:L'OCCITAN MEN COLLECTION 2021,147.6,425,QAR,204,A,,020425253664
001,020415254145,9815,BEAUTY SET,1988,OCC:L'OCCITANE,3997,BEAUTY SET,20BAUXSET21:EAU DE BAUX MEN COLLECTION 2021,147.6,425,QAR,204,A,,020425254145
001,020415254386,9815,BEAUTY SET,1988,OCC:L'OCCITANE,3997,BEAUTY SET,20CAPSET21:CAP CEDRAT MEN COLLECTION 2021,147.6,425,QAR,204,A,,020425254386
001,020415287272,9801,SKINCARE,1988,OCC:L'OCCITANE,6749,SET,27RESCDU21:RESET SERUM FACE AND EYE DUO 2021,195.6,489,QAR,204,A,,020425287272
001,020415291573,9834,PLV,1988,OCC:L'OCCITANE,4523,DISPLAY FURNITURE,55SANTCH21:SANTIAGO CHAIR BLACK LEG,0,.01,QAR,204,A,,020425291573
001,020415303018,9812,GWP,1988,OCC:L'OCCITANE,4624,GWP,01BOMEGWP:BON MERE GWP 2021,0,.01,QAR,204,A,,020425303018
001,020415303019,9834,PLV,1988,OCC:L'OCCITANE,6722,SAMPLES,52NAQRO2021:NEW AQUA SAMPLE ROUTINE 2021,0,0,QAR,204,A,,020425303019
001,020415305943,9828,TOILETRIES,1988,OCC:L'OCCITANE,6749,SET,01SBHASE21:SHEA BUTTER HAPPY SET 2021,87.6,219,QAR,204,A,,020425305943
001,020415315687,9828,TOILETRIES,1988,OCC:L'OCCITANE,3991,BATH & BODY,01SE125K21:SHEA SCRUBBING SOAP 125GR,23.6,60,QAR,204,A,,3253581680483
001,020415315689,9813,FRAGRANCES,1988,OCC:L'OCCITANE,4538,EAU DE TOILETTE,15ET100VA20:CIT VER EDT 100ML,116,315,QAR,204,A,,3253581718841
001,020415315690,9850,HAIR CARE,1988,OCC:L'OCCITANE,4627,HAIR & SCALP TREATMENTS,17SE100FV21:V&S SCALP SERUM 100 ML,50,135,QAR,204,A,,3253581717332
001,020415315691,9813,FRAGRANCES,1988,OCC:L'OCCITANE,4536,EAU DE PARFUM,20EWO75M21:EDP MEN WOODY 75ML,139.6,370,QAR,204,A,,3253581699317
001,020415315692,9813,FRAGRANCES,1988,OCC:L'OCCITANE,4536,EAU DE PARFUM,20FO075M21:EDP MEN FOUGERE 75ML,139.6,370,QAR,204,A,,3253581699294
001,020415315693,9813,FRAGRANCES,1988,OCC:L'OCCITANE,4536,EAU DE PARFUM,20OR075M21:EDP MEN ORIENTAL 75ML,139.6,370,QAR,204,A,,3253581699300
001,020415315694,9828,TOILETRIES,1988,OCC:L'OCCITANE,3991,BATH & BODY,24LC250R20:ROSE BODY MILK 250ML,55.6,155,QAR,204,A,,3253581717622
001,020415315695,9801,SKINCARE,1988,OCC:L'OCCITANE,4552,EYE CREAMS,27DE015I21:DIVINE EYE AND LIPS 15ML,124.7552,310,QAR,204,A,,3253581688847
001,020415315696,9801,SKINCARE,1988,OCC:L'OCCITANE,6744,SERUM,38WS030A21:BRIGHT SERUM 30ML,139.84,350,QAR,204,A,,3253581749128
001,020415315697,9834,PLV,1988,OCC:L'OCCITANE,6640,PROMOTIONAL MATERIALS,49POMEN21:MEN PREMIUM POUCH 2021,0,.01,QAR,204,A,,3253581742006
001,020415315698,9834,PLV,1988,OCC:L'OCCITANE,4524,DISPLAY MATERIALS,52CERCONT20:CERAMIC CONTAINER WHITE - SET3,0,.01,QAR,204,A,,3253581729250
001,020415315699,9834,PLV,1988,OCC:L'OCCITANE,4524,DISPLAY MATERIALS,52CERCONTL20:CERAMIC CONTAINER LARGE - SET3,0,.01,QAR,204,A,,3253581729243
001,020415315700,9834,PLV,1988,OCC:L'OCCITANE,4524,DISPLAY MATERIALS,52CERCONTM20:CERAMIC CONTAINER MEDIUM-SET 3,0,.01,QAR,204,A,,3253581729236
001,020415315701,9834,PLV,1988,OCC:L'OCCITANE,4524,DISPLAY MATERIALS,52CERCONTS20:CERAMIC CONTAINER SMALL - SET3,0,.01,QAR,204,A,,3253581729229
001,020415315702,9834,PLV,1988,OCC:L'OCCITANE,4524,DISPLAY MATERIALS,52CERJAR20:DECORATIVE JAR,0,.01,QAR,204,A,,3253581729267
001,020415315703,9834,PLV,1988,OCC:L'OCCITANE,6722,SAMPLES,52DE001I21:DIVINE EYE AND LIPS 1ML,0,.01,QAR,204,A,,3253581688854
001,020415315704,9834,PLV,1988,OCC:L'OCCITANE,4524,DISPLAY MATERIALS,52DPHGHTS20:DOUBLE PRICE HOLDER GH TS 20,0,.01,QAR,204,A,,3253581748985
001,020415315705,9834,PLV,1988,OCC:L'OCCITANE,4524,DISPLAY MATERIALS,52DPHHOSL20:DOUBLE PRICE HOLDER HOME 20,0,.01,QAR,204,A,,3253581749005
001,020415315706,9834,PLV,1988,OCC:L'OCCITANE,6722,SAMPLES,52ER002I21:IM RESET TRI-ESSENCE 2ML,0,.01,QAR,204,A,,3253581717882
001,020415315707,9834,PLV,1988,OCC:L'OCCITANE,4524,DISPLAY MATERIALS,52HCDISPTS20:HAND CREAM DISPLAYER TS 20,0,.01,QAR,204,A,,3253581749012
001,020415315708,9834,PLV,1988,OCC:L'OCCITANE,4524,DISPLAY MATERIALS,52K20BIM20:SET 20 IMMORTELLE BUNCHES 20,0,.01,QAR,204,A,,3253581749036
001,020415315709,9834,PLV,1988,OCC:L'OCCITANE,4524,DISPLAY MATERIALS,52K20BLAV20:SET 20 LAVENDER BUNCHES 20,0,.01,QAR,204,A,,3253581858929
001,020415315710,9834,PLV,1988,OCC:L'OCCITANE,6722,SAMPLES,52LT002R21:SAMPLE RB LOTION 2ML,0,.01,QAR,204,A,,3253581717462
001,020415315711,9834,PLV,1988,OCC:L'OCCITANE,6640,PROMOTIONAL MATERIALS,52MOUBOC20:BOIS DE CEDRE BLOTTER - KIT300,0,.01,QAR,204,A,,3253581741986
001,020415315712,9834,PLV,1988,OCC:L'OCCITANE,4524,DISPLAY MATERIALS,52PHGHTS20:PRICE HOLDER SINGLE GH TS 20,0,.01,QAR,204,A,,3253581748978
001,020415315713,9834,PLV,1988,OCC:L'OCCITANE,4524,DISPLAY MATERIALS,52PHHOSL20:PRICE HOLDER SINGLE HOME 20,0,.01,QAR,204,A,,3253581748992
001,020415315714,9834,PLV,1988,OCC:L'OCCITANE,6722,SAMPLES,52PS0015R21:SAM RB CREAM 1.5ML,0,.01,QAR,204,A,,3253581717509
001,020415315715,9834,PLV,1988,OCC:L'OCCITANE,4524,DISPLAY MATERIALS,52ROSE20:ROSE STABILIZED,0,.01,QAR,204,A,,3253581717233
001,020415315716,9834,PLV,1988,OCC:L'OCCITANE,4524,DISPLAY MATERIALS,52TESTBOC20:TESTING TOOL BOIS CEDRE,0,.01,QAR,204,A,,3253581741993
001,020415315717,9834,PLV,1988,OCC:L'OCCITANE,4524,DISPLAY MATERIALS,52TESTTHEV20:THE VERT TESTING TOOL 20– SET3,0,.01,QAR,204,A,,3253581717110
001,020415315718,9834,PLV,1988,OCC:L'OCCITANE,6722,SAMPLES,52TS001R21:SAMPLE REINE BLANCHE SERUM 1ML,0,.01,QAR,204,A,,3253581717486
001,020415315719,9834,PLV,1988,OCC:L'OCCITANE,4524,DISPLAY MATERIALS,52WOODC20:WOOD CHIPS 21,0,.01,QAR,204,A,,3253581748947
001,020415329422,9815,BEAUTY SET,1988,OCC:L'OCCITANE,3997,BEAUTY SET,10RAMCAL21:RAMADAN CALENDAR 2021,159.6,349,QAR,204,A,,020425329422
001,020415329423,9834,PLV,1988,OCC:L'OCCITANE,6640,PROMOTIONAL MATERIALS,49FEBGWP21:FEBRUARY 2021 GWP,0,.01,QAR,204,A,,020425329423
001,020415329424,9834,PLV,1988,OCC:L'OCCITANE,6640,PROMOTIONAL MATERIALS,11MARGWP2021:MARCH 2021 GWP,0,.01,QAR,204,A,,020425329424
001,020415329425,9828,TOILETRIES,1988,OCC:L'OCCITANE,6749,SET,29ALMIVS21:IRRESISTABLE ALMOND COLLECTION 2021,159.6,399,QAR,204,A,,020425329425
001,020415329426,9815,BEAUTY SET,1988,OCC:L'OCCITANE,3997,BEAUTY SET,18TDLITDUO21:TDL INTENSE BODY CARE DUO 2021,79.6,199,QAR,204,A,,020425329426
001,020415329427,9801,SKINCARE,1988,OCC:L'OCCITANE,6749,SET,27DIVSET21:DIVINE FACE CARE SET 2021,418,1045,QAR,204,A,,020425329427
001,020415003182,9843,AMBIENT SCENTS,1988,OCC:L'OCCITANE,4153,CANDLES,11BGCR240C19:PH 86 CANDLE BLACKCURRANT 240G,119.6,299,QAR,204,A,,3253581663295
001,020415003184,9843,AMBIENT SCENTS,1988,OCC:L'OCCITANE,4153,CANDLES,11BGFI240C19:PH 86 CANDLE FIG ROSE 240GR,119.6,299,QAR,204,A,,3253581663301
001,020415003185,9843,AMBIENT SCENTS,1988,OCC:L'OCCITANE,4153,CANDLES,11BGFR240C19:PH 86 CANDLE RASPBERRY 240GR,119.6,290,QAR,204,A,,3253581663196
001,020415003186,9843,AMBIENT SCENTS,1988,OCC:L'OCCITANE,4153,CANDLES,11BGRS240C19:86 CHAMPS COLL CANDLE 240GR,119.6,290,QAR,204,A,,3253581663288
001,020415003187,9834,PLV,1988,OCC:L'OCCITANE,4524,DISPLAY MATERIALS,49SCAM20:2020 ALMOND MINI SCOOP,0,.01,QAR,204,A,,3253581680407
001,020415003188,9834,PLV,1988,OCC:L'OCCITANE,6722,SAMPLES,52EP001A20:VIAL EDP AMBER ALMOND 1.2ML,0,.01,QAR,204,C,,3253581688557
001,020415003189,9834,PLV,1988,OCC:L'OCCITANE,6722,SAMPLES,52EP001FR20:VIAL EDP FIG & ROSE 1.2ML,0,.01,QAR,204,C,,3253581688540
001,020415003190,9834,PLV,1988,OCC:L'OCCITANE,6722,SAMPLES,52EP001M20:VIAL EDP MUSK ROSE 1.2ML,0,.01,QAR,204,C,,3253581688564
001,020415003191,9834,PLV,1988,OCC:L'OCCITANE,6722,SAMPLES,52EP001O20:VIAL EDP OUD PRALINE 1.2ML,0,.01,QAR,204,C,,3253581688571
001,020415003192,9834,PLV,1988,OCC:L'OCCITANE,6722,SAMPLES,52EP001RS20:VIAL EDP ROSE SAFFRON 1.2ML,0,.01,QAR,204,C,,3253581688519
001,020415003193,9834,PLV,1988,OCC:L'OCCITANE,6640,PROMOTIONAL MATERIALS,52MOUFIG19:KIT 300 BLOTTERS FIG ROSE,0,.01,QAR,204,C,,3253581597897
001,020415003194,9850,HAIR CARE,1988,OCC:L'OCCITANE,3903,AFTER SHAMPOO,98BBAS030VE4:VERBENA CONDITIONER 30ML,1.3736,15,QAR,204,A,,3253581586600
001,020415010449,9834,PLV,1988,OCC:L'OCCITANE,6640,PROMOTIONAL MATERIALS,49MARGWP20:MARCH 2020 GWP,0,.01,QAR,204,A,,020425010449
001,020415010455,9834,PLV,1988,OCC:L'OCCITANE,6640,PROMOTIONAL MATERIALS,29APRGWP20:APRIL 2020 GWP,0,.01,QAR,204,A,,020425010455
001,020415010457,9815,BEAUTY SET,1988,OCC:L'OCCITANE,3997,BEAUTY SET,10RAMCAL20:RAMADAN CALENDAR 2020,159.6,399,QAR,204,A,,020425010457
001,020415010458,9815,BEAUTY SET,1988,OCC:L'OCCITANE,3997,BEAUTY SET,10HCSOD20:HAND CARE AND SOAP DUO 2020,30.0001,75,QAR,204,A,,020425010458
001,020415010459,9815,BEAUTY SET,1988,OCC:L'OCCITANE,3997,BEAUTY SET,10MDKITM120:2020 MD MOOD KIT 1,110,275,QAR,204,A,,020425010459
001,020415010460,9815,BEAUTY SET,1988,OCC:L'OCCITANE,3997,BEAUTY SET,10MDKITM220:2020 MD MOOD KIT 2,70,175,QAR,204,A,,020425010460
001,020415010461,9815,BEAUTY SET,1988,OCC:L'OCCITANE,3997,BEAUTY SET,10MDKITM320:2020 MD MOOD KIT 3,110,275,QAR,204,A,,020425010461
001,020415010462,9815,BEAUTY SET,1988,OCC:L'OCCITANE,3997,BEAUTY SET,10HCTRIO20:2020 HAND CREAM TRIO,50,125,QAR,204,A,,020425010462
001,020415010463,9815,BEAUTY SET,1988,OCC:L'OCCITANE,3997,BEAUTY SET,11MRBOX20:MUSK ROSE COLLECTION 2020,259.6,699,QAR,204,A,,020425010463
001,020415010464,9815,BEAUTY SET,1988,OCC:L'OCCITANE,3997,BEAUTY SET,11OPBOX20:OUD PRALINE COLLECTION 2020,259.6,649,QAR,204,A,,020425010464
001,020415010465,9815,BEAUTY SET,1988,OCC:L'OCCITANE,3997,BEAUTY SET,11AABOX20:AMBER ALMOND COLLECTION 2020,259.6,699,QAR,204,A,,020425010465
001,020415010466,9815,BEAUTY SET,1988,OCC:L'OCCITANE,3997,BEAUTY SET,29ALEXF20:ALMOND EXFOLIATING SET 2020,83.6,209,QAR,204,A,,020425010466
001,020415010468,9815,BEAUTY SET,1988,OCC:L'OCCITANE,3997,BEAUTY SET,29ALMIVS20:IRRESISTABLE ALMOND COLLECTION 2020,159.6,399,QAR,204,A,,020425010468
001,020415010469,9815,BEAUTY SET,1988,OCC:L'OCCITANE,3997,BEAUTY SET,24CBTRI20:CHERRY BLOSSOM TRIO 2020,39.5999,99,QAR,204,A,,020425010469
001,020415010470,9815,BEAUTY SET,1988,OCC:L'OCCITANE,3997,BEAUTY SET,24ROTRI20:ROSE TRIO 2020,39.5999,99,QAR,204,A,,020425010470
001,020415010471,9815,BEAUTY SET,1988,OCC:L'OCCITANE,3997,BEAUTY SET,18TDLTRI20:TDL L'EAU TRIO 2020,39.6,99,QAR,204,A,,020425010471
001,020415010472,9815,BEAUTY SET,1988,OCC:L'OCCITANE,3997,BEAUTY SET,12NOTRIO20:NEROLI ORCHIDEE TRIO 2020,47.6,119,QAR,204,A,,020425010472
001,020415026426,9834,PLV,1988,OCC:L'OCCITANE,4524,DISPLAY MATERIALS,52K10BLAV19:SET 10 LAVENDER BUNCHES 19,0,.01,QAR,204,C,,3253581699423
001,020415026428,9834,PLV,1988,OCC:L'OCCITANE,4524,DISPLAY MATERIALS,52PLAYTEST19:PLAYFUL TESTING TRAY,0,.01,QAR,204,C,,3253581699447
001,020415026429,9834,PLV,1988,OCC:L'OCCITANE,6722,SAMPLES,52OR001I19:SAMP RESET SERUM 1ML X1,0,.01,QAR,204,A,,3253581656945
001,020415026430,9834,PLV,1988,OCC:L'OCCITANE,4524,DISPLAY MATERIALS,52KITWALLS20:KIT SPRING20 FSU / WALLUNIT,0,.01,QAR,204,C,,3253581679401
001,020415026431,9834,PLV,1988,OCC:L'OCCITANE,4524,DISPLAY MATERIALS,52KITSUNS20:KIT SPRING20 SUNSHINE UNIT,0,.01,QAR,204,C,,3253581674291
001,020415026432,9834,PLV,1988,OCC:L'OCCITANE,4524,DISPLAY MATERIALS,52KITLPTS20:KIT SPRING20 LPT UNIT,0,.01,QAR,204,C,,3253581674284
001,020415026433,9834,PLV,1988,OCC:L'OCCITANE,6957,UNIFORMS,52WJACKXXXL18:2018 WOMEN JACKET XXXL,0,.01,QAR,204,C,,3253581513774
001,020415026434,9834,PLV,1988,OCC:L'OCCITANE,6957,UNIFORMS,52BELTXXXL18:2018 UNISEX BELT XXXL,0,.01,QAR,204,C,,3253581513545
001,020415030416,9828,TOILETRIES,1988,OCC:L'OCCITANE,4634,HAND & FOOT CARE,01MR150K16:WONDERFUL ROSE HAND CR 150ML,55.3143,150,QAR,204,A,,3253581471685
001,020415041915,9801,SKINCARE,1988,OCC:L'OCCITANE,4552,EYE CREAMS,11EC015A20:REOTIER COOLING EYE GEL 15ML,43.6,115,QAR,204,A,,3253581700051
001,020415041916,9801,SKINCARE,1988,OCC:L'OCCITANE,4344,CLEANSERS,11GE075I20:CREAM-TO-MILK,43.6,110,QAR,204,A,,3253581660430
001,020415041917,9801,SKINCARE,1988,OCC:L'OCCITANE,4344,CLEANSERS,11LT300I20:MICELL WATER ECO-REFILL 300ML,43.6,115,QAR,204,A,,3253581674383
001,020415041918,9842,MAKE UP,1988,OCC:L'OCCITANE,3911,ALL-IN-ONES,11RLA003F20:07 FRUITY LIPSTICK 3GR,35.6,90,QAR,204,A,,3253581663202
001,020415041920,9842,MAKE UP,1988,OCC:L'OCCITANE,3911,ALL-IN-ONES,11RLC003F20:09 FRUITY LIPSTICK 3GR,35.6,90,QAR,204,A,,3253581663226
001,020415041921,9842,MAKE UP,1988,OCC:L'OCCITANE,3911,ALL-IN-ONES,11RLD003F20:10 FRUITY LIPSTICK 3GR,35.6,90,QAR,204,A,,3253581663233
001,020415041924,9828,TOILETRIES,1988,OCC:L'OCCITANE,3991,BATH & BODY,20GD500HC20:CAP CED SG ECO-REF 500ML,50,135,QAR,204,A,,3253581700068
001,020415041925,9828,TOILETRIES,1988,OCC:L'OCCITANE,3991,BATH & BODY,20GD500O20:OCCITAN SG ECO-REF 500ML,50,135,QAR,204,A,,3253581700075
001,020415041926,9801,SKINCARE,1988,OCC:L'OCCITANE,6744,SERUM,27DS030I20:IMM DIVINE SERUM 30ML,199.6,499,QAR,204,A,,3253581703564
001,020415041927,9801,SKINCARE,1988,OCC:L'OCCITANE,4344,CLEANSERS,27RM300I20:IMM PREC CLEANSING FOAM 300ML,70,199,QAR,204,A,,3253581590065
001,020415041928,9834,PLV,1988,OCC:L'OCCITANE,6640,PROMOTIONAL MATERIALS,49BPOMC20:2020 M CABANAS BEAUTY POUCH,0,.01,QAR,204,A,,3253581700136
001,020415041929,9834,PLV,1988,OCC:L'OCCITANE,6640,PROMOTIONAL MATERIALS,49POURE20:2020 REOTIER POUCH,0,.01,QAR,204,A,,3253581689066
001,020415041930,9834,PLV,1988,OCC:L'OCCITANE,6640,PROMOTIONAL MATERIALS,49TINRS20:2020 RESET TIN BOX,0,.01,QAR,204,A,,3253581680117
001,020415041931,9834,PLV,1988,OCC:L'OCCITANE,4524,DISPLAY MATERIALS,52TBRESET20:RESET TABLE KIT 2020,0,.01,QAR,204,C,,3253581679791
001,020415041932,9834,PLV,1988,OCC:L'OCCITANE,4524,DISPLAY MATERIALS,54WKMUP20:WINDOW KIT MAKEUP 20,0,.01,QAR,204,C,,3253581662953
001,020415041933,9834,PLV,1988,OCC:L'OCCITANE,4524,DISPLAY MATERIALS,54WKRESET20:RESET WINDOW KIT 2020,0,.01,QAR,204,C,,3253581679784
001,020415041934,9834,PLV,1988,OCC:L'OCCITANE,4524,DISPLAY MATERIALS,54WKSUM20:WINDOW KIT SUMMER 20,0,.01,QAR,204,C,,3253581700297
001,020415041935,9834,PLV,1988,OCC:L'OCCITANE,4523,DISPLAY FURNITURE,55TSWALLEARTH:LIME PAINT EARTH 8M2,0,.01,QAR,204,C,,3253581729458
001,020415041936,9801,SKINCARE,1988,OCC:L'OCCITANE,4508,DAY CREAMS,01CV050K18:SHEA UR COMFORTING CREAM 50ML,67.6,175,QAR,204,A,,3253581575291
001,020415041938,9850,HAIR CARE,1988,OCC:L'OCCITANE,3903,AFTER SHAMPOO,15AS250VA18:CITRUS VER CONDITIONER 250ML,34.0365,90,QAR,204,A,,3253581575499
001,020415041939,9850,HAIR CARE,1988,OCC:L'OCCITANE,4627,HAIR & SCALP TREATMENTS,17MM050A20:SOS SOOTHING 50ML,21.0254,49,QAR,204,A,,3253581679500
001,020415047730,9834,PLV,1988,OCC:L'OCCITANE,4523,DISPLAY FURNITURE,55CHAIBN20:CHAIR FACES IBN BATUTTA 2020,0,.01,QAR,204,A,,020425047730
001,020415058394,9828,TOILETRIES,1988,OCC:L'OCCITANE,6754,SHAVING,20GR150H20:REFRESHING SHAVE GEL 150ML,31.6,80,QAR,204,A,,3253581679920
001,020415058396,9828,TOILETRIES,1988,OCC:L'OCCITANE,4634,HAND & FOOT CARE,15GM065VB20:VERBENA CLEAN HANDS GEL 65ML,11.8934,35,QAR,204,A,,3253581750612
001,020415058397,9801,SKINCARE,1988,OCC:L'OCCITANE,4508,DAY CREAMS,20HR050H20:REVITALIZING CREAM CREAM 50ML,86.1333,210,QAR,204,A,,3253581679883
001,020415058398,9828,TOILETRIES,1988,OCC:L'OCCITANE,6754,SHAVING,20CR150H20:RICH SHAVING CREAM 150ML,39.6,99,QAR,204,A,,3253581679913
001,020415058998,9834,PLV,1988,OCC:L'OCCITANE,6722,SAMPLES,52NDIVSR120:NEW DIVINE ROUTINE SAMPLE 2020,0,.01,QAR,204,A,,020425058998
001,020415058999,9834,PLV,1988,OCC:L'OCCITANE,6722,SAMPLES,52NPRESR120:NEW PRECIOUS ROUTINE SAMPLE 2020,0,.01,QAR,204,A,,020425058999
001,020415059000,9834,PLV,1988,OCC:L'OCCITANE,6722,SAMPLES,52NRBSR120:NEW REINE BLANCHE ROUTINE SAMPLE 2020,0,.01,QAR,204,A,,020425059000
001,020415059001,9834,PLV,1988,OCC:L'OCCITANE,6722,SAMPLES,52NSBSR120:NEW SHEA BUTTER ROUTINE SAMPLE 2020,0,.01,QAR,204,A,,020425059001
001,020415059002,9834,PLV,1988,OCC:L'OCCITANE,6722,SAMPLES,52NAQUSR120:AQUA REOTIER SAMPLE ROUTINE 1,0,0,QAR,204,A,,020425059002
001,020415060257,9815,BEAUTY SET,1988,OCC:L'OCCITANE,3997,BEAUTY SET,10SUHCTR20:SUMMER HAND CREAM TRIO,47.6,119,QAR,204,A,,020425060257
001,020415076208,9834,PLV,1988,OCC:L'OCCITANE,6640,PROMOTIONAL MATERIALS,10ECOMGWP20:E COMMERCE GWP 2020,0,.01,QAR,204,C,,020425076208
001,020415093975,9815,BEAUTY SET,1988,OCC:L'OCCITANE,3997,BEAUTY SET,15VERSET20:VERBENA SOS SET 2020,26.6591,85,QAR,204,A,,020425093975
001,020415093976,9815,BEAUTY SET,1988,OCC:L'OCCITANE,3997,BEAUTY SET,29ALMBOUSET20:ALMOND TRAVEL SET,43.5999,109,QAR,204,A,,020425093976
001,020415094045,9815,BEAUTY SET,1988,OCC:L'OCCITANE,3997,BEAUTY SET,10BOUFCSET20:FACE CARE SET 2020,35.6002,89,QAR,204,A,,020425094045
001,020415094046,9815,BEAUTY SET,1988,OCC:L'OCCITANE,3997,BEAUTY SET,10BOUHCSET20:SUMMER HAND CREAM SET 2,47.6,119,QAR,204,A,,020425094046
001,020415094047,9815,BEAUTY SET,1988,OCC:L'OCCITANE,3997,BEAUTY SET,29BOUALMSET20:DELICIOUS ALMOND SET 2020,90.0001,225,QAR,204,A,,020425094047
001,020415098263,9815,BEAUTY SET,1988,OCC:L'OCCITANE,3997,BEAUTY SET,29BIRALM20:ALMOND IRRESISTABLE SET 2020,159.6,399,QAR,204,A,,020425098263
001,020415098265,9815,BEAUTY SET,1988,OCC:L'OCCITANE,3997,BEAUTY SET,29BEXFS20:ALMOND ROUTINE SET,99.6001,249,QAR,204,A,,020425098265
001,020415119590,9834,PLV,1988,OCC:L'OCCITANE,6722,SAMPLES,52NPRESR220:NEW PRECIOUS ROUTINE SAMPLE 2020 V2,0,0,QAR,204,A,,020425119590
001,020415119686,9834,PLV,1988,OCC:L'OCCITANE,6722,SAMPLES,52NSBSR220:NEW SHEA BUTTER ROUTINE SAMPLE 2020 V2,0,0,QAR,204,A,,020425119686
001,020415119687,9834,PLV,1988,OCC:L'OCCITANE,6722,SAMPLES,52NAQUSR220:AQUA REOTIER SAMPLE ROUTINE 2,0,0,QAR,204,A,,020425119687
001,020414043039,9828,TOILETRIES,1988,OCC:L'OCCITANE,3991,BATH & BODY,20SA050CD16A:CEDRAT SOAP RSPO SG 50G,11.6,29,QAR,204,C,,3253581452837
001,020414043041,9828,TOILETRIES,1988,OCC:L'OCCITANE,3991,BATH & BODY,24SA050R16:ROSE SOAP RSPO SG 50G,11.6,29,QAR,204,C,,3253581479858
001,020414043042,9828,TOILETRIES,1988,OCC:L'OCCITANE,3991,BATH & BODY,29HS100A18:ALMOND SUPPLE SKIN OIL 100ML,91.6,230,QAR,204,A,,3253581514153
001,020414043043,9828,TOILETRIES,1988,OCC:L'OCCITANE,3991,BATH & BODY,49HS015A18:ALMOND SUPPLE SKIN OIL 15ML,9.9981,30,QAR,204,A,,3253581514177
001,020414043044,9834,PLV,1988,OCC:L'OCCITANE,6977,WRAPPING MATERIALS,49OFLPAQ18:2018 FLORAL EASTER EGG,0,.01,QAR,204,A,,3253581522196
001,020414043045,9834,PLV,1988,OCC:L'OCCITANE,6977,WRAPPING MATERIALS,49OFRPAQ18:2018 FRESH EASTER EGG,0,.01,QAR,204,A,,3253581522202
001,020414043046,9834,PLV,1988,OCC:L'OCCITANE,6640,PROMOTIONAL MATERIALS,49PO1AM18:2018 ALMOND POUCH 1,0,.01,QAR,204,A,,3253581514214
001,020414043047,9834,PLV,1988,OCC:L'OCCITANE,6640,PROMOTIONAL MATERIALS,49PO2AM18:2018 ALMOND POUCH 2,0,.01,QAR,204,A,,3253581514221
001,020414043048,9834,PLV,1988,OCC:L'OCCITANE,4524,DISPLAY MATERIALS,52DISPAL18:ALMOND DISPLAYER 2018,0,.01,QAR,204,C,,3253581513903
001,020414043049,9834,PLV,1988,OCC:L'OCCITANE,6722,SAMPLES,52HD006A18:SAMP. ALMOND SHOWER OIL 6ML 1,0,.01,QAR,204,A,,3253581514146
001,020414043050,9834,PLV,1988,OCC:L'OCCITANE,6722,SAMPLES,52HS004A18:SAMP. SUPPLE SKIN OIL 4ML 1,0,.01,QAR,204,A,,3253581514139
001,020414043051,9834,PLV,1988,OCC:L'OCCITANE,6757,SHOPPING BAGS,52SGEBAG18:SMALL GENERIC BAG 2018,0,.01,QAR,204,C,,3253581505960
001,020414043052,9834,PLV,1988,OCC:L'OCCITANE,6722,SAMPLES,52SP0012TL17N:TDL EDP VIAL 1.2ML NEW 1,0,.01,QAR,204,C,,3253581506707
001,020414043053,9834,PLV,1988,OCC:L'OCCITANE,4524,DISPLAY MATERIALS,54WK018AL:2018 ALMOND WINDOW KIT,0,.01,QAR,204,C,,3253581514184
001,020414048822,9828,TOILETRIES,1988,OCC:L'OCCITANE,6749,SET,29ALMDS18:ALMOND DISCOVERY SET 2018,43.6,109,QAR,204,A,,020424048822
001,020414048823,9834,PLV,1988,OCC:L'OCCITANE,6640,PROMOTIONAL MATERIALS,29ALMGWP18:ALMOND GWP 2018,0,0,QAR,204,A,,020424048823
001,020414048824,9828,TOILETRIES,1988,OCC:L'OCCITANE,6749,SET,29ALMEGG18:ALMOND SURPRISE EGG 2018,47.5999,119,QAR,204,A,,020424048824
001,020414048831,9828,TOILETRIES,1988,OCC:L'OCCITANE,6749,SET,01SHEAEGG18:SHEA SURPRISE EGG 2018,23.5998,59,QAR,204,A,,020424048831
001,020414048832,9828,TOILETRIES,1988,OCC:L'OCCITANE,6749,SET,15VERBEGG18:VERBENA SURPRISE EGG 2018,23.5998,59,QAR,204,A,,020424048832
001,020414048833,9815,BEAUTY SET,1988,OCC:L'OCCITANE,3997,BEAUTY SET,24CBEGG18:CHERRY SURPRISE EGG 2018,47.5999,119,QAR,204,A,,020424048833
001,020414048834,9815,BEAUTY SET,1988,OCC:L'OCCITANE,3997,BEAUTY SET,01SHBVS218:SHEA BUTTER BODY SET 2018 V2,199.6,541.9,QAR,204,A,,020424048834
001,020414048835,9801,SKINCARE,1988,OCC:L'OCCITANE,6749,SET,01SHFVS18:SHEA BUTTER FACE CARE SET 2018,119.6,305,QAR,204,A,,020424048835
001,020414048864,9815,BEAUTY SET,1988,OCC:L'OCCITANE,3997,BEAUTY SET,12NOSET18:NEROLI & ORCHIDEE SET 2018,159.6,445,QAR,204,A,,020424048864
001,020414048865,9815,BEAUTY SET,1988,OCC:L'OCCITANE,3997,BEAUTY SET,29ALMVS18:ALMOND SET 2018,203.5999,529,QAR,204,A,,020424048865
001,020414048866,9815,BEAUTY SET,1988,OCC:L'OCCITANE,3997,BEAUTY SET,29ALMVS218:ALMOND SET 2018 V2,210.0143,541.9,QAR,204,A,,020424048866
001,020414060088,9815,BEAUTY SET,1988,OCC:L'OCCITANE,3997,BEAUTY SET,10RAMADV18:RAMADAN 2018 CALENDAR,119.6,299,QAR,204,A,,020424060088
001,020414069491,9801,SKINCARE,1988,OCC:L'OCCITANE,6749,SET,11AQDS218:AQUA DISCOVERY SET 2018 V2,31.5998,79,QAR,204,A,,020424069491
001,020414077360,9850,HAIR CARE,1988,OCC:L'OCCITANE,3903,AFTER SHAMPOO,17AS250G18:INTENSE REPAIR CONDITION 250ML,39.6,89,QAR,204,A,,3253581535257
001,020414077367,9850,HAIR CARE,1988,OCC:L'OCCITANE,6753,SHAMPOO,17SH300G18:INTENSE REPAIR SHAMPOO 300ML,39.6,89,QAR,204,A,,3253581535295
001,020414077370,9801,SKINCARE,1988,OCC:L'OCCITANE,6744,SERUM,27OR030I18:IMM OVERNIGHT RESET SERUM 30ML,119.6,299,QAR,204,C,,3253581521380
001,020414077372,9834,PLV,1988,OCC:L'OCCITANE,6757,SHOPPING BAGS,49BAGVE18:2018 VERBENA BAG,0,.01,QAR,204,C,,3253581517710
001,020414077373,9834,PLV,1988,OCC:L'OCCITANE,6640,PROMOTIONAL MATERIALS,49TOWVE18:2018 VERBENA TOWEL,0,.01,QAR,204,C,,3253581517734
001,020414077374,9834,PLV,1988,OCC:L'OCCITANE,6957,UNIFORMS,52BELTL18:2018 UNISEX BELT L,0,.01,QAR,204,C,,3253581513514
001,020414077375,9834,PLV,1988,OCC:L'OCCITANE,6957,UNIFORMS,52BELTM18:2018 UNISEX BELT M,0,.01,QAR,204,C,,3253581513507
001,020414077376,9834,PLV,1988,OCC:L'OCCITANE,6957,UNIFORMS,52BELTS18:2018 UNISEX BELT S,0,.01,QAR,204,C,,3253581513491
001,020414077377,9834,PLV,1988,OCC:L'OCCITANE,6957,UNIFORMS,52BELTXL18:2018 UNISEX BELT XL,0,.01,QAR,204,C,,3253581513521
001,020414077378,9834,PLV,1988,OCC:L'OCCITANE,6957,UNIFORMS,52BELTXS18:2018 UNISEX BELT XS,0,.01,QAR,204,C,,3253581513484
001,020414077379,9834,PLV,1988,OCC:L'OCCITANE,4524,DISPLAY MATERIALS,52ICEKTVB18:TABLE KIT ICE VERBENA 2018,0,.01,QAR,204,C,,3253581517642
001,020414077380,9834,PLV,1988,OCC:L'OCCITANE,6757,SHOPPING BAGS,52MGEBAG18:MEDIUM GENERIC BAG 2018,0,.01,QAR,204,C,,3253581505953
001,020414077381,9834,PLV,1988,OCC:L'OCCITANE,6977,WRAPPING MATERIALS,52MGEBOX18:MEDIUM GENERIC BOX 2018,0,.01,QAR,204,A,,3253581505922
001,020414077382,9834,PLV,1988,OCC:L'OCCITANE,6957,UNIFORMS,52MJACKL18:2018 MEN JACKET L,0,.01,QAR,204,C,,3253581513811
001,020414077383,9834,PLV,1988,OCC:L'OCCITANE,6957,UNIFORMS,52MJACKM18:2018 MEN JACKET M,0,.01,QAR,204,C,,3253581513804
001,020414077384,9834,PLV,1988,OCC:L'OCCITANE,6957,UNIFORMS,52MJACKXL18:2018 MEN JACKET XL,0,.01,QAR,204,C,,3253581513828
001,020414077385,9834,PLV,1988,OCC:L'OCCITANE,4524,DISPLAY MATERIALS,52SPATCO18:SET 100 BODY SPATULAS 2018,0,.01,QAR,204,C,,3253581512876
001,020414077386,9834,PLV,1988,OCC:L'OCCITANE,6957,UNIFORMS,52WJACKL18:2018 WOMEN JACKET L,0,.01,QAR,204,C,,3253581513743
001,020414077387,9834,PLV,1988,OCC:L'OCCITANE,6957,UNIFORMS,52WJACKM18:2018 WOMEN JACKET M,0,.01,QAR,204,C,,3253581513736
001,020414077388,9834,PLV,1988,OCC:L'OCCITANE,6957,UNIFORMS,52WJACKS18:2018 WOMEN JACKET S,0,.01,QAR,204,C,,3253581513729
001,020414077389,9834,PLV,1988,OCC:L'OCCITANE,6957,UNIFORMS,52WJACKXL18:2018 WOMEN JACKET XL,0,.01,QAR,204,C,,3253581513750
001,020414077390,9834,PLV,1988,OCC:L'OCCITANE,6957,UNIFORMS,52WJACKXS18:2018 WOMEN JACKET XS,0,.01,QAR,204,C,,3253581513712
001,020414077391,9834,PLV,1988,OCC:L'OCCITANE,6977,WRAPPING MATERIALS,52YGERIB18:YELLOW GENERIC RIBBON 2018,0,.01,QAR,204,C,,3253581506011
001,020414077392,9834,PLV,1988,OCC:L'OCCITANE,4524,DISPLAY MATERIALS,54WK018VE:2018 VERBENA WINDOW KIT,0,0,QAR,204,C,,3253581517680
001,020414083288,9815,BEAUTY SET,1988,OCC:L'OCCITANE,3997,BEAUTY SET,20CEDHVS18:CEDRAT HOMME COLOGNE SET 2018,159.6,425,QAR,204,A,,020424083288
001,020414083289,9815,BEAUTY SET,1988,OCC:L'OCCITANE,3997,BEAUTY SET,18TDLSET18:TERRE DE LUMIERE SET 2018,219.5999,499,QAR,204,A,,020424083289
001,020414083290,9815,BEAUTY SET,1988,OCC:L'OCCITANE,3997,BEAUTY SET,18TDLLSET18:TERRE DE LUMIERE L'EAU SET 2018,199.6,485,QAR,204,A,,020424083290
001,020414143183,9834,PLV,1988,OCC:L'OCCITANE,6757,SHOPPING BAGS,52MIGEBAG18:MINI GENERIC BAG 2018,0,.01,QAR,204,C,,3253581505977
001,020414176356,9828,TOILETRIES,1988,OCC:L'OCCITANE,3991,BATH & BODY,15GD250VBC8:VER ICY BODY SHOWER GEL 250ML,35.6,89,QAR,204,A,,3253581517628
001,020414176360,9850,HAIR CARE,1988,OCC:L'OCCITANE,3903,AFTER SHAMPOO,17AS500N18:NOURISHING CONDITIONER 500ML,71.6,149,QAR,204,C,,3253581535219
001,020414176363,9850,HAIR CARE,1988,OCC:L'OCCITANE,6753,SHAMPOO,17SH075G18:INTENSE REPAIR SHAMPOO 75ML,14,29,QAR,204,A,,3253581535325
001,020414176366,9834,PLV,1988,OCC:L'OCCITANE,6722,SAMPLES,52AS006G18:INTENSE REPAIR CONDITION 6ML X1,0,.01,QAR,204,A,,3253581535370
001,020414176367,9834,PLV,1988,OCC:L'OCCITANE,6722,SAMPLES,52AS006N18:NOURISHING CONDITIONER 6ML X1,0,.01,QAR,204,C,,3253581535417
001,020414176368,9834,PLV,1988,OCC:L'OCCITANE,6722,SAMPLES,52MC006G18:INTENSE REPAIR MASK 6ML X1,0,.01,QAR,204,C,,3253581535424
001,020414176369,9834,PLV,1988,OCC:L'OCCITANE,6722,SAMPLES,52MC006N18:NOURISHING MASK 6ML X1,0,.01,QAR,204,C,,3253581535431
001,020414176370,9834,PLV,1988,OCC:L'OCCITANE,6722,SAMPLES,52ORT001I18:IMM OVERN RESET SR SAMP T 1ML,0,.01,QAR,204,C,,3253581521434
001,020414176371,9834,PLV,1988,OCC:L'OCCITANE,6722,SAMPLES,52SH006G18:INTENSE REPAIR SHAMPOO 6ML X1,0,.01,QAR,204,A,,3253581535363
001,020414176372,9834,PLV,1988,OCC:L'OCCITANE,6722,SAMPLES,52SH006N18:NOURISHING SHAMPOO 6ML X1,0,.01,QAR,204,C,,3253581535400
001,020414197224,9812,GWP,1988,OCC:L'OCCITANE,4624,GWP,GWPSEP18:SEPTEMBER 2018 GWP,0,.01,QAR,204,C,,020424197224
001,020414197334,9834,PLV,1988,OCC:L'OCCITANE,6640,PROMOTIONAL MATERIALS,49CHAVE18:2018 VERBENA KEY CHARM,0,.01,QAR,204,C,,3253581517741
001,020414197336,9834,PLV,1988,OCC:L'OCCITANE,6977,WRAPPING MATERIALS,52SLEDT18:SLEEVE EDT VB CLASSIC 18,0,.01,QAR,204,A,,3253581517666
001,020414197337,9834,PLV,1988,OCC:L'OCCITANE,6977,WRAPPING MATERIALS,52SLEDTC18:SLEEVE EDT VB CITRUS 18,0,.01,QAR,204,A,,3253581517673
001,020414385880,9834,PLV,1988,OCC:L'OCCITANE,4524,DISPLAY MATERIALS,52KT3VERSOIN:SET OF 3 SKINCARE GLASS SLAB,0,.01,QAR,204,C,,3253581507315
001,020414385881,9834,PLV,1988,OCC:L'OCCITANE,4524,DISPLAY MATERIALS,52KT4CONT17:SET OF 4 CONTAINERS 17,0,.01,QAR,204,C,,3253581521663
001,020414385882,9834,PLV,1988,OCC:L'OCCITANE,4524,DISPLAY MATERIALS,52KT4PLVCR17:SET OF 4 SQUARE POS HOLDERS 17,0,.01,QAR,204,C,,3253581521601
001,020414385883,9834,PLV,1988,OCC:L'OCCITANE,4524,DISPLAY MATERIALS,52KT5PMOU17:SET OF 5 SCENT STRIP HOLDER 17,0,.01,QAR,204,C,,3253581521618
001,020414385884,9834,PLV,1988,OCC:L'OCCITANE,4524,DISPLAY MATERIALS,52KTPPLVA617:SET OF 10 A6 SIGN HOLDERS 17,0,.01,QAR,204,C,,3253581521656
001,020414385885,9834,PLV,1988,OCC:L'OCCITANE,4524,DISPLAY MATERIALS,52KTRANGE17:SET OF 4 RANGE INSERT HOLDERS,0,.01,QAR,204,C,,3253581542736
001,020414385886,9834,PLV,1988,OCC:L'OCCITANE,6640,PROMOTIONAL MATERIALS,52MOUAMB17:AMBRE SCENT STRIPS 17,0,.01,QAR,204,C,,3253581512517
001,020414385887,9834,PLV,1988,OCC:L'OCCITANE,6640,PROMOTIONAL MATERIALS,52MOUARL17:ARLESIENNE SCENT STRIPS 17,0,.01,QAR,204,C,,3253581512500
001,020414385888,9834,PLV,1988,OCC:L'OCCITANE,6640,PROMOTIONAL MATERIALS,52MOUCED17:CEDRAT SCENT STRIPS 17,0,.01,QAR,204,C,,3253581512562
001,020414385889,9834,PLV,1988,OCC:L'OCCITANE,6640,PROMOTIONAL MATERIALS,52MOUCHB17:CHERRY BLOSS SCENT STRIPS 17,0,.01,QAR,204,C,,3253581542675
001,020414385890,9834,PLV,1988,OCC:L'OCCITANE,6640,PROMOTIONAL MATERIALS,52MOUHCC17:HOMME COLOGNE SCENT STRIPS 17,0,.01,QAR,204,C,,3253581512579
001,020414385891,9834,PLV,1988,OCC:L'OCCITANE,6640,PROMOTIONAL MATERIALS,52MOUIPA17:IPARIE SCENT STRIPS 2017,0,.01,QAR,204,C,,3253581542699
001,020414385892,9834,PLV,1988,OCC:L'OCCITANE,6640,PROMOTIONAL MATERIALS,52MOUNO17:NEROLI ORCHIDEE SCENT STRIP 17,0,.01,QAR,204,C,,3253581512494
001,020414385893,9834,PLV,1988,OCC:L'OCCITANE,6640,PROMOTIONAL MATERIALS,52MOUOURO17:OUD ROSE SCENT STRIPS 2017,0,.01,QAR,204,C,,3253581513392
001,020414385894,9834,PLV,1988,OCC:L'OCCITANE,6640,PROMOTIONAL MATERIALS,52MOUPIV18:PIVOINE FLORA SCENT STRIP,0,.01,QAR,204,C,,3253581562840
001,020414385895,9834,PLV,1988,OCC:L'OCCITANE,6640,PROMOTIONAL MATERIALS,52MOUROS17:ROSE SCENT STRIPS 2017,0,.01,QAR,204,C,,3253581542682
001,020414385896,9834,PLV,1988,OCC:L'OCCITANE,6640,PROMOTIONAL MATERIALS,52MOUTDL17:TDL EDT SCENT STRIPS 17,0,.01,QAR,204,C,,3253581512470
001,020414385897,9834,PLV,1988,OCC:L'OCCITANE,6640,PROMOTIONAL MATERIALS,52MOUTDLI18:TDL INTENSE SCENT STRIP,0,.01,QAR,204,C,,3253581549896
001,020414385898,9834,PLV,1988,OCC:L'OCCITANE,6640,PROMOTIONAL MATERIALS,52MOUTDLP17:TDL EDP SCENT STRIPS 17,0,.01,QAR,204,C,,3253581512487
001,020414385899,9834,PLV,1988,OCC:L'OCCITANE,4524,DISPLAY MATERIALS,52OUTTOURV2:SKINCARE ROTARY TOOL V2,0,.01,QAR,204,C,,3253581512760
001,020414385900,9834,PLV,1988,OCC:L'OCCITANE,4524,DISPLAY MATERIALS,52PLAHYG18:HYGIENE TRAY 18,0,.01,QAR,204,C,,3253581589809
001,020414385901,9834,PLV,1988,OCC:L'OCCITANE,4524,DISPLAY MATERIALS,52PLASOINWH17:SET OF SKINCARE TRAYS WHL 17,0,.01,QAR,204,C,,3253581542705
001,020414385902,9834,PLV,1988,OCC:L'OCCITANE,4524,DISPLAY MATERIALS,52PPLVPAYS17:PORTE PLV PAYSAGE 2017,0,.01,QAR,204,C,,3253581507339
001,020414385903,9834,PLV,1988,OCC:L'OCCITANE,4524,DISPLAY MATERIALS,52PPLVPORT17:PORTRAIT POS HOLDER 2017,0,.01,QAR,204,C,,3253581507346
001,020414385904,9834,PLV,1988,OCC:L'OCCITANE,4524,DISPLAY MATERIALS,52PPRIXTA17:SET OF 10 PRICE HOLDERS AT,0,.01,QAR,204,C,,3253581521632
001,020414385905,9834,PLV,1988,OCC:L'OCCITANE,4524,DISPLAY MATERIALS,52RANGEWH17:SET 4 RANGE INSERT HOLDERS WHL,0,.01,QAR,204,C,,3253581542743
001,020414385906,9834,PLV,1988,OCC:L'OCCITANE,4524,DISPLAY MATERIALS,52SLEISHEA19:SLEEVE SHEA INTENSE 19,0,.01,QAR,204,C,,3253581554401
001,020414385907,9834,PLV,1988,OCC:L'OCCITANE,4524,DISPLAY MATERIALS,52SLESHEA19:KIT OF 2 SLEEVES SHEA 19,0,.01,QAR,204,C,,3253581562345
001,020414385908,9834,PLV,1988,OCC:L'OCCITANE,6905,TESTERS,52TDLREF18:TDL PERFUME REFILL 2018,0,.01,QAR,204,C,,3253581562857
001,020414385909,9834,PLV,1988,OCC:L'OCCITANE,4524,DISPLAY MATERIALS,52TKSHEA19:TABLE KIT SHEA 19,0,.01,QAR,204,C,,3253581562338
001,020414385910,9834,PLV,1988,OCC:L'OCCITANE,4524,DISPLAY MATERIALS,52TPSHEA19:TABLE PAPER SHEA 19,0,.01,QAR,204,C,,3253581562581
001,020414385913,9801,SKINCARE,1988,OCC:L'OCCITANE,4508,DAY CREAMS,98BBCP005IM0:IMMORTELLE PRECIOUS CREAM 5ML,0,30,QAR,204,A,,3253581521427
001,020414430286,9801,SKINCARE,1988,OCC:L'OCCITANE,5647,LIP BALMS/FILLERS/MOISTURISER,01BL012K18:SHEA LIP BALM 12ML,22,49,QAR,204,A,,3253581590119
001,020414430288,9828,TOILETRIES,1988,OCC:L'OCCITANE,3991,BATH & BODY,01BM100KB19:SHEA BABY MASSAGE BALM 100ML,33.36,139,QAR,204,A,,3253581562888
001,020414430289,9828,TOILETRIES,1988,OCC:L'OCCITANE,3991,BATH & BODY,01CL075KB19:SHEA BABY FOAMING CREAM 75ML,6.5,35,QAR,204,A,,3253581562901
001,020414430291,9828,TOILETRIES,1988,OCC:L'OCCITANE,3991,BATH & BODY,01CP050K19DTS:SHEA UL RICH CR DTS RIFLE 50ML,0,55,QAR,204,A,,3253581575383
001,020414430293,9828,TOILETRIES,1988,OCC:L'OCCITANE,4634,HAND & FOOT CARE,01MA150K19DTS:SHEA DTS HAND CR RIFLE 150ML,0,135,QAR,204,A,,3253581575482
001,020414430294,9828,TOILETRIES,1988,OCC:L'OCCITANE,4634,HAND & FOOT CARE,01MR030K19DTS:SHEA ROSE HC DTS RIFLE 30ML,19.6,49,QAR,204,A,,3253581575369
001,020414430296,9828,TOILETRIES,1988,OCC:L'OCCITANE,3991,BATH & BODY,01SA050K19DTS:SHEA DTS SOAP RIFLE 50G,0,29,QAR,204,A,,3253581575390
001,020414430297,9828,TOILETRIES,1988,OCC:L'OCCITANE,3991,BATH & BODY,24AF050R18:SOOTH ROSE FRAGRA WATER 50ML,71.5968,190,QAR,204,A,,3253581542163
001,020414430298,9828,TOILETRIES,1988,OCC:L'OCCITANE,4634,HAND & FOOT CARE,24CM030C19:CHERRY 2019 HAND CREAM 30ML,19.6,49,QAR,204,A,,3253581562635
001,020414430300,9813,FRAGRANCES,1988,OCC:L'OCCITANE,4538,EAU DE TOILETTE,24ET050R18:ROSE EAU DE TOILETTE 50ML,109.97,290,QAR,204,A,,3253581542354
001,020414430302,9828,TOILETRIES,1988,OCC:L'OCCITANE,3991,BATH & BODY,24GD250R18:ROSE SHOWER GEL 250ML,35.6081,89,QAR,204,A,,3253581542316
001,020414430303,9828,TOILETRIES,1988,OCC:L'OCCITANE,3991,BATH & BODY,24LC075C19:CHERRY 2019 BODY MILK 75ML,0,49,QAR,204,A,,3253581562383
001,020414430304,9828,TOILETRIES,1988,OCC:L'OCCITANE,3991,BATH & BODY,24LC250R18:ROSE BODY MILK 250ML,55.6,139,QAR,204,A,,3253581542118
001,020414430305,9828,TOILETRIES,1988,OCC:L'OCCITANE,4634,HAND & FOOT CARE,24MA030R18:ROSE HAND CREAM 30ML,19.6,49,QAR,204,A,,3253581542149
001,020414430306,9828,TOILETRIES,1988,OCC:L'OCCITANE,3991,BATH & BODY,24SA050R18:ROSE SOAP RSPO SG 50G,11.6,29,QAR,204,A,,3253581542132
001,020414430307,9801,SKINCARE,1988,OCC:L'OCCITANE,4508,DAY CREAMS,27HC050I18:IM HARMONY CREAM 50ML,286,740,QAR,204,A,,3253581567333
001,020414430308,9828,TOILETRIES,1988,OCC:L'OCCITANE,3991,BATH & BODY,49EF010R18:ROSE EUPHORIC FRAGR WATER 10ML,0,49,QAR,204,A,,3253581542385
001,020414430309,9813,FRAGRANCES,1988,OCC:L'OCCITANE,4538,EAU DE TOILETTE,49ET007CB19:CHERRY 19 EDT 7.5 ML,0,49,QAR,204,A,,3253581562604
001,020414430310,9813,FRAGRANCES,1988,OCC:L'OCCITANE,4538,EAU DE TOILETTE,49ET007R18:ROSE EAU DE TOILETTE 7.5 ML,10,40,QAR,204,A,,3253581542101
001,020414430311,9828,TOILETRIES,1988,OCC:L'OCCITANE,4634,HAND & FOOT CARE,49MA010R18:ROSE HAND CREAM 10 ML,5.5731,15,QAR,204,A,,3253581542361
001,020414430312,9834,PLV,1988,OCC:L'OCCITANE,6640,PROMOTIONAL MATERIALS,49POCB19:2019 CHERRY BLOSSOM POUCH,0,.01,QAR,204,A,,3253581562468
001,020414430313,9828,TOILETRIES,1988,OCC:L'OCCITANE,3991,BATH & BODY,49VF010R18:VIVIF ROSE FRAGR WATER 10ML,0,49,QAR,204,A,,3253581542408
001,020414430314,9834,PLV,1988,OCC:L'OCCITANE,6977,WRAPPING MATERIALS,52BOXDTS19:2019 DTS MEDIUM BOX,0,.01,QAR,204,A,,3253581575468
001,020414430315,9834,PLV,1988,OCC:L'OCCITANE,4524,DISPLAY MATERIALS,52BOXSOAP19:UNICEF SOAP BOX 2019,0,.01,QAR,204,C,,3253581586624
001,020414430316,9834,PLV,1988,OCC:L'OCCITANE,6977,WRAPPING MATERIALS,52BTROSE18:COFFRET CADEAU ROSE 2018,0,.01,QAR,204,A,,3253581542057
001,020414430317,9834,PLV,1988,OCC:L'OCCITANE,4524,DISPLAY MATERIALS,52GENSTI18:300 GENERIC STICKERS ROLL 2018,0,.01,QAR,204,C,,3253581506431
001,020414430318,9834,PLV,1988,OCC:L'OCCITANE,4524,DISPLAY MATERIALS,52K20BOIM18:SET 20 IMMORTELLE BUNCHES 18,0,.01,QAR,204,C,,3253581575130
001,020414430319,9834,PLV,1988,OCC:L'OCCITANE,6977,WRAPPING MATERIALS,52LGENSA18:LARGE GENERIC SACHET 2018,0,.01,QAR,204,C,,3253581506394
001,020414430320,9834,PLV,1988,OCC:L'OCCITANE,6722,SAMPLES,52LS020001M19:SCRUB SAMPLE RASPBERRY 1ML X 1,0,.01,QAR,204,A,,3253581566985
001,020414430321,9834,PLV,1988,OCC:L'OCCITANE,6977,WRAPPING MATERIALS,52MGENSA18:MEDIUM GENERIC SACHET 2018,0,.01,QAR,204,A,,3253581506400
001,020414430322,9834,PLV,1988,OCC:L'OCCITANE,6977,WRAPPING MATERIALS,52MIGEBOX18:MINI GENERIC BOX 2018,0,.01,QAR,204,A,,3253581505939
001,020414430323,9834,PLV,1988,OCC:L'OCCITANE,6722,SAMPLES,52OR001I18:SAMP NIGHT RESET SERUM 1ML X 1,0,.01,QAR,204,A,,3253581521403
001,020414430324,9834,PLV,1988,OCC:L'OCCITANE,6977,WRAPPING MATERIALS,52SGENSA18:SMALL GENERIC SACHET 2018,0,.01,QAR,204,C,,3253581506417
001,020414430325,9834,PLV,1988,OCC:L'OCCITANE,6977,WRAPPING MATERIALS,52TRIHDTS19:2019 DTS TRIO HAND CREAM,0,.01,QAR,204,A,,3253581575451
001,020414430326,9834,PLV,1988,OCC:L'OCCITANE,4524,DISPLAY MATERIALS,54WKSHEA19:WINDOW KIT SHEA 19,0,.01,QAR,204,C,,3253581562406
001,020414437300,9828,TOILETRIES,1988,OCC:L'OCCITANE,6749,SET,01SHCC019:SHEA CLASSIC HAND CARE SET 2019,51.6,129,QAR,204,A,,020424437300
001,020414437302,9828,TOILETRIES,1988,OCC:L'OCCITANE,6749,SET,01SHCR019:SHEA ROSE HAND CARE SET 2019,51.6,129,QAR,204,A,,020424437302
001,020414437329,9834,PLV,1988,OCC:L'OCCITANE,6640,PROMOTIONAL MATERIALS,01GWPSB019:SHEA BUTTER 2019 GWP,0,0,QAR,204,A,,020424437329
001,020414437330,9801,SKINCARE,1988,OCC:L'OCCITANE,6749,SET,27DIVSET019:DIVINE FACE CARE SET 2019,399.6,1045,QAR,204,A,,020424437330
001,020414455555,9828,TOILETRIES,1988,OCC:L'OCCITANE,3991,BATH & BODY,24EF050R18:EUPH ROSE FRAGR WATER 50ML,71.6,179,QAR,204,A,,3253581542156
001,020414455558,9834,PLV,1988,OCC:L'OCCITANE,6640,PROMOTIONAL MATERIALS,49TBDTS19:2019 DTS TIN BOX,3.0053,1.44,QAR,204,A,,3253581554494
001,020414455562,9834,PLV,1988,OCC:L'OCCITANE,4524,DISPLAY MATERIALS,54CBTREE19:CHERRY BLOSSOM WINDOW TREE 19,0,.01,QAR,204,C,,3253581562505
001,020414473194,9834,PLV,1988,OCC:L'OCCITANE,6640,PROMOTIONAL MATERIALS,24GWPCB19:CHERRY BLOSSOM GWP 2019,0,0,QAR,204,A,,020424473194
001,020414473208,9828,TOILETRIES,1988,OCC:L'OCCITANE,6749,SET,01DTSTRIO19:SHEA BUTTER DTS TRIO 2019,51.6,129,QAR,204,A,,020424473208
001,020414473209,9828,TOILETRIES,1988,OCC:L'OCCITANE,6749,SET,01DTSSB119:SHEA BUTTER DTS SET 1,51.6,129,QAR,204,A,,020424473209
001,020414473210,9828,TOILETRIES,1988,OCC:L'OCCITANE,6749,SET,01DTSSB219:SHEA BUTTER DTS SET 2,51.6,129,QAR,204,A,,020424473210
001,020414473211,9828,TOILETRIES,1988,OCC:L'OCCITANE,6749,SET,01DTSSB319:SHEA BUTTER DTS SET 3,51.6,129,QAR,204,A,,020424473211
001,020414473212,9828,TOILETRIES,1988,OCC:L'OCCITANE,6749,SET,01DTSHC19:SHEA BUTTER DTS HAND CARE SET 19,111.6,279,QAR,204,A,,020424473212
001,020414477640,9834,PLV,1988,OCC:L'OCCITANE,4523,DISPLAY FURNITURE,LOCHIGHCHAIR19:LOC HIGH CHAIR 2019,0,.01,QAR,204,C,,020424477640
001,020414490167,9842,MAKE UP,1988,OCC:L'OCCITANE,3911,ALL-IN-ONES,11LS010011M19:DELICIOUS LIP SCRUB 010 TANGER,30,75,QAR,204,A,,3253581566268
001,020416306521,9834,PLV,1988,OCC:L'OCCITANE,6640,PROMOTIONAL MATERIALS,01JANGWP23:JANUARY GWP 2023,0,.01,QAR,204,A,,020426306521
001,020416306522,9834,PLV,1988,OCC:L'OCCITANE,6640,PROMOTIONAL MATERIALS,01FEBAGWP23:FEB ALMOND GWP 2023,0,.01,QAR,204,A,,020426306522
001,020416306523,9834,PLV,1988,OCC:L'OCCITANE,6640,PROMOTIONAL MATERIALS,01FEBNGWP23:FEB NEROLI GWP 2023,0,.01,QAR,204,A,,020426306523
001,020416306524,9828,TOILETRIES,1988,OCC:L'OCCITANE,6749,SET,10HCNLTR22H:HAND CREAM NEW CLASSIC TRIO 2022,47.6,119,QAR,204,A,,020426306524
001,020416306525,9828,TOILETRIES,1988,OCC:L'OCCITANE,6749,SET,10HCBTR22H:HAND CREAM BEST SELLER TRIO 2022,47.6,119,QAR,204,A,,020426306525
001,020416311777,9828,TOILETRIES,1988,OCC:L'OCCITANE,3991,BATH & BODY,15RG500VA20:CIT VER SHOWER GEL REFIL 500ML,50,135,QAR,204,A,,3253581717592
001,020416311778,9850,HAIR CARE,1988,OCC:L'OCCITANE,4627,HAIR & SCALP TREATMENTS,17HI050G20:INFUSED OIL REPAIR 50ML,35.6,110,QAR,204,A,,3253581718438
001,020416311780,9850,HAIR CARE,1988,OCC:L'OCCITANE,6753,SHAMPOO,17RS500FV21:VANDS SHAMPOO REFILL 500ML,47.6,155,QAR,204,A,,3253581735947
001,020416311784,9828,TOILETRIES,1988,OCC:L'OCCITANE,4634,HAND & FOOT CARE,24MA150R22:ROSE HAND CREAM 150ML,55.6,150,QAR,204,A,,3253581760727
001,020416311785,9828,TOILETRIES,1988,OCC:L'OCCITANE,3991,BATH & BODY,49GD035CB21:CHE BLOSSOM B&SHOWER GEL 35ML,6,15,QAR,204,A,,3253581754139
001,020416315303,9815,BEAUTY SET,1988,OCC:L'OCCITANE,3997,BEAUTY SET,29ALMRAM23:ALMOND RAMADAN SET 2023,127.6,330,QAR,204,A,,020426315303
001,020416315312,9815,BEAUTY SET,1988,OCC:L'OCCITANE,3997,BEAUTY SET,24CBRAM23:CHERRY BLOSSOM RAMADAN SET 2023,91.6,229,QAR,204,A,,020426315312
001,020416315313,9815,BEAUTY SET,1988,OCC:L'OCCITANE,3997,BEAUTY SET,15VERAM23:VERBENA RAMADAN SET 2023,91.6,229,QAR,204,A,,020426315313
001,020416315314,9815,BEAUTY SET,1988,OCC:L'OCCITANE,3997,BEAUTY SET,01SBRAM23:SHEA BUTTER RAMADAN SET 2023,115.6,289,QAR,204,A,,020426315314
001,020416315315,9815,BEAUTY SET,1988,OCC:L'OCCITANE,3997,BEAUTY SET,12NORAM23:NEROLI RAMADAN SET 2023,91.6,229,QAR,204,A,,020426315315
001,020416315321,9815,BEAUTY SET,1988,OCC:L'OCCITANE,3997,BEAUTY SET,10RAMCAL23:RAMADAN CALENDAR 2023,139.6,349,QAR,204,A,,020426315321
001,020416315322,9815,BEAUTY SET,1988,OCC:L'OCCITANE,3997,BEAUTY SET,10RAM6CR23:RAMADAN CRACKER 6 STAR 2023,51.6,129,QAR,204,A,,020426315322
001,020416315323,9815,BEAUTY SET,1988,OCC:L'OCCITANE,3997,BEAUTY SET,10RAM8CR23:RAMADAN CRACKER 8 2023,67.6,169,QAR,204,A,,020426315323
001,020416340863,9834,PLV,1988,OCC:L'OCCITANE,6757,SHOPPING BAGS,52RAMPB23:RAMADAN PAPER BAGS 2023,0,.01,QAR,204,A,,020426340863
001,020416340865,9834,PLV,1988,OCC:L'OCCITANE,6977,WRAPPING MATERIALS,52RAMWP23:RAMADAN WRAPPING PAPER 2023,0,.01,QAR,204,A,,020426340865
001,020416342474,9813,FRAGRANCES,1988,OCC:L'OCCITANE,4538,EAU DE TOILETTE,11EDT050H23:HERBAE 23 EDT 50ML,119.6,335,QAR,204,A,,3253581762622
001,020416342476,9828,TOILETRIES,1988,OCC:L'OCCITANE,3991,BATH & BODY,29SC100A23:ALMOND BODY MIST 100ML,67.6,190,QAR,204,A,,3253581765296
001,020416342477,9828,TOILETRIES,1988,OCC:L'OCCITANE,3991,BATH & BODY,29SC050A23:ALMOND BODY MIST 50ML,39.6,115,QAR,204,A,,3253581765302
001,020416342478,9813,FRAGRANCES,1988,OCC:L'OCCITANE,4538,EAU DE TOILETTE,23ET050RR22:ROSE 4 REINES 50ML,116,290,QAR,204,A,,3253581758397
001,020416342479,9813,FRAGRANCES,1988,OCC:L'OCCITANE,4538,EAU DE TOILETTE,23ET050PI22:PIVOINE EDT 50ML,116,290,QAR,204,A,,3253581758380
001,020416342480,9801,SKINCARE,1988,OCC:L'OCCITANE,4344,CLEANSERS,27MC125I23:DIV FOAM CLEANSING CR 125ML,70.2926,175,QAR,204,A,,3253581763124
001,020416342481,9834,PLV,1988,OCC:L'OCCITANE,6977,WRAPPING MATERIALS,52PABAGM23:2023 MDAY PAPER BAG,0,.01,QAR,204,A,,3253581865002
001,020416342482,9834,PLV,1988,OCC:L'OCCITANE,6640,PROMOTIONAL MATERIALS,49CASHM23:2023 MDAY CASHIER OFFER,0,.01,QAR,204,A,,3253581864951
001,020416342483,9834,PLV,1988,OCC:L'OCCITANE,6640,PROMOTIONAL MATERIALS,49BASKM23:2023 MDAY ECO BASKET,0,.01,QAR,204,A,,3253581864920
001,020416342484,9834,PLV,1988,OCC:L'OCCITANE,6640,PROMOTIONAL MATERIALS,49POUM23:2023 MDAY POUCH,0,.01,QAR,204,A,,3253581864890
001,020416342487,9828,TOILETRIES,1988,OCC:L'OCCITANE,4634,HAND & FOOT CARE,24MA075CB21:CHE BLOSSOM HAND CREAM 75ML,39.5707,99,QAR,204,A,,3253581754078
001,020416342488,9828,TOILETRIES,1988,OCC:L'OCCITANE,3991,BATH & BODY,29SA050A22:SAVON GOURMAND AMANDE 50GR,11.9999,30,QAR,204,A,,3253581766446
001,020416342489,9801,SKINCARE,1988,OCC:L'OCCITANE,6744,SERUM,01HV030K23:SHEA F OIL 30ML,78,195,QAR,204,A,,3253581762035
001,020416342490,9801,SKINCARE,1988,OCC:L'OCCITANE,4344,CLEANSERS,27BD060I23:DIVINE CLEANSING BALM 60GR,79.6238,199,QAR,204,A,,3253581763155
001,020416342491,9834,PLV,1988,OCC:L'OCCITANE,6640,PROMOTIONAL MATERIALS,49ICYPOU22:2022 ICONIC Y POUCH,0,.01,QAR,204,A,,3253581860946
001,020416342492,9834,PLV,1988,OCC:L'OCCITANE,6640,PROMOTIONAL MATERIALS,49ICNPOU22:2022 ICONIC N POUCH,0,.01,QAR,204,A,,3253581860960
001,020416342493,9834,PLV,1988,OCC:L'OCCITANE,6640,PROMOTIONAL MATERIALS,49ICBPOU22:2022 ICONIC BL POUCH,0,.01,QAR,204,A,,3253581860953
001,020416342494,9828,TOILETRIES,1988,OCC:L'OCCITANE,3991,BATH & BODY,01CP050K22:SHEA ULTRA RICH BODY CR 50ML,24,60,QAR,204,A,,3253581735367
001,020416371208,9850,HAIR CARE,1988,OCC:L'OCCITANE,6753,SHAMPOO,17SH500FV21:VANDS SHAMPOO 500ML,51.6,175,QAR,204,A,,3253581717363
001,020416371210,9850,HAIR CARE,1988,OCC:L'OCCITANE,3903,AFTER SHAMPOO,17AS250FV21:SANDV CONDITIONER 250ML,35.6,115,QAR,204,A,,3253581717325
001,020416371213,9828,TOILETRIES,1988,OCC:L'OCCITANE,3991,BATH & BODY,15GC200VB21:VER SCRUB 200ML,54,140,QAR,204,A,,3253581718308
001,020416371219,9828,TOILETRIES,1988,OCC:L'OCCITANE,3991,BATH & BODY,11EC200AT23:ARTICHOKE BODY SCRUB 200ML,80.018,199,QAR,204,A,,3253581758953
001,020416371220,9828,TOILETRIES,1988,OCC:L'OCCITANE,3991,BATH & BODY,11CM200AT23:ARTICHOKE BODY CREAM 200ML,113.8743,240,QAR,204,A,,3253581729465
001,020416371221,9850,HAIR CARE,1988,OCC:L'OCCITANE,4627,HAIR & SCALP TREATMENTS,11AT050HL23:HAIR LOSS TREATMENT 50ML,51.6,185,QAR,204,A,,3253581759905
001,020416371222,9828,TOILETRIES,1988,OCC:L'OCCITANE,3991,BATH & BODY,49EC020AT23:ARTICHOKE BODY SCRUB 20ML,11.5999,30,QAR,204,A,,3253581764749
001,020416371223,9828,TOILETRIES,1988,OCC:L'OCCITANE,3991,BATH & BODY,49CM020AT23:ARTICHOKE BODY CREAM 20ML,14.0001,35,QAR,204,A,,3253581764732
001,020416371224,9834,PLV,1988,OCC:L'OCCITANE,6640,PROMOTIONAL MATERIALS,49PEISMS4:SPA BATHROBE S/M,0,.01,QAR,204,A,,3253581862018
001,020416371225,9834,PLV,1988,OCC:L'OCCITANE,6640,PROMOTIONAL MATERIALS,49PEILXS4:SPA BATHROBE L/XL,0,.01,QAR,204,A,,3253581862025
001,020416371226,9834,PLV,1988,OCC:L'OCCITANE,6640,PROMOTIONAL MATERIALS,49GUASHS1:SPA GUASHA STONE,0,.01,QAR,204,A,,3253581862049
001,020416371227,9834,PLV,1988,OCC:L'OCCITANE,6640,PROMOTIONAL MATERIALS,49TAPISS4:SPA MAT,0,.01,QAR,204,A,,3253581862056
001,020416395168,9815,BEAUTY SET,1988,OCC:L'OCCITANE,3997,BEAUTY SET,01SHBNVS23:NOURISHING SHEA COLLECTION 2023,166,415,QAR,204,A,,020426395168
001,020416395169,9834,PLV,1988,OCC:L'OCCITANE,6640,PROMOTIONAL MATERIALS,10RAGHQ23:SITTI GWP HIGH 2023,0,.01,QAR,204,A,,020426395169
001,020416395170,9834,PLV,1988,OCC:L'OCCITANE,6640,PROMOTIONAL MATERIALS,10RAGLQ23:SITTI GWP LOW 2023,0,.01,QAR,204,A,,020426395170
001,020416395171,9834,PLV,1988,OCC:L'OCCITANE,6640,PROMOTIONAL MATERIALS,10CRMGWP23:CRM GWP S1 2023,0,.01,QAR,204,A,,020426395171
001,020416396089,9850,HAIR CARE,1988,OCC:L'OCCITANE,3903,AFTER SHAMPOO,17AS500FV21:VANDS CONDITIONER 500ML,59.6,210,QAR,204,A,,3253581717424
001,020416396090,9828,TOILETRIES,1988,OCC:L'OCCITANE,3991,BATH & BODY,11LC075NO23:NO BODY MILK 75ML,21.2074,55,QAR,204,A,,3253581765005
001,020416396091,9801,SKINCARE,1988,OCC:L'OCCITANE,5647,LIP BALMS/FILLERS/MOISTURISER,11BS020K23:SOLIDARITY BALM 2023 20GR,21,30,QAR,204,A,,3253581764206
001,020416396092,9850,HAIR CARE,1988,OCC:L'OCCITANE,3903,AFTER SHAMPOO,17AS075FV21:VANDS CONDITIONER 75ML,14,45,QAR,204,A,,3253581717417
001,020416396093,9850,HAIR CARE,1988,OCC:L'OCCITANE,6753,SHAMPOO,17SH075FV21:VANDS SHAMPOO 75ML,11.6,37,QAR,204,A,,3253581717356
001,020416400626,9815,BEAUTY SET,1988,OCC:L'OCCITANE,3997,BEAUTY SET,10RAMTRHC23:RAMADAN TRIO HAND CREAM POUCH 2023,47.6,119,QAR,204,A,,020426400626
001,020416402867,9828,TOILETRIES,1988,OCC:L'OCCITANE,3991,BATH & BODY,29EC200A22:ALMOND DELICIOUS PASTE 200ML,79.5968,199,QAR,204,A,,3253581764718
001,020416402870,9828,TOILETRIES,1988,OCC:L'OCCITANE,3991,BATH & BODY,29LC200A22:ALM MILK CONCENTRATE 200ML,108,270,QAR,204,A,,3253581764695
001,020416402874,9850,HAIR CARE,1988,OCC:L'OCCITANE,3903,AFTER SHAMPOO,29ASH240A21:ALMOND CONDITIONER 240ML,30,90,QAR,204,A,,3253581758540
001,020416419057,9828,TOILETRIES,1988,OCC:L'OCCITANE,3991,BATH & BODY,12GD250NO23:NERO ORCH SHOWER GEL 250ML,39.6,99,QAR,204,A,,3253581767900
001,020416419060,9850,HAIR CARE,1988,OCC:L'OCCITANE,4627,HAIR & SCALP TREATMENTS,11CS150P23:EO FRESHN SCALP SCRUB 150ML,43.472,135,QAR,204,A,,3253581764428
001,020416419063,9828,TOILETRIES,1988,OCC:L'OCCITANE,3991,BATH & BODY,10EST500V122:500ML FOREVER BOTTLE V1,8,20,QAR,204,A,,3253581864012
001,020416419068,9828,TOILETRIES,1988,OCC:L'OCCITANE,3991,BATH & BODY,10P500V22:500ML FOREVER PUMP,1.2,3,QAR,204,A,,3253581864050
001,020416419183,9828,TOILETRIES,1988,OCC:L'OCCITANE,4634,HAND & FOOT CARE,49MA010R22:ROSE HAND CREAM 10 ML,5.2,15,QAR,204,A,,3253581760710
001,020416420489,9801,SKINCARE,1988,OCC:L'OCCITANE,4508,DAY CREAMS,27DC050I23:IMMORTELLE DIVINE CREAM 50ML,192,480,QAR,204,A,,3253581763605
001,020416420494,9828,TOILETRIES,1988,OCC:L'OCCITANE,3991,BATH & BODY,24GD075CB22:CB BATH SHOWER GEL 75ML,12,32,QAR,204,A,,3253581766644
001,020416429285,9828,TOILETRIES,1988,OCC:L'OCCITANE,4634,HAND & FOOT CARE,01CMJ075K23:YOUTH HAND CREAM 75ML,64,160,QAR,204,A,,3253581767276
001,020416434213,9834,PLV,1988,OCC:L'OCCITANE,6640,PROMOTIONAL MATERIALS,17LQGWPM23:LOW QUALIFIER GWP MAY 2023,0,.01,QAR,204,A,,020426434213
001,020416434656,9834,PLV,1988,OCC:L'OCCITANE,6640,PROMOTIONAL MATERIALS,17HQGWPM23:HIGH QUALIFIER GWP MAY 2023,0,.01,QAR,204,A,,020426434656
001,020416440776,9828,TOILETRIES,1988,OCC:L'OCCITANE,3991,BATH & BODY,29GE200A22:SHOWER SCRUB 200ML,43.97,110,QAR,204,A,,3253581766439
001,020416440778,9828,TOILETRIES,1988,OCC:L'OCCITANE,3991,BATH & BODY,15LC250LB23:WHITE LAVEN BODY LOTION 250ML,61.9184,155,QAR,204,A,,3253581770092
001,020416440779,9828,TOILETRIES,1988,OCC:L'OCCITANE,3991,BATH & BODY,29RH500A23:ALM ECO REF SHOWER OIL 500ML,70,175,QAR,204,A,,3253581764190
001,020416440780,9828,TOILETRIES,1988,OCC:L'OCCITANE,3991,BATH & BODY,15GD250LB23:WHITE LAVEND SHOWER GEL 250ML,39.0824,99,QAR,204,A,,3253581770078
001,020416440781,9828,TOILETRIES,1988,OCC:L'OCCITANE,4634,HAND & FOOT CARE,49CM010LB23:WHITE LAVEND HAND CREAM 10ML,6.0001,1.04,QAR,204,A,,3253581770139
001,020416440782,9828,TOILETRIES,1988,OCC:L'OCCITANE,3991,BATH & BODY,15GD250VCL23:VB CARROT FLOWER SG 250ML,35.6,99,QAR,204,A,,3253581764060
001,020416440783,9828,TOILETRIES,1988,OCC:L'OCCITANE,3991,BATH & BODY,15LC250VCL23:VB CARROT FLOWER BL 250ML,54,155,QAR,204,A,,3253581764077
001,020416440784,9828,TOILETRIES,1988,OCC:L'OCCITANE,4634,HAND & FOOT CARE,15MA030VCL23:CARROT FLOWER HC VB23 30ML,19.6,49,QAR,204,A,,3253581764084
001,020416440785,9828,TOILETRIES,1988,OCC:L'OCCITANE,4634,HAND & FOOT CARE,15CM030LB23:WHITE LAVEND HAND CREAM 30ML,19.6,49,QAR,204,A,,3253581770122
001,020416440786,9828,TOILETRIES,1988,OCC:L'OCCITANE,3991,BATH & BODY,15GD075LB23:WHITE LAVEND SHOWER GEL 75ML,12,32,QAR,204,A,,3253581770085
001,020416440787,9828,TOILETRIES,1988,OCC:L'OCCITANE,3991,BATH & BODY,15LC075LB23:WHITE LAVEN BODY LOTION 75ML,19.6,55,QAR,204,A,,3253581770108
001,020416440788,9813,FRAGRANCES,1988,OCC:L'OCCITANE,4538,EAU DE TOILETTE,15ET100VCL23:VB CARROT FLOWER EDT 100ML,110,315,QAR,204,A,,3253581764053
001,020416440789,9813,FRAGRANCES,1988,OCC:L'OCCITANE,4538,EAU DE TOILETTE,15EDT050LB23:EDT WHITE LAVENDER 50ML,112.9601,290,QAR,204,A,,3253581770061
001,020416453878,9850,HAIR CARE,1988,OCC:L'OCCITANE,6753,SHAMPOO,17SH060SE21:GENTLE SOLID SHAMPOO 60GR,19.6001,65,QAR,204,A,,3253581721322
001,020416473379,9850,HAIR CARE,1988,OCC:L'OCCITANE,6753,SHAMPOO,98BBSH075VE2:VERBENA SHAMPOO 75ML,14.8001,37,QAR,204,A,,3253581763834
001,020416473383,9850,HAIR CARE,1988,OCC:L'OCCITANE,3903,AFTER SHAMPOO,98BBAS075VE3:VERBENA CONDITIONER 75ML,17.9999,45,QAR,204,A,,3253581763896
001,020416473387,9815,BEAUTY SET,1988,OCC:L'OCCITANE,3997,BEAUTY SET,29ALMSP23:ALMOND SHOWER POUCH 2023,59.6,149,QAR,204,A,,020426473387
001,020416473388,9815,BEAUTY SET,1988,OCC:L'OCCITANE,3997,BEAUTY SET,29ALTRES23:ALMOND TRAVEL ESSENTIALS 2023,43.6,109,QAR,204,A,,020426473388
001,020416473389,9815,BEAUTY SET,1988,OCC:L'OCCITANE,3997,BEAUTY SET,15VETRES23:VERBENA TRAVEL ESSENTIALS 2023,43.6,109,QAR,204,A,,020426473389
001,020416473390,9828,TOILETRIES,1988,OCC:L'OCCITANE,6749,SET,10SUTRP23:SUMMER TRIP HAND CREAM 2023,47.6,119,QAR,204,A,,020426473390
001,020416473391,9834,PLV,1988,OCC:L'OCCITANE,6640,PROMOTIONAL MATERIALS,10SUMGWP2023:SUMMER SMALL GWP 2023,0,.01,QAR,204,A,,020426473391
001,020416473392,9834,PLV,1988,OCC:L'OCCITANE,6640,PROMOTIONAL MATERIALS,10SUMHGWP23:SUMMER BIG GWP 2023,0,.01,QAR,204,A,,020426473392
001,020416473393,9834,PLV,1988,OCC:L'OCCITANE,6640,PROMOTIONAL MATERIALS,10SUHLGWP23:SUMMER LARGE GWP 2023,0,.01,QAR,204,A,,020426473393
001,020416511234,9828,TOILETRIES,1988,OCC:L'OCCITANE,6749,SET,29ALMIRVS23:ALMOND IRRESISTABLE COLLECTION 2023,147.6,380,QAR,204,A,,020426511234
001,020416516963,9813,FRAGRANCES,1988,OCC:L'OCCITANE,4536,EAU DE PARFUM,11EDP050ME22:SWEET CLOVER EDP 50ML,133.7156,335,QAR,204,A,,3253581761175
001,020416516965,9813,FRAGRANCES,1988,OCC:L'OCCITANE,4536,EAU DE PARFUM,11EDP050NE22:MAY BLOSSOM EDP 50ML,132.0923,335,QAR,204,A,,3253581761045
001,020416516968,9828,TOILETRIES,1988,OCC:L'OCCITANE,4634,HAND & FOOT CARE,29MA150A22:ALM CR MAIN A CROQUER 150 ML,59.6153,150,QAR,204,A,,3253581764633
001,020416516969,9828,TOILETRIES,1988,OCC:L'OCCITANE,4634,HAND & FOOT CARE,24MA150CB21:CHE BLOSSOM HAND CREAM 150ML,55.6,150,QAR,204,A,,3253581754061
001,020416516970,9828,TOILETRIES,1988,OCC:L'OCCITANE,4634,HAND & FOOT CARE,11CM030SO23:SOLIDARITY HAND CR 2023 30ML,19.6,49,QAR,204,A,,3253581764213
001,020416516971,9801,SKINCARE,1988,OCC:L'OCCITANE,4508,DAY CREAMS,01NC050I23:IMM SHEA NECK CREAM 50ML,128.0073,325,QAR,204,A,,3253581767740
001,020416516972,9828,TOILETRIES,1988,OCC:L'OCCITANE,3991,BATH & BODY,11LC250BA23:GOLDEN BUTTON BODY LOT 250ML,6.5404,155,QAR,204,A,,3253581765593
001,020416516973,9828,TOILETRIES,1988,OCC:L'OCCITANE,3991,BATH & BODY,11LC250NE22:MAY BLOSSOM BODY LOTION 250ML,4.9091,155,QAR,204,A,,3253581761113
001,020416516974,9828,TOILETRIES,1988,OCC:L'OCCITANE,3991,BATH & BODY,11LC250ME22:SWEET CLOVER BODY LOTION 250ML,54,155,QAR,204,A,,3253581761243
001,020416516975,9801,SKINCARE,1988,OCC:L'OCCITANE,4562,FACE MASK & PEELS & TREATMENTS,38SM026A23:RB SHEET MASK 26GR,19.6,49,QAR,204,A,,3253581764961
001,020416516977,9828,TOILETRIES,1988,OCC:L'OCCITANE,3991,BATH & BODY,11SA050BA23:GOLDEN BUTTON SOAP 50GR,11.6,30,QAR,204,A,,3253581765654
001,020416516978,9828,TOILETRIES,1988,OCC:L'OCCITANE,3991,BATH & BODY,11CDD075NE22:MAY BLOSSOM SHOWER CREAM 75ML,14,32,QAR,204,A,,3253581761106
001,020416516979,9828,TOILETRIES,1988,OCC:L'OCCITANE,3991,BATH & BODY,24GD250CB22:CB BATH SHOWER GEL 250ML,39.6,99,QAR,204,A,,3253581766637
001,020416516980,9828,TOILETRIES,1988,OCC:L'OCCITANE,3991,BATH & BODY,49HD035K23:SHEA SHOWER OIL 35ML,2.6357,1.34,QAR,204,A,,3253581768242
001,020412302895,9834,PLV,1988,OCC:L'OCCITANE,4524,DISPLAY MATERIALS,52SERMMS2:SPA M TOWEL,0,.01,QAR,204,A,,3253581273593
001,020412302912,9843,AMBIENT SCENTS,1988,OCC:L'OCCITANE,4153,CANDLES,24BG190S14:ARLESIENNE CANDLE 140G,63.5999,159,QAR,204,C,,3253581323373
001,020412302915,9801,SKINCARE,1988,OCC:L'OCCITANE,4508,DAY CREAMS,49CP008I14A:IM. PRECIOUS CREAM 8ML,0,.01,QAR,204,A,,3253581311196
001,020412302917,9828,TOILETRIES,1988,OCC:L'OCCITANE,4634,HAND & FOOT CARE,49MV010K14:SHEA VANILLA HAND CR 10ML,5.2001,13,QAR,204,A,,3253581311752
001,020412302921,9834,PLV,1988,OCC:L'OCCITANE,6722,SAMPLES,52CP015I14A:IM SAMP PRECIOUS CR 1.5ML X50,0,0,QAR,204,C,,3253581311035
001,020412302922,9834,PLV,1988,OCC:L'OCCITANE,4524,DISPLAY MATERIALS,52KITGOBJ:120 DISPOSABLE CUPS KIT,0,.01,QAR,204,C,,3253581328620
001,020412302927,9834,PLV,1988,OCC:L'OCCITANE,4524,DISPLAY MATERIALS,52TWIST20:SET OF 20 TWISTERS FOR SIGNAGE,0,.01,QAR,204,C,,3253581325148
001,020412302938,9801,SKINCARE,1988,OCC:L'OCCITANE,4344,CLEANSERS,01HD200K15:SHEA CLEANSING OIL 200ML,43.6,109,QAR,204,C,,3253581327883
001,020412302940,9801,SKINCARE,1988,OCC:L'OCCITANE,4508,DAY CREAMS,49DC008I14:IM DIVINE CREAM 8 ML,0,.01,QAR,204,A,,3253581311141
001,020412302941,9828,TOILETRIES,1988,OCC:L'OCCITANE,3991,BATH & BODY,49GD035R14:ARO RELAX SHOWER GEL 35ML,5.9998,15,QAR,204,A,,3253581311738
001,020412302955,9834,PLV,1988,OCC:L'OCCITANE,6977,WRAPPING MATERIALS,52SAGGM13:LARGE SACHET W/O WINDOW 2013,0,.01,QAR,204,C,,3253581269282
001,020412302993,9834,PLV,1988,OCC:L'OCCITANE,6640,PROMOTIONAL MATERIALS,49BO015R14:ARO BRUME OREILLER RELAX 15ML,6.0001,0,QAR,204,A,,3253581311875
001,020412303029,9828,TOILETRIES,1988,OCC:L'OCCITANE,3991,BATH & BODY,98BBSA025LT1:SHEA BUTTER MILK SOAP 25GR,4.95,15,QAR,204,A,,3253581298817
001,020412303032,9834,PLV,1988,OCC:L'OCCITANE,4524,DISPLAY MATERIALS,52BELL14:GLASS BELL,0,.01,QAR,204,A,,3253581328675
001,020412303034,9834,PLV,1988,OCC:L'OCCITANE,4524,DISPLAY MATERIALS,52PPBHOME:HOME SMALL BALMS HOLDER,0,.01,QAR,204,A,,3253581303337
001,020412331650,9801,SKINCARE,1988,OCC:L'OCCITANE,5647,LIP BALMS/FILLERS/MOISTURISER,01BR012K14:SHEA ROSE LIP BALM 12ML,19.6,49,QAR,204,A,,3253581318294
001,020412331651,9801,SKINCARE,1988,OCC:L'OCCITANE,5647,LIP BALMS/FILLERS/MOISTURISER,01BV012K14:SHEA VANILLA LIP BALM 12ML,19.6,49,QAR,204,A,,3253581318324
001,020412331653,9828,TOILETRIES,1988,OCC:L'OCCITANE,4634,HAND & FOOT CARE,01MC030K14:SHEA LIME HAND CREAM 30ML,19.6,49,QAR,204,A,,3253581318317
001,020412331654,9828,TOILETRIES,1988,OCC:L'OCCITANE,4634,HAND & FOOT CARE,01MV030K14:SHEA VANILLA HAND CREAM 30ML,19.6,49,QAR,204,A,,3253581318300
001,020412331657,9828,TOILETRIES,1988,OCC:L'OCCITANE,4634,HAND & FOOT CARE,15MA075VB4:VERBENA HAND CREAM 75ML,38,99,QAR,204,A,,3253581306239
001,020412331658,9828,TOILETRIES,1988,OCC:L'OCCITANE,6754,SHAVING,20GR150H14:CADE SHAVING GEL 150ML,38,95,QAR,204,C,,3253581305973
001,020412331660,9843,AMBIENT SCENTS,1988,OCC:L'OCCITANE,6732,SCENTED ACCENTS,26FAG15BA4:BOUQUET OF 15 STICKS,3.6,9,QAR,204,C,,3253581332078
001,020412331662,9801,SKINCARE,1988,OCC:L'OCCITANE,6749,SET,27DCU28I15:IM. PROGRAMME DIVIN 28 X 1ML,223.5941,559,QAR,204,A,,3253581321829
001,020412331668,9828,TOILETRIES,1988,OCC:L'OCCITANE,4634,HAND & FOOT CARE,49MR010K14:SHEA ROSE HAND CR 10ML,5.2001,15,QAR,204,A,,3253581318331
001,020412332786,9812,GWP,1988,OCC:L'OCCITANE,4624,GWP,98BBPOUGEN13:B2B GENERIC POUCH,0,.01,QAR,204,A,,3253581293935
001,020412350873,9828,TOILETRIES,1988,OCC:L'OCCITANE,4634,HAND & FOOT CARE,01RL500K14:SHEA LAV LIQ SOAP EC REF 500ML,26,85,QAR,204,C,,3253581318249
001,020412350879,9813,FRAGRANCES,1988,OCC:L'OCCITANE,4538,EAU DE TOILETTE,20ET100CD15:CEDRAT EDT 100ML,107.59,275,QAR,204,A,,3253581329009
001,020412350890,9834,PLV,1988,OCC:L'OCCITANE,6722,SAMPLES,52CL0015K15:SHEA LIG FACE CR SAMP 15ML 50,0,0,QAR,204,C,,3253581327951
001,020412350891,9834,PLV,1988,OCC:L'OCCITANE,6722,SAMPLES,52CV0015K15:SHEA UR FACE CR SAMP 15ML 50,0,0,QAR,204,C,,3253581327968
001,020412350892,9834,PLV,1988,OCC:L'OCCITANE,6622,PRINTED MATERIALS,52EQTEST14:10 BOARDS x 60 TESTER STICKERS,0,.01,QAR,204,A,,3253581342350
001,020412363102,9801,SKINCARE,1988,OCC:L'OCCITANE,4344,CLEANSERS,01ED200K15:SHEA CLEANSING WATER 200ML,39.59,99,QAR,204,A,,3253581327869
001,020412363103,9801,SKINCARE,1988,OCC:L'OCCITANE,4508,DAY CREAMS,01CV050K15:SHEA UR FACE CREAM 50ML,63.6,175,QAR,204,A,,3253581327845
001,020412363104,9801,SKINCARE,1988,OCC:L'OCCITANE,5647,LIP BALMS/FILLERS/MOISTURISER,01BL012K15:SHEA UR LIP BALM ORG 12ML,22,55,QAR,204,A,,3253581327890
001,020412363106,9801,SKINCARE,1988,OCC:L'OCCITANE,4344,CLEANSERS,49HD030K15:SHEA CLEANSING OIL 30ML,7.2,19,QAR,204,A,,3253581327807
001,020412363107,9801,SKINCARE,1988,OCC:L'OCCITANE,4344,CLEANSERS,49ED030K15:SHEA CLEANSING WATER 30ML,0,19,QAR,204,A,,3253581327814
001,020412383387,9834,PLV,1988,OCC:L'OCCITANE,6622,PRINTED MATERIALS,CUSTCARD14:CUSTOMER CARD 2014 50,.9421,1.9,QAR,204,A,,020422383387
001,020412427887,9828,TOILETRIES,1988,OCC:L'OCCITANE,3991,BATH & BODY,20GD075O15:OCCITAN SHOWER GEL 75ML,11.6,29,QAR,204,A,,3253581344941
001,020412427888,9801,SKINCARE,1988,OCC:L'OCCITANE,5647,LIP BALMS/FILLERS/MOISTURISER,24BL012CB5:CHE BLOSSOM LIP BALM 12ML,19.6,49,QAR,204,A,,3253581321645
001,020412427896,9828,TOILETRIES,1988,OCC:L'OCCITANE,3991,BATH & BODY,29SA050A14:ALM DELICIOUS SOAP RSPO SG 50G,11.6001,29,QAR,204,A,,3253581306994
001,020412427901,9801,SKINCARE,1988,OCC:L'OCCITANE,6744,SERUM,49HD030I15:IM CLEANSING OIL 30ML,11.6,29,QAR,204,A,,3253581329801
001,020412437753,9801,SKINCARE,1988,OCC:L'OCCITANE,6929,TONERS,27DL200I13US:IM DIVINE LOTION 200ML,99.6,249,QAR,204,C,,3253581290521
001,020412437754,9801,SKINCARE,1988,OCC:L'OCCITANE,4552,EYE CREAMS,27DE015I13US:IM DIVINE EYE 15ML,130,325,QAR,204,A,,3253581290545
001,020412437755,9801,SKINCARE,1988,OCC:L'OCCITANE,4508,DAY CREAMS,27DC050I13US:DIVINE CREAM 50ML,197.99,495,QAR,204,A,,3253581290514
001,020412452720,9828,TOILETRIES,1988,OCC:L'OCCITANE,3991,BATH & BODY,01LC075K15:SHB UR BODY LOTION 75ML,22.0001,55,QAR,204,A,,3253581343593
001,020412452728,9828,TOILETRIES,1988,OCC:L'OCCITANE,4634,HAND & FOOT CARE,12MA030NO:NEROLI ORCHID HAND CREAM 30ML,19.6,49,QAR,204,A,,3253581330401
001,020412452730,9843,AMBIENT SCENTS,1988,OCC:L'OCCITANE,4153,CANDLES,15BG100VB14:VERBENA CANDLE 100G,50,125,QAR,204,C,,3253581347034
001,020412452731,9828,TOILETRIES,1988,OCC:L'OCCITANE,3991,BATH & BODY,15LC250L14:LAVENDER BODY LOTION 250 ML,60.196,155,QAR,204,A,,3253581308103
001,020412452733,9828,TOILETRIES,1988,OCC:L'OCCITANE,6754,SHAVING,20AR030CD15:CEDRAT AFTER SHAVE 30ML,26,65,QAR,204,A,,3253581329955
001,020412452734,9828,TOILETRIES,1988,OCC:L'OCCITANE,6754,SHAVING,20AR075CD15:CEDRAT AFTER SHAVE 75ML,63.6,159,QAR,204,A,,3253581329962
001,020412452737,9801,SKINCARE,1988,OCC:L'OCCITANE,4344,CLEANSERS,20GH050CD15:CEDRAT GLOBAL FACE GEL 50ML,70,175,QAR,204,C,,3253581329948
001,020412452738,9828,TOILETRIES,1988,OCC:L'OCCITANE,3991,BATH & BODY,20SA100CD15:CEDRAT SOAP RSPO 100G,11.6,35,QAR,204,A,,3253581332054
001,020412452739,9828,TOILETRIES,1988,OCC:L'OCCITANE,3991,BATH & BODY,24GD075CB5:CH BLOSSOM SHOWER GEL 75ML,13.9995,32,QAR,204,A,,3253581345177
001,020412463508,9850,HAIR CARE,1988,OCC:L'OCCITANE,4627,HAIR & SCALP TREATMENTS,17SE125D15:ARO FORCE SCALP ESSENCE 125ML,55.6,135,QAR,204,A,,3253581335604
001,020412463510,9850,HAIR CARE,1988,OCC:L'OCCITANE,6753,SHAMPOO,17SH300D15:ARO FORCE SHAMPOO 300ML,46,115,QAR,204,A,,3253581334980
001,020412463511,9801,SKINCARE,1988,OCC:L'OCCITANE,4344,CLEANSERS,20NV150CD15:CEDRAT FACE CLEANSER 150ML,39.6,99,QAR,204,C,,3253581329016
001,020412463512,9828,TOILETRIES,1988,OCC:L'OCCITANE,3991,BATH & BODY,29EC200A13:ALM DELICIOUS PASTE 200ML,78,199,QAR,204,A,,3253581287262
001,020412463515,9828,TOILETRIES,1988,OCC:L'OCCITANE,3991,BATH & BODY,49LC020A15:ALM MILK CONCENTRATE 20ML,6.86,30,QAR,204,A,,3253581333594
001,020412463518,9834,PLV,1988,OCC:L'OCCITANE,6722,SAMPLES,52CP0015P15:PEO SP PERFECT CREAM 1.5ML 50,0,0,QAR,204,C,,3253581344019
001,020412463521,9834,PLV,1988,OCC:L'OCCITANE,6722,SAMPLES,52SP001P15:PEO SP PERFECT SERUM 1ML 50,0,0,QAR,204,C,,3253581344026
001,020412472957,9828,TOILETRIES,1988,OCC:L'OCCITANE,3991,BATH & BODY,17SB100D15:ARO REBALAN INFUSIO BATH 5X20G,50,125,QAR,204,C,,3253581358733
001,020412472958,9828,TOILETRIES,1988,OCC:L'OCCITANE,6754,SHAVING,20GR150CD15:CEDRAT SHAVING GEL 150ML,38,95,QAR,204,C,,3253581328996
001,020412472960,9828,TOILETRIES,1988,OCC:L'OCCITANE,3991,BATH & BODY,24GD075P15:PIVOINE FLORA SHOWER GEL 75ML,11.6,35,QAR,204,A,,3253581337035
001,020412472961,9828,TOILETRIES,1988,OCC:L'OCCITANE,3991,BATH & BODY,24GD250P15:PIVOINE FLORA SHOWER GEL 250ML,38,95,QAR,204,C,,3253581337073
001,020412472963,9828,TOILETRIES,1988,OCC:L'OCCITANE,3991,BATH & BODY,24LC075CB5:CH BLOSSOM BODY MILK 75ML,19.6,55,QAR,204,A,,3253581345184
001,020412472965,9828,TOILETRIES,1988,OCC:L'OCCITANE,3991,BATH & BODY,24LC075R15:75ML ROSES ET REINES BODY MILK,19.6,49,QAR,204,C,,3253581344835
001,020412472966,9828,TOILETRIES,1988,OCC:L'OCCITANE,4634,HAND & FOOT CARE,24MA030P15:PIVOINE FLORA HAND CREAM 30ML,19.5999,49,QAR,204,A,,3253581337059
001,020412472973,9801,SKINCARE,1988,OCC:L'OCCITANE,4508,DAY CREAMS,49CP008P15:PEO GWP PERFECTING CREAM 8ML,15.5998,39,QAR,204,A,,3253581343999
001,020412472974,9813,FRAGRANCES,1988,OCC:L'OCCITANE,4538,EAU DE TOILETTE,49ET005P15:PIVOINE FLORA MINI EDT 5ML,13.2001,35,QAR,204,A,,3253581342855
001,020412472977,9828,TOILETRIES,1988,OCC:L'OCCITANE,4634,HAND & FOOT CARE,49MA010P15:PIVOINE FLORA HAND CREAM 10ML,6.0001,15,QAR,204,A,,3253581342848
001,020415564190,9834,PLV,1988,OCC:L'OCCITANE,6977,WRAPPING MATERIALS,52SMBBNO21:2021 HOLIDAY SMALL BOX 1,0,.01,QAR,204,A,,3253581859124
001,020415564191,9834,PLV,1988,OCC:L'OCCITANE,6977,WRAPPING MATERIALS,52SMBPNO21:2021 HOLIDAY SMALL BOX 2,0,.01,QAR,204,A,,3253581859131
001,020415564192,9834,PLV,1988,OCC:L'OCCITANE,6977,WRAPPING MATERIALS,52STINO21:2021 HOLIDAY STICKER X300,0,.01,QAR,204,A,,3253581859452
001,020415564193,9834,PLV,1988,OCC:L'OCCITANE,6977,WRAPPING MATERIALS,52WRAPNO21:2021 HOLIDAY WRAPPING PAPER,0,.01,QAR,204,A,,3253581859469
001,020415564194,9834,PLV,1988,OCC:L'OCCITANE,4524,DISPLAY MATERIALS,54VMHOLIDAY21:VM KIT HOLIDAY 2021,0,.01,QAR,204,A,,3253581860656
001,020415564195,9850,HAIR CARE,1988,OCC:L'OCCITANE,3903,AFTER SHAMPOO,98BBAS035VA0:CITRUS VERB CONDITIONER 35ML,1.2968,15,QAR,204,A,,3253581663509
001,020415564199,9828,TOILETRIES,1988,OCC:L'OCCITANE,3991,BATH & BODY,98BBHD075A2:ALMOND SHOWER OIL 75ML,15.6001,39,QAR,204,A,,3253581657645
001,020415564202,9828,TOILETRIES,1988,OCC:L'OCCITANE,3991,BATH & BODY,98BBSA025LT2:SHEA MILK SOAP 25GR RSPO MB,4,15,QAR,204,A,,3253581717714
001,020415564203,9828,TOILETRIES,1988,OCC:L'OCCITANE,3991,BATH & BODY,98BBSA025VE3:VERBENA SOAP 25GR RSPO MB,6,15,QAR,204,A,,3253581717745
001,020415564205,9850,HAIR CARE,1988,OCC:L'OCCITANE,6753,SHAMPOO,98BBSH035VA0:CITRUS VERB SHAMPOO 35ML,1.2968,15,QAR,204,A,,3253581663516
001,020415564338,9815,BEAUTY SET,1988,OCC:L'OCCITANE,3997,BEAUTY SET,29ALMIVS221:IRRESISTABLE ALMOND COLLECTION 2021 V2,159.6,399,QAR,204,A,,020425564338
001,020415583951,9828,TOILETRIES,1988,OCC:L'OCCITANE,6749,SET,10HC6SET21H:HAND CREAM SEASON SET 2021,95.6,239,QAR,204,A,,020425583951
001,020415583956,9828,TOILETRIES,1988,OCC:L'OCCITANE,6749,SET,10HCSTR21H:HAND CREAM SEASON TRIO 2021,47.6,119,QAR,204,A,,020425583956
001,020415583959,9850,HAIR CARE,1988,OCC:L'OCCITANE,6749,SET,17HCKTO21:HAIRCARE ORNAMENT SEASON 2021,27.6,69,QAR,204,A,,020425583959
001,020415583976,9815,BEAUTY SET,1988,OCC:L'OCCITANE,3997,BEAUTY SET,01HSSBS2321:SHEA BUTTER CLASSIC SEASON'S SET 2021,135.6,339,QAR,204,A,,020425583976
001,020415583977,9815,BEAUTY SET,1988,OCC:L'OCCITANE,3997,BEAUTY SET,01HSSBS221:SHEA BUTTER GREEN SEASON'S SET 2021,106,265,QAR,204,A,,020425583977
001,020415583978,9801,SKINCARE,1988,OCC:L'OCCITANE,6749,SET,10DIVFCS21:DIVINE FOAMING CLEANSER KIT 2021,271.6,679,QAR,204,A,,020425583978
001,020415584028,9801,SKINCARE,1988,OCC:L'OCCITANE,6749,SET,10PREFCS21:PRECIOUS FOAMING CLEANSER KIT 2021,219.6,549,QAR,204,A,,020425584028
001,020415584074,9801,SKINCARE,1988,OCC:L'OCCITANE,6749,SET,10AQUFCS21:AQUA REOTIER FOAMING CLEANSER KIT 2021,175.6,439,QAR,204,A,,020425584074
001,020415584075,9801,SKINCARE,1988,OCC:L'OCCITANE,6749,SET,10DIVFGS21:DIVINE FOAMING GEL KIT 2021,271.6,679,QAR,204,A,,020425584075
001,020415584076,9801,SKINCARE,1988,OCC:L'OCCITANE,6749,SET,10PREFGS21:PRECIOUS FOAMING GEL KIT 2021,219.6,549,QAR,204,A,,020425584076
001,020415584077,9801,SKINCARE,1988,OCC:L'OCCITANE,6749,SET,10SHBFGS21:SHEA BUTTER FOAMING GEL KIT 2021,175.6,439,QAR,204,A,,020425584077
001,020415584078,9801,SKINCARE,1988,OCC:L'OCCITANE,6749,SET,10AQUFGS21:AQUA REOTIER FOAMING GEL KIT 2021,175.6,439,QAR,204,A,,020425584078
001,020415584079,9815,BEAUTY SET,1988,OCC:L'OCCITANE,3997,BEAUTY SET,01CSRBOX21:L'OCCITANE COMMITMENTS BOX 2021,39.6,99,QAR,204,A,,020425584079
001,020415584080,9815,BEAUTY SET,1988,OCC:L'OCCITANE,3997,BEAUTY SET,20FOUSET21:BOIS FLOTTE PREMIUM KIT,139.6,349,QAR,204,A,,020425584080
001,020415584081,9801,SKINCARE,1988,OCC:L'OCCITANE,6749,SET,10SHBFCS21:SHEA BUTTER FOAMING CLEANSER KIT 2021,175.6,439,QAR,204,A,,020425584081
001,020415584393,9801,SKINCARE,1988,OCC:L'OCCITANE,5647,LIP BALMS/FILLERS/MOISTURISER,01BL012C21H:SHEA JP SCENT LIP BALM 12ML,21.9999,55,QAR,204,A,,3253581750537
001,020415584395,9828,TOILETRIES,1988,OCC:L'OCCITANE,4634,HAND & FOOT CARE,01MA030C21H:SHEA JP SCENT HAND CREAM 30ML,19.6,49,QAR,204,A,,3253581750506
001,020415584397,9834,PLV,1988,OCC:L'OCCITANE,6640,PROMOTIONAL MATERIALS,49CHALM21:2021 HOLIDAY ALMOND ORNAMENT,0,.01,QAR,204,A,,3253581859889
001,020415584402,9834,PLV,1988,OCC:L'OCCITANE,6977,WRAPPING MATERIALS,52CARDNO21:2021 HOLIDAY CARDS X50,0,.01,QAR,204,A,,3253581859315
001,020415584403,9834,PLV,1988,OCC:L'OCCITANE,6977,WRAPPING MATERIALS,52HK2NO21:2021 HOLIDAY HUGS & KISSES 2,0,.01,QAR,204,A,,3253581860311
001,020415584406,9834,PLV,1988,OCC:L'OCCITANE,6757,SHOPPING BAGS,52MMBANO21:2021 HOLIDAY MEDIUM BAG,0,.01,QAR,204,A,,3253581859254
001,020415584407,9834,PLV,1988,OCC:L'OCCITANE,6977,WRAPPING MATERIALS,52MMSANO21:2021 HOLIDAY MEDIUM SACHET,0,.01,QAR,204,A,,3253581859377
001,020415584408,9834,PLV,1988,OCC:L'OCCITANE,6977,WRAPPING MATERIALS,52RSTBOMINO21:2021 HOLIDAY RESET BOX,0,.01,QAR,204,A,,3253581859605
001,020415584410,9834,PLV,1988,OCC:L'OCCITANE,6977,WRAPPING MATERIALS,52TFRNO21:2021 HOLIDAY MINIATURE KIT,0,.01,QAR,204,A,,3253581859520
001,020415584411,9834,PLV,1988,OCC:L'OCCITANE,6640,PROMOTIONAL MATERIALS,49PMENNO21:2021 HOLIDAY MEN POUCH,0,.01,QAR,204,A,,3253581860045
001,020415584413,9813,FRAGRANCES,1988,OCC:L'OCCITANE,4538,EAU DE TOILETTE,49EP005H20:HERBAE L'EAU EDT 5ML,15.6001,39,QAR,204,A,,3253581687345
001,020415584512,9834,PLV,1988,OCC:L'OCCITANE,6640,PROMOTIONAL MATERIALS,49CHCHB21:2021 HOLIDAY CHERRY ORNAMENT,0,.01,QAR,204,A,,3253581859872
001,020415584514,9834,PLV,1988,OCC:L'OCCITANE,6640,PROMOTIONAL MATERIALS,49ETVER21:2021 HOLIDAY VERBENA ORNAMENT,0,.01,QAR,204,A,,3253581859858
001,020415584515,9834,PLV,1988,OCC:L'OCCITANE,6640,PROMOTIONAL MATERIALS,49NYBOXNO21:2021 HOLIDAY NEW YEAR BOX,0,.01,QAR,204,A,,3253581859612
001,020415584516,9834,PLV,1988,OCC:L'OCCITANE,6640,PROMOTIONAL MATERIALS,49PADNO21:2021 HOLIDAY COTTON PAD,7.6,20,QAR,204,A,,3253581860243
001,020415584517,9834,PLV,1988,OCC:L'OCCITANE,6977,WRAPPING MATERIALS,52HKNO21:2021 HOLIDAY HUGS & KISSES,0,.01,QAR,204,A,,3253581860304
001,020415584518,9834,PLV,1988,OCC:L'OCCITANE,6977,WRAPPING MATERIALS,52LASANO21:2021 HOLIDAY LARGE SACHET,0,.01,QAR,204,A,,3253581859360
001,020415584519,9834,PLV,1988,OCC:L'OCCITANE,6977,WRAPPING MATERIALS,52SMSANO21:2021 HOLIDAY SMALL SACHET,0,.01,QAR,204,A,,3253581859384
001,020415585711,9828,TOILETRIES,1988,OCC:L'OCCITANE,3991,BATH & BODY,01PR100R21:LITTLE REMEDY 100GR,75.6,199,QAR,204,A,,3253581762110
001,020415585715,9828,TOILETRIES,1988,OCC:L'OCCITANE,3991,BATH & BODY,98BBSA050LT2:SHEA MILK SOAP 50GR RSPO MB,1.4481,15,QAR,204,A,,3253581717752
001,020415585717,9834,PLV,1988,OCC:L'OCCITANE,4524,DISPLAY MATERIALS,52BEDRUS1:SPA BED RUNNER,0,0,QAR,204,A,,3253581754399
001,020415585719,9834,PLV,1988,OCC:L'OCCITANE,6640,PROMOTIONAL MATERIALS,49DISC1NO21:2021 HOLIDAY DISCOVERY POUCH 1,5.045,2.38,QAR,204,A,,3253581860175
001,020415585720,9834,PLV,1988,OCC:L'OCCITANE,6640,PROMOTIONAL MATERIALS,49DISC2NO21:2021 HOLIDAY DISCOVERY POUCH 2,5.045,2.38,QAR,204,A,,3253581860182
001,020415585721,9834,PLV,1988,OCC:L'OCCITANE,6640,PROMOTIONAL MATERIALS,49DISC3NO21:2021 HOLIDAY DISCOVERY POUCH 3,5.045,2.38,QAR,204,A,,3253581860199
001,020415585722,9834,PLV,1988,OCC:L'OCCITANE,6977,WRAPPING MATERIALS,52RIB1NO21:2021 HOLIDAY RIBBON 1,0,.01,QAR,204,A,,3253581859292
001,020415590634,9834,PLV,1988,OCC:L'OCCITANE,6977,WRAPPING MATERIALS,80HOMBOX21:HOME COLLECTION BOX 2021,.0098,.02,QAR,204,A,,020425590634
001,020415590636,9834,PLV,1988,OCC:L'OCCITANE,6977,WRAPPING MATERIALS,80HCDUOBOX21:HAND CARE DUO BOX 2021,.0098,.02,QAR,204,A,,020425590636
001,020415590637,9834,PLV,1988,OCC:L'OCCITANE,6977,WRAPPING MATERIALS,80REDUOBOX21:REFILL BOX 2021,.0098,.02,QAR,204,A,,020425590637
001,020415590638,9834,PLV,1988,OCC:L'OCCITANE,6977,WRAPPING MATERIALS,80ALMBOX321:ALMOND BOX DESIGN 3 2021,.0098,.02,QAR,204,A,,020425590638
001,020415590639,9834,PLV,1988,OCC:L'OCCITANE,6977,WRAPPING MATERIALS,80LSESTICK21:SETS STICKERS 2021,.0098,.02,QAR,204,A,,020425590639
001,020415591313,9815,BEAUTY SET,1988,OCC:L'OCCITANE,3997,BEAUTY SET,01HSSBS121:SHEA BUTTER JASMIN SESON'S SET 2021,78,195,QAR,204,A,,020425591313
001,020415591314,9815,BEAUTY SET,1988,OCC:L'OCCITANE,3997,BEAUTY SET,10NDBSKT21:NATIONAL DAY BEST SELLERS SET 21,94,235,QAR,204,A,,020425591314
001,020415591315,9815,BEAUTY SET,1988,OCC:L'OCCITANE,3997,BEAUTY SET,01HNDUO21H:NEROLI HAND CARE DUO H2021,35.6,89,QAR,204,A,,020425591315
001,020415591316,9815,BEAUTY SET,1988,OCC:L'OCCITANE,3997,BEAUTY SET,01HCDUO21H:SHEA HAND CARE DUO H2021,35.6,89,QAR,204,A,,020425591316
001,020415591317,9815,BEAUTY SET,1988,OCC:L'OCCITANE,3997,BEAUTY SET,01HADUO21H:ALMOND HAND CARE DUO H2021,35.6,89,QAR,204,A,,020425591317
001,020415591318,9815,BEAUTY SET,1988,OCC:L'OCCITANE,3997,BEAUTY SET,01HPDUO21H:SHEA & PETIT DUO H2021,35.6,89,QAR,204,A,,020425591318
001,020415591319,9815,BEAUTY SET,1988,OCC:L'OCCITANE,3997,BEAUTY SET,10SDAYO121H:SINGLE'S DAY OFFER V1 2021,44.4,111,QAR,204,A,,020425591319
001,020415591320,9815,BEAUTY SET,1988,OCC:L'OCCITANE,3997,BEAUTY SET,10SDAYO221H:SINGLE'S DAY OFFER V2 2021,44.4,111,QAR,204,A,,020425591320
001,020415591321,9815,BEAUTY SET,1988,OCC:L'OCCITANE,3997,BEAUTY SET,10BOPSET21H:BEST SELLER SEASON'S SET 2021,39.6,99,QAR,204,A,,020425591321
001,020415591322,9815,BEAUTY SET,1988,OCC:L'OCCITANE,3997,BEAUTY SET,10HSSET21H:HOME SEASON SET 2021,59.6,149,QAR,204,A,,020425591322
001,020415591323,9815,BEAUTY SET,1988,OCC:L'OCCITANE,3997,BEAUTY SET,12NERISET21:NEROLI INTENSE COLLECTION 2021,178,445,QAR,204,A,,020425591323
001,020415591324,9815,BEAUTY SET,1988,OCC:L'OCCITANE,3997,BEAUTY SET,24ROSJSET21:ROSE JASMIN COLLECTION 2021,175.6,439,QAR,204,A,,020425591324
001,020415591345,9813,FRAGRANCES,1988,OCC:L'OCCITANE,6749,SET,10FRTRI21H:FRAGRANCE SEASON TRIO 2021,39.6,99,QAR,204,A,,020425591345
001,020415591346,9834,PLV,1988,OCC:L'OCCITANE,6640,PROMOTIONAL MATERIALS,10NOVGWP21:NOVEMBER 2021 GWP,0,.01,QAR,204,A,,020425591346
001,020415591347,9834,PLV,1988,OCC:L'OCCITANE,6640,PROMOTIONAL MATERIALS,10DECGWP21:DECEMBER 2021 GWP,0,.01,QAR,204,A,,020425591347
001,020415591349,9801,SKINCARE,1988,OCC:L'OCCITANE,6749,SET,27FCQUA21H:FACE CARE SEASON SET 2021,119.6,299,QAR,204,A,,020425591349
001,020417424754,9828,TOILETRIES,1988,OCC:L'OCCITANE,3991,BATH & BODY,01LC075MI25H:SHEA MIDDAY RBODY LOTION 75ML,22,55,QAR,204,A,,3253581783771
001,020417424755,9828,TOILETRIES,1988,OCC:L'OCCITANE,3991,BATH & BODY,01LC240MI25H:SHEA MIDDAY RBODY LOTION 240ML,64,160,QAR,204,A,,3253581783764
001,020417424756,9828,TOILETRIES,1988,OCC:L'OCCITANE,4634,HAND & FOOT CARE,01MA150MI25H:SHEA MIDDAY HAND CR 150ML,60,150,QAR,204,A,,3253581783702
001,020417424757,9828,TOILETRIES,1988,OCC:L'OCCITANE,3991,BATH & BODY,11GD250MER25:SWEET CLOVER SHOWER GEL 250ML,39.6,99,QAR,204,A,,3253581782996
001,020417424758,9828,TOILETRIES,1988,OCC:L'OCCITANE,3991,BATH & BODY,11LC250GYR25:WISTERIA BODY LOTION 250ML,62,155,QAR,204,A,,3253581783085
001,020417424759,9828,TOILETRIES,1988,OCC:L'OCCITANE,3991,BATH & BODY,11LC250MER25:SWEET CLOVER BODY LOTION 250ML,62,155,QAR,204,A,,3253581783009
001,020417424760,9828,TOILETRIES,1988,OCC:L'OCCITANE,4512,DEODORANTS & ANTIPERSPIRANTS,20DO050OR25:L OCCITAN DEO ROLL ON 50ML,39.6,99,QAR,204,A,,3253581782781
001,020417424761,9813,FRAGRANCES,1988,OCC:L'OCCITANE,4538,EAU DE TOILETTE,20ET050BXR25:BAUX EDT 50ML,116,290,QAR,204,A,,3253581784693
001,020417424762,9813,FRAGRANCES,1988,OCC:L'OCCITANE,4538,EAU DE TOILETTE,23ET050RRR25:ROSE 4 REINES 50ML,116,290,QAR,204,A,,3253581782859
001,020417424763,9828,TOILETRIES,1988,OCC:L'OCCITANE,3991,BATH & BODY,24CC125MO25H:PEONY MORNIN BODY CREAM 125ML,64,160,QAR,204,A,,3253581783474
001,020417424764,9813,FRAGRANCES,1988,OCC:L'OCCITANE,4538,EAU DE TOILETTE,24ET050MO25H:PEONY MORNING EDT 50ML,126,315,QAR,204,A,,3253581783511
001,020417424765,9813,FRAGRANCES,1988,OCC:L'OCCITANE,4538,EAU DE TOILETTE,29ET050NI25H:ALMOND NIGHT EDT 50ML,126,315,QAR,204,A,,3253581783597
001,020417424766,9828,TOILETRIES,1988,OCC:L'OCCITANE,3991,BATH & BODY,29HD075NI25H:ALMD SHOWER OIL NIGHT 75ML,17.2,43,QAR,204,A,,3253581783627
001,020417424767,9828,TOILETRIES,1988,OCC:L'OCCITANE,4634,HAND & FOOT CARE,29MA150NI25H:ALMD NIGHT HAND CR 150ML,60,150,QAR,204,A,,3253581783566
001,020417424768,9813,FRAGRANCES,1988,OCC:L'OCCITANE,4538,EAU DE TOILETTE,49ET007CBR25:CHE BLOSSOM EDT 7 5ML,16.0001,40,QAR,204,A,,3253581781807
001,020417424769,9813,FRAGRANCES,1988,OCC:L'OCCITANE,4538,EAU DE TOILETTE,49ET007NOR25:NERO ORCHI EDT 7 5ML,16.0001,40,QAR,204,A,,3253581783412
001,020417424770,9813,FRAGRANCES,1988,OCC:L'OCCITANE,4538,EAU DE TOILETTE,49ET007RR25:ROSE EDT 7 5ML,16.0001,40,QAR,204,A,,3253581782224
001,020417424772,9834,PLV,1988,OCC:L'OCCITANE,6977,WRAPPING MATERIALS,52CARDNO25:2025 HOLIDAY CARDS X 100,0,0,QAR,204,A,,3253581873298
001,020417424773,9834,PLV,1988,OCC:L'OCCITANE,6977,WRAPPING MATERIALS,52GIFNO25:2025 HOLIDAY GIFT TAG X 100,0,.01,QAR,204,A,,3253581873359
001,020417424774,9834,PLV,1988,OCC:L'OCCITANE,6977,WRAPPING MATERIALS,52HKNO25:2025 HOLIDAY HUGS KISSES,0,.38,QAR,204,A,,3253581873113
001,020417424775,9834,PLV,1988,OCC:L'OCCITANE,6977,WRAPPING MATERIALS,52LGEBAG25:LARGE GENERIC BAG,0,.01,QAR,204,A,,3253581872741
001,020417424776,9834,PLV,1988,OCC:L'OCCITANE,6977,WRAPPING MATERIALS,52LSHWNO25:2025 HOLIDAY REFILLABLE DUO,0,.01,QAR,204,A,,3253581873120
001,020417424777,9834,PLV,1988,OCC:L'OCCITANE,6977,WRAPPING MATERIALS,52MIBONO25:2025 HOLIDAY MINI BOX,0,.01,QAR,204,A,,3253581873304
001,020417424778,9834,PLV,1988,OCC:L'OCCITANE,6977,WRAPPING MATERIALS,52MIGEBAG25:MINI GENERIC BAG,0,.01,QAR,204,A,,3253581872772
001,020417424779,9834,PLV,1988,OCC:L'OCCITANE,6977,WRAPPING MATERIALS,52MMBYNO25F:2025 HOLIDAY MEDIUM BOX YF,0,.01,QAR,204,A,,3253581873373
001,020417424780,9834,PLV,1988,OCC:L'OCCITANE,6977,WRAPPING MATERIALS,52MMSANO25:2025 HOLIDAY MEDIUM SACHET,0,.01,QAR,204,A,,3253581873380
001,020417424781,9834,PLV,1988,OCC:L'OCCITANE,6977,WRAPPING MATERIALS,52QUATC25:2025 HOLIDAY QUATUOR TR COLLEC,0,.01,QAR,204,A,,3253581873137
001,020417424782,9834,PLV,1988,OCC:L'OCCITANE,6977,WRAPPING MATERIALS,52RIB1NO25:2025 HOLIDAY RIBBON 1,0,.01,QAR,204,A,,3253581873397
001,020417424783,9834,PLV,1988,OCC:L'OCCITANE,6977,WRAPPING MATERIALS,52RIB2NO25:2025 HOLIDAY RIBBON 2,0,0,QAR,204,A,,3253581873403
001,020417424784,9834,PLV,1988,OCC:L'OCCITANE,6977,WRAPPING MATERIALS,52SMBYNO25:2025 HOLIDAY SMALL BOX YELLOW,0,.01,QAR,204,A,,3253581873410
001,020417424785,9834,PLV,1988,OCC:L'OCCITANE,6977,WRAPPING MATERIALS,52STINO25:2025 HOLIDAY STICKERS,0,.01,QAR,204,A,,3253581873663
001,020417424786,9834,PLV,1988,OCC:L'OCCITANE,6977,WRAPPING MATERIALS,52TRIYNO25:2025 HOLIDAY HC TRIO YELLOW,0,.7,QAR,204,A,,3253581873144
001,020417424787,9834,PLV,1988,OCC:L'OCCITANE,4524,DISPLAY MATERIALS,54VMEXTRAHOLIDAY25:HOLIDAY 25 EXTRA KIT,0,0,QAR,204,A,,3253582131236
001,020417424788,9834,PLV,1988,OCC:L'OCCITANE,4524,DISPLAY MATERIALS,54VMPODHOLIDAY25:HOLIDAY 25 VM PODIUM,0,.01,QAR,204,A,,3253582131229
001,020417424789,9834,PLV,1988,OCC:L'OCCITANE,4524,DISPLAY MATERIALS,54VMSHOLIDAY25:HOLIDAY 25 VM SMALL KIT,0,.01,QAR,204,A,,3253581873861
001,020417424790,9834,PLV,1988,OCC:L'OCCITANE,4524,DISPLAY MATERIALS,54VMTHOLIDAY25:HOLIDAY 25 VM KIT TABLE,0,.01,QAR,204,A,,3253582131243
001,020417424791,9834,PLV,1988,OCC:L'OCCITANE,4524,DISPLAY MATERIALS,54VMWHOLIDAY25:HOLIDAY 25 VM KIT WINDOW,0,.01,QAR,204,A,,3253582131250
001,020417437709,9834,PLV,1988,OCC:L'OCCITANE,6977,WRAPPING MATERIALS,80CBRAB26:CHERRY BLOSSOM RAMADAN BOX 2026,14.0466,7.7,QAR,204,A,,020427437709
001,020417437711,9834,PLV,1988,OCC:L'OCCITANE,6977,WRAPPING MATERIALS,80SBRAB26:SHEA BUTTER RAMADAN BOX 2026,14.0468,7.7,QAR,204,A,,020427437711
001,020417437712,9834,PLV,1988,OCC:L'OCCITANE,6977,WRAPPING MATERIALS,80ALRAB26:ALMOND RAMADAN BOX 2026,14.0466,7.7,QAR,204,A,,020427437712
001,020417437726,9834,PLV,1988,OCC:L'OCCITANE,6640,PROMOTIONAL MATERIALS,80POUGN26:GREEN NEW DESIGN POUCH 2026,7.2604,3.98,QAR,204,A,,020427437726
001,020417437728,9834,PLV,1988,OCC:L'OCCITANE,6640,PROMOTIONAL MATERIALS,80POUTN26:TERRACOTTA NEW DESIGN POUCH 2026,7.2604,3.98,QAR,204,A,,020427437728
001,020417438237,9834,PLV,1988,OCC:L'OCCITANE,6977,WRAPPING MATERIALS,80CRABOX626:CRACKER BOX 6 PCS 2026,.0365,.02,QAR,204,A,,020427438237
001,020417438238,9834,PLV,1988,OCC:L'OCCITANE,6977,WRAPPING MATERIALS,80ALFEB25:ALMOND FESTIVE BOX 2025,.0365,.02,QAR,204,A,,020427438238
001,020417438239,9834,PLV,1988,OCC:L'OCCITANE,6977,WRAPPING MATERIALS,80SBFEB25:SHEA BUTTER FESTIVE BOX 2025,.0365,.02,QAR,204,A,,020427438239
001,020417438242,9834,PLV,1988,OCC:L'OCCITANE,6977,WRAPPING MATERIALS,80NOFEB25:NEROLI FESTIVE BOX 2025,.0365,.02,QAR,204,A,,020427438242
001,020417438244,9834,PLV,1988,OCC:L'OCCITANE,6977,WRAPPING MATERIALS,80ALSPA25:ALMOND SPA AT HOME BOX 2025,.0365,.02,QAR,204,A,,020427438244
001,020417438245,9834,PLV,1988,OCC:L'OCCITANE,6977,WRAPPING MATERIALS,80AOSTR25:ART OF SCENT BOX TRAY 2025,0,.01,QAR,204,A,,020427438245
001,020417444352,9815,BEAUTY SET,1988,OCC:L'OCCITANE,3997,BEAUTY SET,29ORALM25:2025 HOLIDAY ALMOND ORNAMENT,28,70,QAR,204,A,,3253581785997
001,020417444354,9815,BEAUTY SET,1988,OCC:L'OCCITANE,3997,BEAUTY SET,10CRAKT25:2025 HOLIDAY CRACKERS KIT,27.3792,120,QAR,204,A,,3253581786024
001,020417444355,9815,BEAUTY SET,1988,OCC:L'OCCITANE,3997,BEAUTY SET,24ORCHB25:2025 HOLIDAY CB ORNAMENT,28,70,QAR,204,A,,3253581786017
001,020417444356,9815,BEAUTY SET,1988,OCC:L'OCCITANE,3997,BEAUTY SET,01PWPKT25:2025 HOLIDAY PWP,0,0,QAR,204,A,,3253581872574
001,020417444357,9815,BEAUTY SET,1988,OCC:L'OCCITANE,3997,BEAUTY SET,10MBOUK25:2025 HOLIDAY MINI CANDLES KIT,79.6,199,QAR,204,A,,3253581786000
001,020417444358,9815,BEAUTY SET,1988,OCC:L'OCCITANE,3997,BEAUTY SET,10CAWHS25:2025 HOLIDAY WHS CALENDAR,159.6001,399,QAR,204,A,,3253581786062
001,020417444359,9815,BEAUTY SET,1988,OCC:L'OCCITANE,3997,BEAUTY SET,10DECAL25:2025 HOLIDAY DELUXE CALENDAR,279.6,699,QAR,204,A,,3253581786031
001,020417444360,9828,TOILETRIES,1988,OCC:L'OCCITANE,3991,BATH & BODY,29BR100A25:ALMOND HAIR BODY MIST 100ML,76,190,QAR,204,A,,3253581784440
001,020417444361,9843,AMBIENT SCENTS,1988,OCC:L'OCCITANE,4520,DIFFUSERS,11DI240HOV26:HOMEDIFF VERVEINE SANTAL 240ML,140,350,QAR,204,A,,3253581787410
001,020417444362,9843,AMBIENT SCENTS,1988,OCC:L'OCCITANE,4520,DIFFUSERS,11DI240HOL26:HOMEDIFF 240ML LAVANDE MUSC,140,350,QAR,204,A,,3253581787403
001,020417444363,9843,AMBIENT SCENTS,1988,OCC:L'OCCITANE,4520,DIFFUSERS,11DI240HOF26:HOMEDIFF 240ML NEROLI YUZU,140,350,QAR,204,A,,3253581787397
001,020417444364,9843,AMBIENT SCENTS,1988,OCC:L'OCCITANE,4520,DIFFUSERS,11DI240HPR26:LCDM 240ML HOMEDIF RESTANQUES,168,420,QAR,204,A,,3253581787427
001,020417444365,9815,BEAUTY SET,1988,OCC:L'OCCITANE,3997,BEAUTY SET,01ORKAR25:2025 HOLIDAY SHEA ORNAMENT,28,70,QAR,204,A,,3253581786048
001,020417465146,9812,GWP,1988,OCC:L'OCCITANE,4624,GWP,10NOVSSGWP25:NOVEMBER SUPER SALE GWP 2025,0,.01,QAR,204,A,,020427465146
001,020417479906,9813,FRAGRANCES,1988,OCC:L'OCCITANE,4538,EAU DE TOILETTE,24ET050CBL26:CHE BLOSSOM LTD 26 EDT 50ML,126,315,QAR,204,A,,3253581785430
001,020417479907,9834,PLV,1988,OCC:L'OCCITANE,6722,SAMPLES,52CC006K26:SHEA RICH BODY CREAM 6ML,0,.01,QAR,204,A,,3253581783870
001,020417479908,9834,PLV,1988,OCC:L'OCCITANE,6722,SAMPLES,52MA003K26:SHEA HAND CREAM 3ML,0,.01,QAR,204,A,,3253581786277
001,020417479910,9828,TOILETRIES,1988,OCC:L'OCCITANE,3991,BATH & BODY,24GD250CBL26:CHE BLOSSOM LTD 26 SG 250ML,39.6,99,QAR,204,A,,3253581785454
001,020417479911,9828,TOILETRIES,1988,OCC:L'OCCITANE,3991,BATH & BODY,01EC200K26:SHEA BODY SCRUB 200ML,68,170,QAR,204,A,,3253581783955
001,020417479912,9828,TOILETRIES,1988,OCC:L'OCCITANE,3991,BATH & BODY,01CC200K26:SHEA RICH BODY CREAM 200ML,88,220,QAR,204,A,,3253581783849
001,020417479913,9828,TOILETRIES,1988,OCC:L'OCCITANE,3991,BATH & BODY,01LM250K26:SHEA HAND LOTION 250ML,64,160,QAR,204,A,,3253581784402
001,020417479914,9828,TOILETRIES,1988,OCC:L'OCCITANE,3991,BATH & BODY,01BK150K26:SHEA PURE BUTTER 150ML,79.6,199,QAR,204,A,,3253581783979
001,020417479915,9828,TOILETRIES,1988,OCC:L'OCCITANE,3991,BATH & BODY,01CD250K26:SHEA SHOWER CREAM 250ML,52,130,QAR,204,A,,3253581783993
001,020417479916,9828,TOILETRIES,1988,OCC:L'OCCITANE,3991,BATH & BODY,01SA100LT26:SOAP SHEA MILK 100G,18,45,QAR,204,A,,3253581786697
001,020417479917,9828,TOILETRIES,1988,OCC:L'OCCITANE,3991,BATH & BODY,01HC100K26:SHEA BODY OIL 100ML,70,175,QAR,204,A,,3253581783962
001,020417479918,9828,TOILETRIES,1988,OCC:L'OCCITANE,3991,BATH & BODY,01CM500K26:SHEA CARE WASHING 500ML,64,160,QAR,204,A,,3253581784389
001,020417479919,9828,TOILETRIES,1988,OCC:L'OCCITANE,3991,BATH & BODY,01CCR200K26:SHEA RICH BODY CR REFILL 200ML,76,190,QAR,204,A,,3253581783887
001,020417479920,9828,TOILETRIES,1988,OCC:L'OCCITANE,3991,BATH & BODY,01SA250LT26:SOAP SHEA MILK 250G,24,60,QAR,204,A,,3253581786727
001,020417479921,9828,TOILETRIES,1988,OCC:L'OCCITANE,3991,BATH & BODY,01SA100VE26:SOAP SHEA VERBENA 100G,18,45,QAR,204,A,,3253581786710
001,020417479922,9828,TOILETRIES,1988,OCC:L'OCCITANE,3991,BATH & BODY,01SA250LV26:SOAP SHEA LAVENDER 250G,24,60,QAR,204,A,,3253581786734
001,020417479923,9828,TOILETRIES,1988,OCC:L'OCCITANE,3991,BATH & BODY,24BL250CBL26:CHE BLOSSOM LTD 26 BL 250ML,62,155,QAR,204,A,,3253581785423
001,020417479924,9828,TOILETRIES,1988,OCC:L'OCCITANE,3991,BATH & BODY,01CD075K26:SHEA SHOWER CREAM 75ML,17.2,43,QAR,204,A,,3253581784006
001,020417479925,9828,TOILETRIES,1988,OCC:L'OCCITANE,3991,BATH & BODY,01BK010K26:SHEA PURE BUTTER 10ML,19.6,49,QAR,204,A,,3253581783986
001,020417479926,9828,TOILETRIES,1988,OCC:L'OCCITANE,3991,BATH & BODY,01LC075K26:SHEA RICH BODY LOTION 75ML,24,60,QAR,204,A,,3253581783924
001,020417479927,9828,TOILETRIES,1988,OCC:L'OCCITANE,3991,BATH & BODY,49CC020K26:SHEA RICH BODY CREAM 20ML,3.4511,1.6,QAR,204,A,,3253581783863
001,020417479928,9828,TOILETRIES,1988,OCC:L'OCCITANE,3991,BATH & BODY,01SA100LV26:SOAP SHEA LAVENDER 100G,18,45,QAR,204,A,,3253581786703
001,020417479929,9828,TOILETRIES,1988,OCC:L'OCCITANE,3991,BATH & BODY,01SA250VE26:SOAP SHEA VERBENA 250G,24,60,QAR,204,A,,3253581786741
001,020417479930,9828,TOILETRIES,1988,OCC:L'OCCITANE,3991,BATH & BODY,20GDR500CG26:CEDREGIM GD ECOREF 500ML,54,135,QAR,204,A,,3253581786208
001,020417479931,9828,TOILETRIES,1988,OCC:L'OCCITANE,3991,BATH & BODY,20GDR500LP26:LAVPOIVRE SG ECOREF 500ML,54,135,QAR,204,A,,3253581786215
001,020417479932,9828,TOILETRIES,1988,OCC:L'OCCITANE,4634,HAND & FOOT CARE,01MA150K26:SHEA HAND CREAM 150ML,60,150,QAR,204,A,,3253581784761
001,020417479933,9828,TOILETRIES,1988,OCC:L'OCCITANE,4634,HAND & FOOT CARE,01SLR500LV26:SHEA LAV LIQUID SOAP REF 500ML,54,135,QAR,204,A,,3253581784303
001,020417479934,9828,TOILETRIES,1988,OCC:L'OCCITANE,4634,HAND & FOOT CARE,01CP150K26:SHEA FOOT CREAM 150ML,60,150,QAR,204,A,,3253581784938
001,020417479935,9828,TOILETRIES,1988,OCC:L'OCCITANE,4634,HAND & FOOT CARE,01CM350K26:SHEA CARE WASHING 350ML,84,210,QAR,204,A,,3253581786246
001,020417479936,9828,TOILETRIES,1988,OCC:L'OCCITANE,4634,HAND & FOOT CARE,01SL500VE26:SHEA VER LIQUID SOAP 500ML,64,160,QAR,204,A,,3253581784327
001,020417479937,9828,TOILETRIES,1988,OCC:L'OCCITANE,4634,HAND & FOOT CARE,01SL500LV26:SHEA LAV LIQUID SOAP 500ML,64,160,QAR,204,A,,3253581784297
001,020417479938,9828,TOILETRIES,1988,OCC:L'OCCITANE,4634,HAND & FOOT CARE,01MA075K26:SHEA HAND CREAM 75ML,39.6,99,QAR,204,A,,3253581784785
001,020417479939,9828,TOILETRIES,1988,OCC:L'OCCITANE,4634,HAND & FOOT CARE,49MA010K26:SHEA HAND CREAM 10ML,2.3963,1.12,QAR,204,A,,3253581784822
001,020417479940,9828,TOILETRIES,1988,OCC:L'OCCITANE,4634,HAND & FOOT CARE,01BP150K26:SHEA FOOT BALM 150ML,64,160,QAR,204,A,,3253581784969
001,020417479941,9828,TOILETRIES,1988,OCC:L'OCCITANE,4634,HAND & FOOT CARE,01BM150K26:SHEA HAND BALM 150ML,64,160,QAR,204,A,,3253581784877
001,020417479942,9828,TOILETRIES,1988,OCC:L'OCCITANE,4634,HAND & FOOT CARE,01SLR500VE26:SHEA VER LIQUID SOAP REF 500ML,54,135,QAR,204,A,,3253581784334
001,020417479943,9828,TOILETRIES,1988,OCC:L'OCCITANE,4634,HAND & FOOT CARE,01LM250VE26:SHEA VER HAND LOTION 250ML,64,160,QAR,204,A,,3253581784419
001,020417479944,9828,TOILETRIES,1988,OCC:L'OCCITANE,4634,HAND & FOOT CARE,01SL350VE26:SHEA VER LIQUID SOAP 350ML,84,210,QAR,204,A,,3253581786239
001,020417479945,9828,TOILETRIES,1988,OCC:L'OCCITANE,4634,HAND & FOOT CARE,24MA030CBL26:CHE BLOSSOM LTD 26 HC 30ML,19.6,49,QAR,204,A,,3253581785447
001,020417479946,9828,TOILETRIES,1988,OCC:L'OCCITANE,4634,HAND & FOOT CARE,49CP010K26:SHEA FOOT CREAM 10ML,6,15,QAR,204,A,,3253581784952
001,020417479947,9828,TOILETRIES,1988,OCC:L'OCCITANE,4634,HAND & FOOT CARE,01SL350LV26:SHEA LAV LIQUID SOAP 350ML,84,210,QAR,204,A,,3253581786222
001,020417479948,9828,TOILETRIES,1988,OCC:L'OCCITANE,4634,HAND & FOOT CARE,01BM050K26:SHEA HAND BALM 50ML,39.6,99,QAR,204,A,,3253581784891
001,020417479949,9828,TOILETRIES,1988,OCC:L'OCCITANE,4634,HAND & FOOT CARE,01CMR500K26:SHEA CARE WASHING REF 500ML,54,135,QAR,204,A,,3253581784396
001,020417479950,9828,TOILETRIES,1988,OCC:L'OCCITANE,4634,HAND & FOOT CARE,01GM030K26:SHEA HAND SCRUB 30ML,24,60,QAR,204,A,,3253581784914
001,020417479951,9828,TOILETRIES,1988,OCC:L'OCCITANE,4634,HAND & FOOT CARE,01HO0075K26:SHEA NAILS OIL 7 5ML,34,85,QAR,204,A,,3253581784921
001,020417479952,9828,TOILETRIES,1988,OCC:L'OCCITANE,4634,HAND & FOOT CARE,01MA030K26:SHEA HAND CREAM 30ML,19.6,49,QAR,204,A,,3253581784815
001,020417479953,9828,TOILETRIES,1988,OCC:L'OCCITANE,4634,HAND & FOOT CARE,01MA030KR26:SHEA ROSE HAND CREAM 30ML,19.6,49,QAR,204,A,,3253581784853
001,020417479954,9828,TOILETRIES,1988,OCC:L'OCCITANE,4634,HAND & FOOT CARE,01CP030K26:SHEA BUTTER FOOT CREAM 30ML,19.6,49,QAR,204,A,,3253581786819
001,020417479956,9828,TOILETRIES,1988,OCC:L'OCCITANE,4634,HAND & FOOT CARE,01MA150KR26:SHEA ROSE HAND CREAM 150ML,60,150,QAR,204,A,,3253581784846
001,020413394707,9828,TOILETRIES,1988,OCC:L'OCCITANE,4634,HAND & FOOT CARE,01MA075K16:SHEA HAND CREAM 75ML,38.0001,95,QAR,204,A,,3253581453711
001,020413394709,9828,TOILETRIES,1988,OCC:L'OCCITANE,4634,HAND & FOOT CARE,01MA150K16:SHEA HAND CREAM 150ML,51.6,135,QAR,204,A,,3253581453841
001,020413394710,9844,SPA,1988,OCC:L'OCCITANE,3955,AROMATHERAPY,17BO100R16:PILLOW MIST 100ML,49.9999,125,QAR,204,A,,3253581461594
001,020413394711,9850,HAIR CARE,1988,OCC:L'OCCITANE,4627,HAIR & SCALP TREATMENTS,17OC100G17:OVERNIGHT REPAIRING CONC.100ML,47.6,119,QAR,204,C,,3253581469521
001,020413394713,9828,TOILETRIES,1988,OCC:L'OCCITANE,3991,BATH & BODY,20GD250CD16A:CEDRAT SHOWER GEL 250ML,35.6,89,QAR,204,A,,3253581434369
001,020413398759,9815,BEAUTY SET,1988,OCC:L'OCCITANE,3997,BEAUTY SET,18KTECOM17:ECOMMERCE TDL ROUTINE SET,59.6001,149,QAR,204,A,,020423398759
001,020413398796,9834,PLV,1988,OCC:L'OCCITANE,6640,PROMOTIONAL MATERIALS,10MDGWP17:MARCH 2017 GWP,0,0,QAR,204,A,,020423398796
001,020413398829,9828,TOILETRIES,1988,OCC:L'OCCITANE,6749,SET,01SHFC17:SHEA HAND AND FOOT DUO,63.5999,159,QAR,204,A,,020423398829
001,020413420120,9828,TOILETRIES,1988,OCC:L'OCCITANE,4634,HAND & FOOT CARE,01MA030K16:SHEA HAND CREAM 30ML,19.6,49,QAR,204,A,,3253581453704
001,020413420124,9843,AMBIENT SCENTS,1988,OCC:L'OCCITANE,6732,SCENTED ACCENTS,15SP035VB4:VERBENA 35G PERFUMED SACHET,18,45,QAR,204,C,,3253581321225
001,020413420129,9828,TOILETRIES,1988,OCC:L'OCCITANE,3991,BATH & BODY,29CF200A17:AMD REFINING CONCENTRATE 200ML,91.58,275,QAR,204,C,,3253581471814
001,020413420130,9828,TOILETRIES,1988,OCC:L'OCCITANE,3991,BATH & BODY,29GE200A16:ALMOND SHOWER SCRUB 200ML,31.6,89,QAR,204,A,,3253581453537
001,020413420139,9828,TOILETRIES,1988,OCC:L'OCCITANE,4634,HAND & FOOT CARE,49MA010A17:ALMOND DELICIOUS HANDS 10ML,5.2,15,QAR,204,A,,3253581471876
001,020413420141,9834,PLV,1988,OCC:L'OCCITANE,6977,WRAPPING MATERIALS,52CFGEN16:GENERIC GIFT BOX 2016,0,.01,QAR,204,A,,3253581485422
001,020413420146,9834,PLV,1988,OCC:L'OCCITANE,4524,DISPLAY MATERIALS,52PTRIMS16:SMALL TRIPTYCH STOREVEOL,0,.01,QAR,204,C,,3253581455098
001,020413420154,9815,BEAUTY SET,1988,OCC:L'OCCITANE,3997,BEAUTY SET,38RBDS17:REINE BLANCHE DISCOVERY SET 2017,51.6001,129,QAR,204,A,,020423420154
001,020413430331,9834,PLV,1988,OCC:L'OCCITANE,6977,WRAPPING MATERIALS,52VANHAR17:HARMONY KIT BOX,0,.01,QAR,204,A,,020423430331
001,020413438443,9815,BEAUTY SET,1988,OCC:L'OCCITANE,3997,BEAUTY SET,29DISCAL17:ALMOND 2017 DISCOVERY SET,51.6001,129,QAR,204,A,,020423438443
001,020413438444,9834,PLV,1988,OCC:L'OCCITANE,6640,PROMOTIONAL MATERIALS,29GWPAL17:ALMOND 2017 GWP,0,0,QAR,204,A,,020423438444
001,020413452628,9801,SKINCARE,1988,OCC:L'OCCITANE,4562,FACE MASK & PEELS & TREATMENTS,39MH006P17:PEO HYDRATING MASK 6ML,10.01,29,QAR,204,C,,3253581475829
001,020413452629,9801,SKINCARE,1988,OCC:L'OCCITANE,4562,FACE MASK & PEELS & TREATMENTS,39MN006P17:PEO NIGHT MASK 6ML,2.7501,29,QAR,204,A,,3253581475836
001,020413488035,9813,FRAGRANCES,1988,OCC:L'OCCITANE,4538,EAU DE TOILETTE,23P075TV17:EDT THE VERT CLASSIQUES 75ML,119.5996,309,QAR,204,C,,3253581475119
001,020413488038,9813,FRAGRANCES,1988,OCC:L'OCCITANE,4538,EAU DE TOILETTE,24ET075R17:ROSE ROUGE EDT 75ML,103.6,275,QAR,204,C,,3253581479865
001,020413488046,9834,PLV,1988,OCC:L'OCCITANE,6640,PROMOTIONAL MATERIALS,49TOTSC17:2017 SUMMER COLLECTION TOTEBAG,0,.01,QAR,204,A,,3253581480038
001,020413488050,9834,PLV,1988,OCC:L'OCCITANE,4524,DISPLAY MATERIALS,52MACMMS16:HAND CREAM CAROUSEL STOREVOL,0,.01,QAR,204,C,,3253581455166
001,020413488051,9834,PLV,1988,OCC:L'OCCITANE,6722,SAMPLES,52MC006N17:NOURISHING MASK SAMPLE 6ML X 1,0,0,QAR,204,C,,3253581485972
001,020413490660,9815,BEAUTY SET,1988,OCC:L'OCCITANE,3997,BEAUTY SET,12ORSET17:OUD AND ROSE SET 2017,199.6001,499,QAR,204,A,,020423490660
001,020413490661,9815,BEAUTY SET,1988,OCC:L'OCCITANE,3997,BEAUTY SET,18TDLSET17:TERRE DE LUMIERE SET 2017,219.6,499,QAR,204,A,,020423490661
001,020413490662,9815,BEAUTY SET,1988,OCC:L'OCCITANE,3997,BEAUTY SET,12NOSET17:NEROLI AND ORCHIDEE SET 2017,159.6,445,QAR,204,A,,020423490662
001,020413490663,9850,HAIR CARE,1988,OCC:L'OCCITANE,6749,SET,17AROR17:AROMACHOLOGY REPAIRING SET 2017,111.6,285,QAR,204,A,,020423490663
001,020413490666,9828,TOILETRIES,1988,OCC:L'OCCITANE,6749,SET,01SBTS17:SHEA BUTTER TRIO SOAPS 2017,30.0001,75,QAR,204,A,,020423490666
001,020413490667,9828,TOILETRIES,1988,OCC:L'OCCITANE,6749,SET,10HCTRI17:HAND CREAM TRIO SET 2017,51.6,129,QAR,204,A,,020423490667
001,020413490668,9801,SKINCARE,1988,OCC:L'OCCITANE,6749,SET,27IHSET17:HARMONIE SET 2017,999.6001,2569,QAR,204,A,,020423490668
001,020413526339,9801,SKINCARE,1988,OCC:L'OCCITANE,4508,DAY CREAMS,98BBCL005KA0:SHEA LIGHT FACE CREAM 5ML,0,20,QAR,204,A,,3253581442494
001,020413526340,9828,TOILETRIES,1988,OCC:L'OCCITANE,4634,HAND & FOOT CARE,98BBCM010AD0:ALMOND HAND CREAM 10ML,5.2001,15,QAR,204,A,,3253581452332
001,020413526355,9850,HAIR CARE,1988,OCC:L'OCCITANE,4627,HAIR & SCALP TREATMENTS,17MC200N17:OLIVIER NOURISHING MASK 200ML,55.6,129,QAR,204,C,,3253581485231
001,020413526357,9850,HAIR CARE,1988,OCC:L'OCCITANE,3903,AFTER SHAMPOO,17AS250N17:OLIVIER NOURISHING COND 250ML,38.01,89,QAR,204,C,,3253581485224
001,020413564200,9828,TOILETRIES,1988,OCC:L'OCCITANE,4634,HAND & FOOT CARE,98BBMA010KA3:SHEA HAND CREAM 10ML,0,15,QAR,204,A,,3253581452127
001,020413567697,9850,HAIR CARE,1988,OCC:L'OCCITANE,6753,SHAMPOO,98BBSH035AR2:AROMACHO SHAMPOO 35ML,0,15,QAR,204,A,,3253581461891
001,020413571230,9828,TOILETRIES,1988,OCC:L'OCCITANE,3991,BATH & BODY,01CL200K17:SHEA ULTRA LIGHT BODY CREAM 200ML,69.9994,190,QAR,204,A,,3253581480007
001,020413571232,9828,TOILETRIES,1988,OCC:L'OCCITANE,3991,BATH & BODY,01CP200K17:ULTRA RICH BODY CREAM 200ML,81.9999,215,QAR,204,A,,3253581479995
001,020413571233,9828,TOILETRIES,1988,OCC:L'OCCITANE,3991,BATH & BODY,01HD250K17:FABULOUS SHEA SHOWER OIL 250ML,46,130,QAR,204,A,,3253581479940
001,020413571237,9844,SPA,1988,OCC:L'OCCITANE,5966,MASSAGE,17HM100R16:ARO RELAXING MASSAGE OIL 100ML,63.6,160,QAR,204,A,,3253581486078
001,020413571243,9828,TOILETRIES,1988,OCC:L'OCCITANE,3991,BATH & BODY,29VC240A16:ALMOND MILK VEIL 240ML,71.6,190,QAR,204,A,,3253581475546
001,020413571244,9801,SKINCARE,1988,OCC:L'OCCITANE,6865,SUNCARE,38UV030A17:RB ILLU UV SHIELD SPF50 30ML,67.6,189,QAR,204,C,,3253581479575
001,020413571248,9834,PLV,1988,OCC:L'OCCITANE,4523,DISPLAY FURNITURE,55EASELV3:EASEL V3,0,.01,QAR,204,C,,3253581512968
001,020413582180,9834,PLV,1988,OCC:L'OCCITANE,6977,WRAPPING MATERIALS,80BOXLA17:VALUE SET BIG BOX,8.3755,0,QAR,204,A,,020423582180
001,020413582184,9834,PLV,1988,OCC:L'OCCITANE,4524,DISPLAY MATERIALS,80SBTRY17:SHEA BODY SET TRAY,.2549,0,QAR,204,A,,020423582184
001,020413582185,9834,PLV,1988,OCC:L'OCCITANE,6977,WRAPPING MATERIALS,80BOXS17:VALUE SET SMALL BOX,8.0841,0,QAR,204,A,,020423582185
001,020413582186,9834,PLV,1988,OCC:L'OCCITANE,4524,DISPLAY MATERIALS,80ARLTRY17:ARLESIENNE SET TRAY,.2549,0,QAR,204,A,,020423582186
001,020413582187,9834,PLV,1988,OCC:L'OCCITANE,4524,DISPLAY MATERIALS,80MNTRY17:MEN SET TRAY,.2549,0,QAR,204,A,,020423582187
001,020413582188,9834,PLV,1988,OCC:L'OCCITANE,4524,DISPLAY MATERIALS,80SFTRY17:SHEA FACE SET TRAY,.2549,.14,QAR,204,A,,020423582188
001,020413588697,9815,BEAUTY SET,1988,OCC:L'OCCITANE,3997,BEAUTY SET,29ALMVS17:ALMOND SET 2017,203.6,541.9,QAR,204,A,,020423588697
001,020413588698,9815,BEAUTY SET,1988,OCC:L'OCCITANE,3997,BEAUTY SET,24ARLVS17:ARLESIENNE SET 2017,175.5315,455,QAR,204,A,,020423588698
001,020413588699,9815,BEAUTY SET,1988,OCC:L'OCCITANE,3997,BEAUTY SET,24CBVS17:CHERRY BLOSSOM SET 2017,159.6,449,QAR,204,A,,020423588699
001,020413588700,9815,BEAUTY SET,1988,OCC:L'OCCITANE,3997,BEAUTY SET,20CEDVS17:CEDRAT SET 2017,106.98,425,QAR,204,A,,020423588700
001,020413588768,9815,BEAUTY SET,1988,OCC:L'OCCITANE,3997,BEAUTY SET,20OCCVS17:LOCCITAN SET 2017,159.6,425,QAR,204,A,,020423588768
001,020413588769,9815,BEAUTY SET,1988,OCC:L'OCCITANE,3997,BEAUTY SET,24ROSVS17:ROSES SET 2017,143.6,419,QAR,204,A,,020423588769
001,020413588772,9815,BEAUTY SET,1988,OCC:L'OCCITANE,3997,BEAUTY SET,01SHBVS17:SHEA BUTTER BODY SET 2017,176.9489,525,QAR,204,A,,020423588772
001,020413588773,9815,BEAUTY SET,1988,OCC:L'OCCITANE,3997,BEAUTY SET,01SHFVS17:SHEA BUTTER FACE CARE SET 2017,119.5869,305,QAR,204,A,,020423588773
001,020413588897,9834,PLV,1988,OCC:L'OCCITANE,6640,PROMOTIONAL MATERIALS,24ROSGWP17:SEPTEMBER 2017 GWP,0,0,QAR,204,A,,020423588897
001,020413593002,9828,TOILETRIES,1988,OCC:L'OCCITANE,3991,BATH & BODY,01LC250K17:SHEA RICH BODY LOTION 250ML,60,160,QAR,204,A,,3253581452967
001,020413593005,9828,TOILETRIES,1988,OCC:L'OCCITANE,3991,BATH & BODY,01SA100LV16:SHEA BUTTER SOAP LAVENDER 100 GM,13.9995,35,QAR,204,A,,3253581461877
001,020413593006,9828,TOILETRIES,1988,OCC:L'OCCITANE,3991,BATH & BODY,01SA100VE16:SHEA BUTTER SOAP VERBENA 100GM,13.9658,35,QAR,204,A,,3253581461853
001,020413593011,9801,SKINCARE,1988,OCC:L'OCCITANE,4344,CLEANSERS,27DF125I17:DIVINE CLEANSING FOAM 125ML,71.6,175,QAR,204,A,,3253581491461
001,020413593013,9828,TOILETRIES,1988,OCC:L'OCCITANE,4634,HAND & FOOT CARE,49MA010K16:SHEA HAND CREAM 10ML,4.5741,15,QAR,204,A,,3253581453728
001,020413593015,9834,PLV,1988,OCC:L'OCCITANE,6977,WRAPPING MATERIALS,52BOWEB117:2017 SMALL WEB BOX,0,.01,QAR,204,C,,3253581499344
001,020413593016,9834,PLV,1988,OCC:L'OCCITANE,6977,WRAPPING MATERIALS,52BOWEB217:2017 STANDARD WEB BOX,0,.01,QAR,204,C,,3253581499313
001,020413593017,9834,PLV,1988,OCC:L'OCCITANE,6977,WRAPPING MATERIALS,52BOWEB317:2017 MEDIUM WEB BOX NEUTRAL,0,.01,QAR,204,C,,3253581499320
001,020413593020,9834,PLV,1988,OCC:L'OCCITANE,6722,SAMPLES,52CP006K17:ULTRA RICH BODY CREAM 6ML X 1,0,.01,QAR,204,A,,3253581479926
001,020413593021,9834,PLV,1988,OCC:L'OCCITANE,6722,SAMPLES,52DC0015I17:SAMP DIVINE CREAM 1.5ML X 1,0,0,QAR,204,A,,3253581491492
001,020413593022,9834,PLV,1988,OCC:L'OCCITANE,6722,SAMPLES,52DF002I17:SAMP. DIVINE FOAM 2ML X 1,0,0,QAR,204,A,,3253581491508
001,020413593023,9834,PLV,1988,OCC:L'OCCITANE,6722,SAMPLES,52DH001I17:SAMPLE DIVINE YOUTH OIL 1ML X 1,0,0,QAR,204,C,,3253581499030
001,020413593024,9834,PLV,1988,OCC:L'OCCITANE,6722,SAMPLES,52DS001I17:SAMPLE DIVINE EXTRACT 1ML X 1,0,0,QAR,204,A,,3253581491485
001,020413593026,9834,PLV,1988,OCC:L'OCCITANE,6722,SAMPLES,52HF004K17:KARITE HUILE FABULEUSE 4ML X 1,0,0,QAR,204,A,,3253581479933
001,020413593027,9834,PLV,1988,OCC:L'OCCITANE,4524,DISPLAY MATERIALS,52K2CLIPSPLAS:SET OF 2 PLASTIC CLIPS,0,.01,QAR,204,A,,3253581476260
001,020413593032,9834,PLV,1988,OCC:L'OCCITANE,4524,DISPLAY MATERIALS,52KTPLASOIN17:SET OF SKINCARE TRAYS,0,.01,QAR,204,C,,3253581498996
001,020413593033,9834,PLV,1988,OCC:L'OCCITANE,4524,DISPLAY MATERIALS,52KTPPLV17:SET OF 2 FRAME SIGN HOLDERS,0,.01,QAR,204,C,,3253581498989
001,020413593035,9834,PLV,1988,OCC:L'OCCITANE,4524,DISPLAY MATERIALS,52PLATEST17:UNIT TESTING TRAY,0,.01,QAR,204,C,,3253581499283
001,020411618315,9813,FRAGRANCES,1988,OCC:L'OCCITANE,4538,EAU DE TOILETTE,24ET075CB4:CHERRY BLOSSOM EDT 75ML,109.9524,315,QAR,204,A,,3253581286081
001,020411618316,9828,TOILETRIES,1988,OCC:L'OCCITANE,3991,BATH & BODY,24GD250CB4:CHERRY BLOSSOM BATH & SHOWER GEL 250ML,35.6,99,QAR,204,A,,3253581286098
001,020411618317,9828,TOILETRIES,1988,OCC:L'OCCITANE,3991,BATH & BODY,24LC250CB4:CHERRY BLOSSOM BODY MILK 250ML,53.9996,155,QAR,204,A,,3253581286104
001,020411618318,9828,TOILETRIES,1988,OCC:L'OCCITANE,4634,HAND & FOOT CARE,24MA075CB4:CHERRY BLOSSOM HAND CREAM 75ML,38,99,QAR,204,A,,3253581286111
001,020411618319,9828,TOILETRIES,1988,OCC:L'OCCITANE,4634,HAND & FOOT CARE,24MA030CB4:CHERRY BLOSSOM HAND CREAM 30ML,19.6,49,QAR,204,A,,3253581286128
001,020411629969,9801,SKINCARE,1988,OCC:L'OCCITANE,5647,LIP BALMS/FILLERS/MOISTURISER,01SL0045K13:SHEA BUTTER UR LIP BALM 4.5G,19.6,49,QAR,204,A,,3253581285886
001,020411629972,9843,AMBIENT SCENTS,1988,OCC:L'OCCITANE,6732,SCENTED ACCENTS,15SP035VB3:VERBENA 35G PERFUMED SACHET,17.9999,45,QAR,204,C,,3253581264201
001,020411639487,9834,PLV,1988,OCC:L'OCCITANE,6722,SAMPLES,52CP006K14:SHEA UR BODY CR SAMPLE 6MLX50,0,0,QAR,204,C,,3253581287163
001,020411639489,9834,PLV,1988,OCC:L'OCCITANE,6640,PROMOTIONAL MATERIALS,52STRMM10:2010 TRANSPARENT SACHET MM,0,.01,QAR,204,A,,3253581193709
001,020411652325,9850,HAIR CARE,1988,OCC:L'OCCITANE,4627,HAIR & SCALP TREATMENTS,17BD125G14:AR HEAT PRO CONTROL MIST 125ML,50,99,QAR,204,A,,3253581295571
001,020411652329,9828,TOILETRIES,1988,OCC:L'OCCITANE,3991,BATH & BODY,29HS100A14:ALM SUPPLE SKIN OIL 100ML,88.0135,219,QAR,204,A,,3253581288023
001,020411652331,9828,TOILETRIES,1988,OCC:L'OCCITANE,3991,BATH & BODY,29LC050A14:ALM MILK CONCENTRATE 50ML,35.6,80,QAR,204,A,,3253581288139
001,020411652333,9828,TOILETRIES,1988,OCC:L'OCCITANE,3991,BATH & BODY,29LC200A14:ALM MILK CONCENTRATE 200ML,103.6,270,QAR,204,A,,3253581288047
001,020411652335,9834,PLV,1988,OCC:L'OCCITANE,6722,SAMPLES,49MA010A13:ALM DELICIOUS HANDS 10ML,5.2001,0,QAR,204,A,,3253581279748
001,020411673697,9828,TOILETRIES,1988,OCC:L'OCCITANE,3991,BATH & BODY,24SA075R14:BATH SOAP 75G,7.6,35,QAR,204,A,,3253581288641
001,020411673697,9828,TOILETRIES,1988,OCC:L'OCCITANE,3991,BATH & BODY,24SA075R14:BATH SOAP 75G,7.6,35,QAR,204,A,,8274581288641
001,020411673714,9828,TOILETRIES,1988,OCC:L'OCCITANE,4634,HAND & FOOT CARE,15RS500VB3:VERBENA 500ML REFILL HAND WASH,46,115,QAR,204,C,,3253581264249
001,020411673724,9801,SKINCARE,1988,OCC:L'OCCITANE,6061,NIGHT CREAMS,27CN050I14:IM PRECIOUS NIGHT CREAM 50ML,163.6,409,QAR,204,C,,3253581294369
001,020411673727,9813,FRAGRANCES,1988,OCC:L'OCCITANE,4538,EAU DE TOILETTE,24ET075R14:ROSES R EAU DE TOILETTE 75ML,91.6,275,QAR,204,A,,3253581288528
001,020411673728,9828,TOILETRIES,1988,OCC:L'OCCITANE,3991,BATH & BODY,24GD250R14:RR BATH & SHOWER GEL 250ML,35.6,89,QAR,204,A,,3253581293393
001,020411673732,9828,TOILETRIES,1988,OCC:L'OCCITANE,3991,BATH & BODY,24LC250R14:ROSES ET R BODY MILK 250ML,51.6,135,QAR,204,A,,3253581288542
001,020411673733,9828,TOILETRIES,1988,OCC:L'OCCITANE,4634,HAND & FOOT CARE,24MA030R14:RR HAND AND NAIL CREAM 30ML,18,49,QAR,204,A,,3253581293331
001,020411730411,9813,FRAGRANCES,1988,OCC:L'OCCITANE,4538,EAU DE TOILETTE,20ET100H14:CADE EAU DE TOILETTE 100ML,93.9998,275,QAR,204,C,,3253581295595
001,020411743597,9828,TOILETRIES,1988,OCC:L'OCCITANE,3991,BATH & BODY,01LT300K12:SHB HANDS BODY LOTION 300ML,51.6,135,QAR,204,C,,3253581253519
001,020411743608,9828,TOILETRIES,1988,OCC:L'OCCITANE,3991,BATH & BODY,15RC500VB3:VERBENA 500ML SHOWER GEL REFIL,46.0002,119,QAR,204,C,,3253581264256
001,020411744525,9813,FRAGRANCES,1988,OCC:L'OCCITANE,4538,EAU DE TOILETTE,49ET010V13:EDT VERBENA 10ML,9.9976,40,QAR,204,A,,3253581279632
001,020411744527,9828,TOILETRIES,1988,OCC:L'OCCITANE,4634,HAND & FOOT CARE,49MA010VB3:VERBENA 10ML HAND CREAM,5.2,15,QAR,204,A,,3253581264171
001,020411748644,9828,TOILETRIES,1988,OCC:L'OCCITANE,4634,HAND & FOOT CARE,15RG500L14:LAVEN 500ML CLEAN HAND WASH,46,115,QAR,204,C,,3253581308073
001,020411748646,9843,AMBIENT SCENTS,1988,OCC:L'OCCITANE,4153,CANDLES,12BG190NO:NEROLI ORCHIDEE CANDLE 190G,77.9998,195,QAR,204,C,,3253581292266
001,020411748649,9828,TOILETRIES,1988,OCC:L'OCCITANE,3991,BATH & BODY,12LC050NO:NEROLI ORCHIDEE BODY MILK 50,15.5998,39,QAR,204,A,,3253581292341
001,020411748657,9828,TOILETRIES,1988,OCC:L'OCCITANE,3991,BATH & BODY,17GD250R14:ARO RELAX SHOWER GEL 250ML,38,95,QAR,204,C,,3253581311622
001,020411748661,9843,AMBIENT SCENTS,1988,OCC:L'OCCITANE,6732,SCENTED ACCENTS,17PP050R14:ARO RELAX PERF SACHETS 2X25G,38.0001,95,QAR,204,C,,3253581311660
001,020411748672,9828,TOILETRIES,1988,OCC:L'OCCITANE,3991,BATH & BODY,98BBACCOMB1:WOODEN COMB,3.6,10,QAR,204,A,,3253581271940
001,020411765974,9828,TOILETRIES,1988,OCC:L'OCCITANE,3991,BATH & BODY,15GD250L14:LAVENDER SHOWER GEL 250 ML,38,99,QAR,204,A,,3253581303887
001,020411765976,9843,AMBIENT SCENTS,1988,OCC:L'OCCITANE,6732,SCENTED ACCENTS,15SP035L14:PERFUMED SACHET WITH LAVENDER ESSENTIAL OIL FROM HAUTE-PROVENCE  35G,18,45,QAR,204,A,,3253581308066
001,020411765981,9801,SKINCARE,1988,OCC:L'OCCITANE,4508,DAY CREAMS,27CP050I14A:IM PRECIOUS CREAM 50 ML,119.6,299,QAR,204,C,,3253581311189
001,020411766002,9843,AMBIENT SCENTS,1988,OCC:L'OCCITANE,4153,CANDLES,12BG190JB:JASMIN BERGAMOT CANDLE 190G,77.9998,195,QAR,204,C,,3253581317389
001,020411766006,9828,TOILETRIES,1988,OCC:L'OCCITANE,4634,HAND & FOOT CARE,49MA010CB4:FL CERISIER MAINS 10ML,6.4616,15,QAR,204,A,,3253581292723
001,020411769849,9813,FRAGRANCES,1988,OCC:L'OCCITANE,4538,EAU DE TOILETTE,49ET007CB4:MINI EDT CHERRY BLOSSOM 75ML,13.2001,40,QAR,204,A,,3253581294512
001,020411772617,9834,PLV,1988,OCC:L'OCCITANE,6977,WRAPPING MATERIALS,52BOXMET13:GENERIC METAL BOX 2013,4.2276,2.06,QAR,204,A,,3253581271933
001,020411772623,9834,PLV,1988,OCC:L'OCCITANE,4524,DISPLAY MATERIALS,52DBLPP30:SET OF 30 DOUBLE PRICE HOLDER,0,.01,QAR,204,C,,3253581165843
001,020411772694,9850,HAIR CARE,1988,OCC:L'OCCITANE,6753,SHAMPOO,98BBSH075VE0:VERBENA SHAMPOO 75 ML,2.5649,1.16,QAR,204,A,,3253581114599
001,020411772773,9834,PLV,1988,OCC:L'OCCITANE,4524,DISPLAY MATERIALS,52STSUPLVMD:SET OF 10 A6 SIGN HOLDERS,0,.01,QAR,204,A,,3253581252703
001,020411772774,9834,PLV,1988,OCC:L'OCCITANE,4524,DISPLAY MATERIALS,52STYLOAR:ERASABLE CHALK PEN,0,.01,QAR,204,C,,3253581305232
001,020411772896,9834,PLV,1988,OCC:L'OCCITANE,4524,DISPLAY MATERIALS,523CLOCHE:SET OF 3 CANDLE BELLS,0,.01,QAR,204,A,,3253581238059
001,020411772896,9834,PLV,1988,OCC:L'OCCITANE,4524,DISPLAY MATERIALS,523CLOCHE:SET OF 3 CANDLE BELLS,0,.01,QAR,204,A,,4024433327684
001,020411772904,9834,PLV,1988,OCC:L'OCCITANE,4524,DISPLAY MATERIALS,52KT5COGM:SET OF 5 LARGE GLASS CONTAINER,0,0,QAR,204,A,,3253581301074
001,020411772906,9834,PLV,1988,OCC:L'OCCITANE,4524,DISPLAY MATERIALS,52MOUGEN9:2009 GENERIC SCENT STRIP 300,0,.01,QAR,204,C,,3253581174388
001,020411772909,9834,PLV,1988,OCC:L'OCCITANE,4524,DISPLAY MATERIALS,52PLV2EN1:PORTRAIT LANDSCAPE VISU HOLDER,81.6788,0,QAR,204,C,,3253581305218
001,020411772916,9834,PLV,1988,OCC:L'OCCITANE,6640,PROMOTIONAL MATERIALS,52SERLMS2:SPA L TOWEL,0,.01,QAR,204,A,,3253581273579
001,020411772920,9834,PLV,1988,OCC:L'OCCITANE,6957,UNIFORMS,52TABGJAL:GENERIC APRON YELLOW SIZE L,0,.01,QAR,204,C,,3253581281420
001,020411772982,9828,TOILETRIES,1988,OCC:L'OCCITANE,3991,BATH & BODY,98BBGD030KA0:SHEA BUTTER SHOWER CREAM 30 ML,5.9998,15,QAR,204,A,,3253581243220
001,020411773057,9834,PLV,1988,OCC:L'OCCITANE,4524,DISPLAY MATERIALS,52KT5POUB:SET OF 5 SENT STRIPS BIN,0,.01,QAR,204,A,,3253581303351
001,020411773062,9834,PLV,1988,OCC:L'OCCITANE,6640,PROMOTIONAL MATERIALS,52PEISMS2:SPA BATHROBE S/M,0,.01,QAR,204,A,,3253581273623
001,020411773068,9834,PLV,1988,OCC:L'OCCITANE,4524,DISPLAY MATERIALS,52STSUPLV:SET OF 10 A6 SIGN HOLDER,0,.01,QAR,204,A,,3253581168202
001,020411773107,9828,TOILETRIES,1988,OCC:L'OCCITANE,3991,BATH & BODY,98BBLC030KA0:SHEA BUTTER BODY LOTION 30 ML,0,29,QAR,204,A,,3253581243206
001,020411773181,9834,PLV,1988,OCC:L'OCCITANE,4524,DISPLAY MATERIALS,52KT5COPM:SET OF 5 SMALL GLASS CONTAINER,0,.01,QAR,204,A,,3253581301081
001,020411773229,9834,PLV,1988,OCC:L'OCCITANE,4523,DISPLAY FURNITURE,55MSM439:HALF ROUND DOOR L'OCCITANE,0,.01,QAR,204,A,,3253581327111
001,020411773301,9834,PLV,1988,OCC:L'OCCITANE,6640,PROMOTIONAL MATERIALS,49EV030I14:IM ESSENTIAL WATER 30ML,0,19,QAR,204,A,,3253581301241
001,020411773302,9834,PLV,1988,OCC:L'OCCITANE,6640,PROMOTIONAL MATERIALS,49HS015A13:ALM SUPPLE SKIN OIL 15ML,13.2001,0,QAR,204,A,,3253581279113
001,020411773303,9834,PLV,1988,OCC:L'OCCITANE,6640,PROMOTIONAL MATERIALS,49MA010R14:RR HAND AND NAIL CREAM 10ML,6.0001,15,QAR,204,A,,3253581288573
001,020411773448,9834,PLV,1988,OCC:L'OCCITANE,4524,DISPLAY MATERIALS,52DPPGH30:SET 30 DOUBLE PRICE HOLDER GH,0,.01,QAR,204,A,,3253581182277
001,020411773452,9834,PLV,1988,OCC:L'OCCITANE,6722,SAMPLES,52LC006A14:ALM MILK CONCENTRATE 6MLX50,0,0,QAR,204,C,,3253581288160
001,020411773521,9828,TOILETRIES,1988,OCC:L'OCCITANE,3991,BATH & BODY,98BBSU033TO0:REVIT EFFERV. SUGAR CUBE 33GR,0,.68,QAR,204,A,,3253581085042
001,020411773585,9812,GWP,1988,OCC:L'OCCITANE,4624,GWP,49MASSEA14:ALM SLIMMING MASSAGER 2014,17.9999,45,QAR,204,C,,3253581288283
001,020411773593,9834,PLV,1988,OCC:L'OCCITANE,4524,DISPLAY MATERIALS,52CSPPRIX:SET 50 PRICE HOLDER GH CONCEPT,0,.01,QAR,204,C,,3253581165973
001,020411773605,9834,PLV,1988,OCC:L'OCCITANE,4523,DISPLAY FURNITURE,52PLASOIP:SKINCARE ROUTINE SMALL TRAY,0,.01,QAR,204,A,,3253581303375
001,020411773607,9834,PLV,1988,OCC:L'OCCITANE,4524,DISPLAY MATERIALS,52PREBK14:8ML SHEA BUTTER DISPLAY,0,.01,QAR,204,A,,3253581285787
001,020411773612,9834,PLV,1988,OCC:L'OCCITANE,6640,PROMOTIONAL MATERIALS,52SERSMS2:SPA S TOWEL,0,.01,QAR,204,A,,3253581273586
001,020411773663,9812,GWP,1988,OCC:L'OCCITANE,4624,GWP,98BBBOXGEN13:B2B GENERIC BOX,5.7427,2.64,QAR,204,A,,3253581300787
001,020411773672,9850,HAIR CARE,1988,OCC:L'OCCITANE,6753,SHAMPOO,98BBSH030VE3:VERBENA SHAMPOO 30ML,1.331,15,QAR,204,A,,3253581285466
001,020415344905,9842,MAKE UP,1988,OCC:L'OCCITANE,5648,LIPS,11RLA008F21:PRESS FRUIT LIPSTICK-001 8ML,43.6,110,QAR,204,A,,3253581663257
001,020415344906,9842,MAKE UP,1988,OCC:L'OCCITANE,5648,LIPS,11RLB008F21:PRESS FRUIT LIPSTICK-002 8ML,43.6,110,QAR,204,A,,3253581663264
001,020415344907,9842,MAKE UP,1988,OCC:L'OCCITANE,5648,LIPS,11RLC008F21:PRESS FRUITY LIPSTICK-003 8ML,43.6,110,QAR,204,A,,3253581663271
001,020415344908,9842,MAKE UP,1988,OCC:L'OCCITANE,5648,LIPS,11RLD008F21:PRESS FRUIT LIPSTICK-004 8ML,43.6,110,QAR,204,A,,3253581689134
001,020415344909,9850,HAIR CARE,1988,OCC:L'OCCITANE,6753,SHAMPOO,17SH300FV21:S&V SHAMPOO 300ML,35.6,115,QAR,204,A,,3253581717318
001,020415344911,9801,SKINCARE,1988,OCC:L'OCCITANE,4508,DAY CREAMS,27DC030I20:IMM DIVINE CREAM 30ML,134,310,QAR,204,A,,3253581703540
001,020415344913,9801,SKINCARE,1988,OCC:L'OCCITANE,4508,DAY CREAMS,49CP004I19:IMM PREC GWP CREAM 4ML,11.5999,29,QAR,204,A,,3253581582701
001,020415344914,9834,PLV,1988,OCC:L'OCCITANE,6640,PROMOTIONAL MATERIALS,49FSHWC21:2021 SHOWER FLOWER COLLEC S1,0,.01,QAR,204,A,,3253581753088
001,020415344915,9834,PLV,1988,OCC:L'OCCITANE,6640,PROMOTIONAL MATERIALS,49HCTWC21:2021 TIN BOX HC COLLEC S1,0,.01,QAR,204,A,,3253581753064
001,020415344916,9828,TOILETRIES,1988,OCC:L'OCCITANE,3991,BATH & BODY,49LC020A20:ALM MILK CONCENTRATE 20ML,6,30,QAR,204,A,,3253581721568
001,020415344917,9801,SKINCARE,1988,OCC:L'OCCITANE,4344,CLEANSERS,49MWC030I19:CLEANS INF 3IN1 MICE WAT 30ML,7.6,19,QAR,204,A,,3253581716700
001,020415344918,9834,PLV,1988,OCC:L'OCCITANE,6640,PROMOTIONAL MATERIALS,49PFCWC21:2021 POUCH FACE CARE COLLEC S1,0,.01,QAR,204,A,,3253581753101
001,020415344919,9834,PLV,1988,OCC:L'OCCITANE,6640,PROMOTIONAL MATERIALS,49POU2VE20:2020 VERBENA POUCH 2,0,.01,QAR,204,A,,3253581688021
001,020415344920,9834,PLV,1988,OCC:L'OCCITANE,6640,PROMOTIONAL MATERIALS,49POUCB21:2021 CHERRY INFUSION POUCH,0,.01,QAR,204,A,,3253581741979
001,020415344921,9834,PLV,1988,OCC:L'OCCITANE,6640,PROMOTIONAL MATERIALS,49POUM21:2021 MDAY POUCH,0,.01,QAR,204,A,,3253581749999
001,020415344922,9834,PLV,1988,OCC:L'OCCITANE,6640,PROMOTIONAL MATERIALS,49TOTWC21:2021 TOTE BAG COLLEC S1,0,.01,QAR,204,A,,3253581753170
001,020415344923,9834,PLV,1988,OCC:L'OCCITANE,6977,WRAPPING MATERIALS,52BOX1M21:2021 MDAY MOOD BOX 1,0,.01,QAR,204,A,,3253581749920
001,020415344924,9834,PLV,1988,OCC:L'OCCITANE,6977,WRAPPING MATERIALS,52BOX2M21:2021 MDAY MOOD BOX 2,0,.01,QAR,204,A,,3253581750063
001,020415344925,9834,PLV,1988,OCC:L'OCCITANE,6977,WRAPPING MATERIALS,52DBOXM21:2021 MDAY DUO BOX,0,.01,QAR,204,A,,3253581750070
001,020415344926,9834,PLV,1988,OCC:L'OCCITANE,4524,DISPLAY MATERIALS,52DISHC21:SOLIDARITY HAND CREAM DISPL 21,0,.01,QAR,204,A,,3253581736623
001,020415344927,9834,PLV,1988,OCC:L'OCCITANE,6977,WRAPPING MATERIALS,52DSOM21:2021 MDAY DUO SOAP,0,.01,QAR,204,A,,3253581750087
001,020415344928,9834,PLV,1988,OCC:L'OCCITANE,4524,DISPLAY MATERIALS,52KITLPTS21:KIT SPRING 21 LPT UNIT,0,.01,QAR,204,A,,3253581736647
001,020415344929,9834,PLV,1988,OCC:L'OCCITANE,4524,DISPLAY MATERIALS,52KITWALLS21:KIT SPRING 21 FSU / WALLUNIT,0,.01,QAR,204,A,,3253581736661
001,020415344930,9834,PLV,1988,OCC:L'OCCITANE,6757,SHOPPING BAGS,52MGEBAG19:MEDIUM GENERIC BAG 2019,0,.01,QAR,204,A,,3253581679456
001,020415344931,9834,PLV,1988,OCC:L'OCCITANE,6977,WRAPPING MATERIALS,52TBO1M21:2021 MDAY TRILOGY BOX 1,0,.01,QAR,204,A,,3253581750094
001,020415344932,9834,PLV,1988,OCC:L'OCCITANE,6977,WRAPPING MATERIALS,52TBO2M21:2021 MDAY TRILOGY BOX 2,0,.01,QAR,204,A,,3253581750100
001,020415344933,9834,PLV,1988,OCC:L'OCCITANE,4524,DISPLAY MATERIALS,52TKMN21:TABLE KIT MOTHER NATURE 21,0,.01,QAR,204,A,,3253581750414
001,020415344934,9834,PLV,1988,OCC:L'OCCITANE,4523,DISPLAY FURNITURE,55TSPODSTONE:STONE PODIUM,0,.01,QAR,204,A,,3253581735190
001,020415344935,9834,PLV,1988,OCC:L'OCCITANE,4523,DISPLAY FURNITURE,55TSPODWOOD:WOOD PODIUM,0,.01,QAR,204,A,,3253581735206
001,020415345382,9834,PLV,1988,OCC:L'OCCITANE,6640,PROMOTIONAL MATERIALS,52BOWL20:GENERIC BOWL SET OF 2,0,.01,QAR,204,A,,3253581729274
001,020415345384,9834,PLV,1988,OCC:L'OCCITANE,4524,DISPLAY MATERIALS,52TESTCAPC20:CAP CEDRAT TESTING TOOL20-SET3,0,.01,QAR,204,A,,3253581717158
001,020415345385,9834,PLV,1988,OCC:L'OCCITANE,4524,DISPLAY MATERIALS,52TESTCED20:CEDRAT TESTING TOOL 20 - SET3,0,.01,QAR,204,A,,3253581717141
001,020415345386,9834,PLV,1988,OCC:L'OCCITANE,4524,DISPLAY MATERIALS,52TESTCHBLO20:CH BLOSS TESTING TOOL 19-SET3,0,.01,QAR,204,A,,3253581716984
001,020415345387,9834,PLV,1988,OCC:L'OCCITANE,4524,DISPLAY MATERIALS,52TESTHERBE20:HERBAE EAU TESTING TOOL20–SET3,0,.01,QAR,204,A,,3253581717134
001,020415345388,9834,PLV,1988,OCC:L'OCCITANE,4524,DISPLAY MATERIALS,52TESTNO20:N & O TESTING TOOL 20 –SET3,0,.01,QAR,204,A,,3253581717059
001,020415345389,9834,PLV,1988,OCC:L'OCCITANE,4524,DISPLAY MATERIALS,52TESTROS20:ROSE TESTING TOOL 20 – SET3,0,.01,QAR,204,A,,3253581717028
001,020415345390,9834,PLV,1988,OCC:L'OCCITANE,4524,DISPLAY MATERIALS,52TESTTDLE20:TDL EAU TESTING TOOL20 – SET3,0,.01,QAR,204,A,,3253581717042
001,020415345391,9834,PLV,1988,OCC:L'OCCITANE,4524,DISPLAY MATERIALS,52TESTVERB20:VERBENA TESTING TOOL - SET OF3,0,.01,QAR,204,A,,3253581716977
001,020415345392,9834,PLV,1988,OCC:L'OCCITANE,4524,DISPLAY MATERIALS,52TESTVERCIT20:VERB CIT TESTING TOOL20– SET3,0,.01,QAR,204,A,,3253581717011
001,020415345393,9834,PLV,1988,OCC:L'OCCITANE,4524,DISPLAY MATERIALS,52TSFDIS20:TS FACECARE DISPLAYER,0,.01,QAR,204,A,,3253581716748
001,020415345394,9834,PLV,1988,OCC:L'OCCITANE,4524,DISPLAY MATERIALS,52TSPDIS20:TS PERFUME DISPLAYER,0,.01,QAR,204,A,,3253581716731
001,020415345395,9834,PLV,1988,OCC:L'OCCITANE,4524,DISPLAY MATERIALS,52TSRINS20:TS RANGE INSERT - SET OF 10,0,.01,QAR,204,A,,3253581716762
001,020415345396,9834,PLV,1988,OCC:L'OCCITANE,4524,DISPLAY MATERIALS,52TSTUB6HOS20:TS TESTER TUBE HOLDER - SETOF6,0,.01,QAR,204,A,,3253581716939
001,020415347501,9815,BEAUTY SET,1988,OCC:L'OCCITANE,3997,BEAUTY SET,12MDNOK21:MOTHER'S DAY NEROLI KIT 2021,75.6,189,QAR,204,A,,020425347501
001,020415347502,9815,BEAUTY SET,1988,OCC:L'OCCITANE,3997,BEAUTY SET,12MDNOTRI21:MOTHER'S DAY NEROLI TRIOLOGY 2021,39.6,99,QAR,204,A,,020425347502
001,020415347503,9815,BEAUTY SET,1988,OCC:L'OCCITANE,3997,BEAUTY SET,24MDROTRI21:MOTHER'S DAY ROSE TRIOLOGY,39.6,99,QAR,204,A,,020425347503
001,020415347512,9815,BEAUTY SET,1988,OCC:L'OCCITANE,3997,BEAUTY SET,10NOHLDUO21:SHEA NEROLI HAND LIPS DUO 2021,35.6,89,QAR,204,A,,020425347512
001,020415347513,9815,BEAUTY SET,1988,OCC:L'OCCITANE,3997,BEAUTY SET,10HYDKT21:HYDRATION KIT 2021,43.6,109,QAR,204,A,,020425347513
001,020415347514,9815,BEAUTY SET,1988,OCC:L'OCCITANE,3997,BEAUTY SET,29ALSHF21:ALMOND SHOWER SET 2021,79.6,199,QAR,204,A,,020425347514
001,020415347515,9828,TOILETRIES,1988,OCC:L'OCCITANE,6749,SET,10TRIHCR21:TRIO HAND CREAM MD 2021,47.6,119,QAR,204,A,,020425347515
001,020415347516,9828,TOILETRIES,1988,OCC:L'OCCITANE,6749,SET,10TRIHCL21:TRIO HAND CREAM 2021,47.6,119,QAR,204,A,,020425347516
001,020415347517,9815,BEAUTY SET,1988,OCC:L'OCCITANE,3997,BEAUTY SET,10HCTRIN21:HAND CREAM TRIO LE NOON 2021,47.6,119,QAR,204,A,,020425347517
001,020415347518,9828,TOILETRIES,1988,OCC:L'OCCITANE,6749,SET,10BSTRSET21:BEST SELLER TRAVEL SET 2021,38,95,QAR,204,A,,020425347518
001,020415347519,9801,SKINCARE,1988,OCC:L'OCCITANE,6749,SET,10FCROTS21:TRAVEL FACE CARE ROUTINE 2021,35.6,89,QAR,204,A,,020425347519
001,020415347520,9801,SKINCARE,1988,OCC:L'OCCITANE,6749,SET,27ORSETD21:RESET SERUM WITH DIVINE ROUTINE 2021,119.6,299,QAR,204,A,,020425347520
001,020415347524,9842,MAKE UP,1988,OCC:L'OCCITANE,1,SET,11YALPOU21:YALDA MAKEUP KIT 2021,75.6,189,QAR,204,A,,020425347524
001,020415347525,9842,MAKE UP,1988,OCC:L'OCCITANE,1,SET,11MUPOU21:MAKEUP POUCH 2021,70,175,QAR,204,A,,020425347525
001,020415349560,9828,TOILETRIES,1988,OCC:L'OCCITANE,3991,BATH & BODY,24GD250R20:ROSE SHOWER GEL 250ML,35.6,89,QAR,204,A,,3253581717646
001,020415352341,9834,PLV,1988,OCC:L'OCCITANE,4524,DISPLAY MATERIALS,52TESTOCCI20:OCCITAN TESTING TOOL 20 - SET3,0,.01,QAR,204,A,,3253581717172
001,020415354057,9828,TOILETRIES,1988,OCC:L'OCCITANE,4634,HAND & FOOT CARE,11CM030O21:OSMANTHUS HAND CREAM 30ML,19.6,49,QAR,204,A,,3253581707241
001,020415354059,9813,FRAGRANCES,1988,OCC:L'OCCITANE,4538,EAU DE TOILETTE,11ET075O21:OSMANTHUS EDT 75ML,110,290,QAR,204,A,,3253581707166
001,020415354060,9828,TOILETRIES,1988,OCC:L'OCCITANE,3991,BATH & BODY,11GD250O21:OSMANTHUS SHOWER GEL 250ML,35.6,90,QAR,204,A,,3253581707180
001,020415354061,9828,TOILETRIES,1988,OCC:L'OCCITANE,3991,BATH & BODY,11LC250O21:OSMANTHUS BODY LOTION 250ML,54,155,QAR,204,A,,3253581707203
001,020415354062,9828,TOILETRIES,1988,OCC:L'OCCITANE,3991,BATH & BODY,11SA050O21:OSMANTHUS SOAP 50G,11.6,30,QAR,204,A,,3253581707265
001,020415354063,9850,HAIR CARE,1988,OCC:L'OCCITANE,6753,SHAMPOO,17SH060SG21:REPAIR SOLID SHAMPOO 60GR,19.6,65,QAR,204,A,,3253581729700
001,020415354064,9850,HAIR CARE,1988,OCC:L'OCCITANE,6753,SHAMPOO,17SH060SP21:FRESH SOLID SHAMPOO 60GR,21.155,65,QAR,204,A,,3253581721315
001,020415354068,9834,PLV,1988,OCC:L'OCCITANE,4524,DISPLAY MATERIALS,52CL4JARS20:CLEAR GLASS JARS - SET OF 4,0,.01,QAR,204,A,,3253581716793
001,020415354069,9834,PLV,1988,OCC:L'OCCITANE,4524,DISPLAY MATERIALS,52GR4JARS20:GREEN GLASS JARS -  SET OF 4,0,.01,QAR,204,A,,3253581716809
001,020415354070,9834,PLV,1988,OCC:L'OCCITANE,4524,DISPLAY MATERIALS,52KITTRAYSMEN20:KIT OF 2 CADE TRAYS,0,.01,QAR,204,A,,3253581680360
001,020415354071,9834,PLV,1988,OCC:L'OCCITANE,4524,DISPLAY MATERIALS,52L3HOLD20:PRODUCT HOLDER LARGE - SET OF3,0,.01,QAR,204,A,,3253581716922
001,020415354072,9834,PLV,1988,OCC:L'OCCITANE,4524,DISPLAY MATERIALS,52LBASK20:LARGE HANDMADE WICKER BASKET,0,.01,QAR,204,A,,3253581716816
001,020415354074,9834,PLV,1988,OCC:L'OCCITANE,4524,DISPLAY MATERIALS,52S3HOLD20:PRODUCT HOLDER SMALL - SET OF3,0,.01,QAR,204,A,,3253581716915
001,020415354075,9834,PLV,1988,OCC:L'OCCITANE,4524,DISPLAY MATERIALS,52SHEANUTS20:SHEA NUTS,0,.01,QAR,204,A,,3253581717240
001,020415354076,9834,PLV,1988,OCC:L'OCCITANE,4524,DISPLAY MATERIALS,52TESTBAU20:BAUX TESTING TOOL 20- SET OF 3,0,.01,QAR,204,A,,3253581717165
001,020415354077,9834,PLV,1988,OCC:L'OCCITANE,4524,DISPLAY MATERIALS,52TESTLAV20:LAVENDER TESTING TOOL19 -SET3,0,.01,QAR,204,A,,3253581716991
001,020415354078,9834,PLV,1988,OCC:L'OCCITANE,4524,DISPLAY MATERIALS,52TSGLO20:TS GEN GLORI WO LIG - SET OF5,0,.01,QAR,204,A,,3253581716779
001,020415354079,9834,PLV,1988,OCC:L'OCCITANE,4524,DISPLAY MATERIALS,52TSLARGTRAY20:TS - LARGE TESTING TRAY,0,.01,QAR,204,A,,3253581716946
001,020415354080,9834,PLV,1988,OCC:L'OCCITANE,4524,DISPLAY MATERIALS,52TSLONGTRAY20:TS - LONG TESTING TRAY,0,.01,QAR,204,A,,3253581716953
001,020415354351,9828,TOILETRIES,1988,OCC:L'OCCITANE,3991,BATH & BODY,11BRAM025C21:86 ME HAIR MIST AMBER 25ML,87.6,230,QAR,204,A,,3253581718445
001,020415354353,9828,TOILETRIES,1988,OCC:L'OCCITANE,3991,BATH & BODY,11BRMU025C21:86 ME HAIR MIST MUSK 25ML,87.6,230,QAR,204,A,,3253581718452
001,020415364961,9828,TOILETRIES,1988,OCC:L'OCCITANE,3991,BATH & BODY,29RC200A20:ALM ECO-REFILL MILK CONC 200ML,74,225,QAR,204,A,,3253581721612
001,020415364963,9828,TOILETRIES,1988,OCC:L'OCCITANE,3991,BATH & BODY,29LC200A20:ALM LE MILK CONCENTRATE 200ML,103.6,270,QAR,204,A,,3253581721575
001,020415364964,9801,SKINCARE,1988,OCC:L'OCCITANE,6744,SERUM,27ER050I21:RESET TRI ESSENCE 50ML,54,199,QAR,204,A,,3253581688946
001,020415373171,9815,BEAUTY SET,1988,OCC:L'OCCITANE,3997,BEAUTY SET,CWOC000003509:CAP CEDRAT PERFUME XMAS 20,114,269,QAR,204,A,,3253581690581
001,020415381576,9834,PLV,1988,OCC:L'OCCITANE,6640,PROMOTIONAL MATERIALS,29MAYGWP21:MAY 2021 GWP,0,.01,QAR,204,A,,020425381576
001,020415414373,9834,PLV,1988,OCC:L'OCCITANE,4524,DISPLAY MATERIALS,52GANTSS4:SPA MITTS,0,.01,QAR,204,A,,3253581754320
001,020415414377,9834,PLV,1988,OCC:L'OCCITANE,4524,DISPLAY MATERIALS,52SERLMS4:SPA L TOWEL,0,.01,QAR,204,A,,3253581754351
001,020415414378,9834,PLV,1988,OCC:L'OCCITANE,4524,DISPLAY MATERIALS,52SERMMS4:SPA M TOWEL,0,.01,QAR,204,A,,3253581754368
001,020415414379,9834,PLV,1988,OCC:L'OCCITANE,4524,DISPLAY MATERIALS,52SERSMS4:SPA S TOWEL,0,.01,QAR,204,A,,3253581754405
001,020415414381,9828,TOILETRIES,1988,OCC:L'OCCITANE,3991,BATH & BODY,15GD250VA20:CIT VER SHOWER GEL 250ML,35.6,99,QAR,204,A,,3253581717615
001,020415414382,9828,TOILETRIES,1988,OCC:L'OCCITANE,3991,BATH & BODY,15LC250VA20:CIT VER BODY MILK 250ML,54,155,QAR,204,A,,3253581717516
001,020415414383,9850,HAIR CARE,1988,OCC:L'OCCITANE,6753,SHAMPOO,15SH250VA20:CIT VER SHAMPOO 250ML,30.8951,90,QAR,204,A,,3253581717608
001,020415423912,9815,BEAUTY SET,1988,OCC:L'OCCITANE,3997,BEAUTY SET,24ROSSET2021:ROSE SET 2021,175.6,439,QAR,204,A,,020425423912
001,020415447015,9828,TOILETRIES,1988,OCC:L'OCCITANE,3991,BATH & BODY,29HS100A21:SUPPLE SKIN OIL 100ML,90.5666,230,QAR,204,A,,3253581758595
001,020415447017,9828,TOILETRIES,1988,OCC:L'OCCITANE,3991,BATH & BODY,15AS150VCL21:CAC VER 21 AFTERSUN CARE 150ML,18.0408,135,QAR,204,A,,3253581718155
001,020415447018,9834,PLV,1988,OCC:L'OCCITANE,6722,SAMPLES,52MC006G21:INTENSIVE REPAIR MASK 6ML,0,.01,QAR,204,A,,3253581730010
001,020415447019,9834,PLV,1988,OCC:L'OCCITANE,6722,SAMPLES,52SH006G21:INTENSIVE REPAIR SH 6ML,0,.01,QAR,204,A,,3253581750827
001,020415447020,9834,PLV,1988,OCC:L'OCCITANE,6722,SAMPLES,52AS006G21:INTENSIVE REPAIR COND 6ML,0,.01,QAR,204,A,,3253581729991
001,020415447021,9828,TOILETRIES,1988,OCC:L'OCCITANE,3991,BATH & BODY,29GE200A21:SHOWER SCRUB 200ML,35.6,110,QAR,204,A,,3253581758588
001,020415447024,9828,TOILETRIES,1988,OCC:L'OCCITANE,3991,BATH & BODY,15BM500VB21:VER FOAMING BATH 500ML,55.6,150,QAR,204,A,,3253581718278
001,020415447025,9828,TOILETRIES,1988,OCC:L'OCCITANE,4634,HAND & FOOT CARE,29MA075A21:DELICIOUS HANDS 75ML,35.6,99,QAR,204,A,,3253581758564
001,020415447026,9834,PLV,1988,OCC:L'OCCITANE,6722,SAMPLES,52LC006A20:ALMOND MILK CONCENTRATE 6MLX1,0,.01,QAR,204,A,,3253581721629
001,020415496129,9834,PLV,1988,OCC:L'OCCITANE,6722,SAMPLES,52DIVR1B21:DIVINE ROUTINE 1 B,0,.01,QAR,204,A,,020425496129
001,020415496130,9834,PLV,1988,OCC:L'OCCITANE,6722,SAMPLES,52DVR1NB21:DIVINE ROUTINE 1 NB,0,.01,QAR,204,A,,020425496130
001,020415496131,9834,PLV,1988,OCC:L'OCCITANE,6722,SAMPLES,52DVR2B21:DIVINE ROUTINE 2 B,0,.01,QAR,204,A,,020425496131
001,020415496323,9834,PLV,1988,OCC:L'OCCITANE,6722,SAMPLES,52DVR2NB21:DIVINE ROUTINE 2 NB,0,.01,QAR,204,A,,020425496323
001,020415496324,9834,PLV,1988,OCC:L'OCCITANE,6722,SAMPLES,52PRR1B21:PRECIOUS ROUTINE 1 B,0,.01,QAR,204,A,,020425496324
001,020415496325,9834,PLV,1988,OCC:L'OCCITANE,6722,SAMPLES,52PRR2NB21:PRECIOUS ROUTINE 1 NB,0,.01,QAR,204,A,,020425496325
001,020415496326,9834,PLV,1988,OCC:L'OCCITANE,6722,SAMPLES,52RBR1B21:RB ROUTINE 1 B,0,.01,QAR,204,A,,020425496326
001,020415496327,9834,PLV,1988,OCC:L'OCCITANE,6722,SAMPLES,52RBR1NB21:RB ROUTINE 1 NB,0,.01,QAR,204,A,,020425496327
001,020415496328,9834,PLV,1988,OCC:L'OCCITANE,6722,SAMPLES,52RSR1B21:RESET ROUTINE 1 B,0,.01,QAR,204,A,,020425496328
001,020415496329,9834,PLV,1988,OCC:L'OCCITANE,6722,SAMPLES,52RSR1NB21:RESET ROUTINE 1 NB,0,.01,QAR,204,A,,020425496329
001,020415496330,9834,PLV,1988,OCC:L'OCCITANE,6722,SAMPLES,52RSR2B21:RESET ROUTINE 2 B,0,.01,QAR,204,A,,020425496330
001,020415496331,9834,PLV,1988,OCC:L'OCCITANE,6722,SAMPLES,52RSR2NB21:RESET ROUTINE 2 NB,0,.01,QAR,204,A,,020425496331
001,020415496332,9834,PLV,1988,OCC:L'OCCITANE,6722,SAMPLES,52HCR1B21:HAIR CARE ROUTINE 1 B,0,.01,QAR,204,A,,020425496332
001,020415496333,9834,PLV,1988,OCC:L'OCCITANE,6722,SAMPLES,52HCR1NB21:HAIR CARE ROUTINE 1 NB,0,.01,QAR,204,A,,020425496333
001,020415496334,9834,PLV,1988,OCC:L'OCCITANE,6722,SAMPLES,52BSR1B21:BEST SELLER ROUTINE 1 B,0,.01,QAR,204,A,,020425496334
001,020415496353,9834,PLV,1988,OCC:L'OCCITANE,6722,SAMPLES,52BSR1NB21:BEST SELLER ROUTINE 1 NB,0,.01,QAR,204,A,,020425496353
001,020415498301,9815,BEAUTY SET,1988,OCC:L'OCCITANE,3997,BEAUTY SET,15VESOS21:VBRBENA SET 2021,47.6,119,QAR,204,A,,020425498301
001,020415498302,9815,BEAUTY SET,1988,OCC:L'OCCITANE,3997,BEAUTY SET,01SBVS2021:SHEA BUTTER BODY CARE SET 2021 V2,216.76,541.9,QAR,204,A,,020425498302
001,020415498315,9834,PLV,1988,OCC:L'OCCITANE,6640,PROMOTIONAL MATERIALS,15JUNGWP21:JUNE 2021 GWP,0,.01,QAR,204,A,,020425498315
001,020416672138,9828,TOILETRIES,1988,OCC:L'OCCITANE,3991,BATH & BODY,01SAR500KC20:SHEA CITRUS SOAP REFILL 500ML,37.76,110,QAR,204,A,,3253581754641
001,020416672140,9828,TOILETRIES,1988,OCC:L'OCCITANE,4634,HAND & FOOT CARE,01CM150KVA22:SHEA AMBER VAN HAND CR 150ML,55.4805,150,QAR,204,A,,3253581764176
001,020416672141,9828,TOILETRIES,1988,OCC:L'OCCITANE,3991,BATH & BODY,01GD500KVA22:SHEA AMBER VAN SHOWER CR 500ML,15.3098,160,QAR,204,A,,3253581764183
001,020416721383,9813,FRAGRANCES,1988,OCC:L'OCCITANE,4538,EAU DE TOILETTE,11EDT50H24:HERBAE 24 EDT 50ML,132.4682,335,QAR,204,A,,3253581767771
001,020416721385,9813,FRAGRANCES,1988,OCC:L'OCCITANE,4538,EAU DE TOILETTE,20ET075CD22:EAU DE TOILETTE CEDRAT 75ML,115.6,315,QAR,204,A,,3253581769034
001,020416721386,9828,TOILETRIES,1988,OCC:L'OCCITANE,3991,BATH & BODY,11GD250H24:HERBAE 24 SHOWER GEL 250ML,35.6,99,QAR,204,A,,3253581767795
001,020416721387,9834,PLV,1988,OCC:L'OCCITANE,4524,DISPLAY MATERIALS,52K20LAVLOW23:LAVANDE,0,.01,QAR,204,A,,3253581866825
001,020416721388,9828,TOILETRIES,1988,OCC:L'OCCITANE,3991,BATH & BODY,24GD500CB22:CB B AND SHOWER GEL 500ML,56,160,QAR,204,A,,3253581766606
001,020416721389,9828,TOILETRIES,1988,OCC:L'OCCITANE,3991,BATH & BODY,15GD500VA20:CITRUS VER SHOWER GEL 500ML,56,160,QAR,204,A,,3253581658048
001,020416721391,9828,TOILETRIES,1988,OCC:L'OCCITANE,4634,HAND & FOOT CARE,01MA030K24:SHEA HAND CREAM 30ML,19.6,49,QAR,204,A,,3253581768648
001,020416721392,9828,TOILETRIES,1988,OCC:L'OCCITANE,4634,HAND & FOOT CARE,49MA010K24:SHEA HAND CREAM 10ML,2.0395,15,QAR,204,A,,3253581768655
001,020416721393,9828,TOILETRIES,1988,OCC:L'OCCITANE,3991,BATH & BODY,11SA050H24:HERBAE IR 24 SOAP 50GR,11.6,30,QAR,204,A,,3253581767832
001,020416721394,9828,TOILETRIES,1988,OCC:L'OCCITANE,3991,BATH & BODY,11LC250H24:HERBAE 24 BODY MILK 250ML,54.4,155,QAR,204,A,,3253581767818
001,020416721395,9834,PLV,1988,OCC:L'OCCITANE,4524,DISPLAY MATERIALS,52K20BIM23:IMMORTELLE SICA,0,.01,QAR,204,A,,3253581866818
001,020416721396,9828,TOILETRIES,1988,OCC:L'OCCITANE,4634,HAND & FOOT CARE,11MA030H24:HERBAE 24 HAND CREAM 30ML,19.6,49,QAR,204,A,,3253581767825
001,020416721397,9828,TOILETRIES,1988,OCC:L'OCCITANE,3991,BATH & BODY,11LC075H24:HERBAE 24 BODY MILK 75ML,19.6,55,QAR,204,A,,3253581768204
001,020416721398,9828,TOILETRIES,1988,OCC:L'OCCITANE,3991,BATH & BODY,11GD075H24:HERBAE 24 SHOWER GEL 75ML,14,32,QAR,204,A,,3253581767801
001,020416721401,9801,SKINCARE,1988,OCC:L'OCCITANE,6744,SERUM,27ER050I23:IMM RESET TRI ESSENCE 50ML,66.6447,199,QAR,204,A,,3253581767245
001,020416721402,9828,TOILETRIES,1988,OCC:L'OCCITANE,4634,HAND & FOOT CARE,15MA030VA24:CITRUS VERBENA HAND CREAM 30ML,19.6,49,QAR,204,A,,3253581769584
001,020416721403,9828,TOILETRIES,1988,OCC:L'OCCITANE,4634,HAND & FOOT CARE,15MA030VB24:VERBENA 30ML HAND CREAM,19.6,49,QAR,204,A,,3253581769454
001,020416721404,9828,TOILETRIES,1988,OCC:L'OCCITANE,4634,HAND & FOOT CARE,49PI010K23:SHEA BUTTER FOOT CREAM 10ML,2.0678,15,QAR,204,A,,3253581761595
001,020416721405,9828,TOILETRIES,1988,OCC:L'OCCITANE,4634,HAND & FOOT CARE,15CM030LB24:WHITE LAVEND HAND CREAM 30ML,19.6,49,QAR,204,A,,3253581770399
001,020416721615,9815,BEAUTY SET,1988,OCC:L'OCCITANE,3997,BEAUTY SET,29ALMIRVS323:ALMOND IRRESISTABLE COLLECTION 2023 V3,151.8737,380,QAR,204,A,,020426721615
001,020416721616,9815,BEAUTY SET,1988,OCC:L'OCCITANE,3997,BEAUTY SET,24CBVCOLL23:CHERRY BLOSSOM COLLECTION 2023,176,480,QAR,204,A,,020426721616
001,020416721617,9815,BEAUTY SET,1988,OCC:L'OCCITANE,3997,BEAUTY SET,29ALMEXVS223:ALMOND EXFOLIATING SET 2023 V2,182,460,QAR,204,A,,020426721617
001,020416738348,9828,TOILETRIES,1988,OCC:L'OCCITANE,4634,HAND & FOOT CARE,01SA500KVA22:SHEA VANIL LIQ SOAP QVC 500ML,44.9333,135,QAR,204,A,,3253581761625
001,020416738350,9828,TOILETRIES,1988,OCC:L'OCCITANE,4634,HAND & FOOT CARE,01SAR500KVA22:SHEA VA LIQ SOAP RE QVC 500ML,35.6,110,QAR,204,A,,3253581761632
001,020416750388,9828,TOILETRIES,1988,OCC:L'OCCITANE,3991,BATH & BODY,29CD200A24:ALM WHIPPED SHOWER CREAM 200ML,43.6773,110,QAR,204,A,,3253581768044
001,020416750390,9828,TOILETRIES,1988,OCC:L'OCCITANE,3991,BATH & BODY,24GD075R23:ROSE SHOWER GEL 75ML,12.24,32,QAR,204,A,,3253581767924
001,020416750391,9828,TOILETRIES,1988,OCC:L'OCCITANE,3991,BATH & BODY,98BBGD030VE5:SHOWER GEL VERBENA 30ML,6.0001,15,QAR,204,A,,3253581763681
001,020416750392,9828,TOILETRIES,1988,OCC:L'OCCITANE,3991,BATH & BODY,11GD075O22:OSMANTHUS SHOWER GEL 75ML,12.0002,30,QAR,204,A,,3253581767887
001,020416750393,9828,TOILETRIES,1988,OCC:L'OCCITANE,3991,BATH & BODY,24GD500R23:ROSE SHOWER GEL 500ML,64,160,QAR,204,A,,3253581767948
001,020416750396,9828,TOILETRIES,1988,OCC:L'OCCITANE,3991,BATH & BODY,98BBLC030VE6:VERBENA BODY LOTION 30ML,6.0001,15,QAR,204,A,,3253581763742
001,020416750397,9828,TOILETRIES,1988,OCC:L'OCCITANE,4634,HAND & FOOT CARE,49CM010BA24:GOLDEN BUTTON HAND CREAM 10ML,2.0453,15,QAR,204,A,,3253581769096
001,020416750398,9828,TOILETRIES,1988,OCC:L'OCCITANE,3991,BATH & BODY,29LC050A23:ALM LE MILK CONCENTRATE 50ML,10.2891,80,QAR,204,A,,3253581770054
001,020416750399,9828,TOILETRIES,1988,OCC:L'OCCITANE,4634,HAND & FOOT CARE,49MA010CB23:CHE BLOSSOM HAND CREAM 10ML,5.2,15,QAR,204,A,,3253581769058
001,020416750400,9828,TOILETRIES,1988,OCC:L'OCCITANE,4634,HAND & FOOT CARE,49BM010K24:SHEA INTENSIVE HAND BALM 10ML,2.0453,20,QAR,204,A,,3253581769331
001,020416750401,9828,TOILETRIES,1988,OCC:L'OCCITANE,4634,HAND & FOOT CARE,01MR150K23:SHEA ROSE HAND CREAM 150ML,56,150,QAR,204,A,,3253581735473
001,020416750403,9850,HAIR CARE,1988,OCC:L'OCCITANE,6753,SHAMPOO,98BBSH030VE4:VERBENA SHAMPOO 30ML,6.0001,15,QAR,204,A,,3253581763803
001,020416750404,9850,HAIR CARE,1988,OCC:L'OCCITANE,3903,AFTER SHAMPOO,98BBAS030VE5:VERBENA CONDITIONER 30ML,6.0001,15,QAR,204,A,,3253581763865
001,020416750405,9834,PLV,1988,OCC:L'OCCITANE,6977,WRAPPING MATERIALS,52HCTM24:2024 MDAY EMPTY HC TRIO,1.0588,.54,QAR,204,A,,3253581866733
001,020416750406,9834,PLV,1988,OCC:L'OCCITANE,6640,PROMOTIONAL MATERIALS,49BASKM24:2024 MDAY ECO BASKET,6.6079,3.34,QAR,204,A,,3253581866788
001,020416750407,9828,TOILETRIES,1988,OCC:L'OCCITANE,3991,BATH & BODY,29BB018A24:ALMOND MINI BATH BOMB 18GR,6.8024,17,QAR,204,A,,3253581768051
001,020416758615,9834,PLV,1988,OCC:L'OCCITANE,6977,WRAPPING MATERIALS,80SOG2R24:GENERIX BOXES - SOG2,1.6405,.9,QAR,204,A,,020426758615
001,020416758617,9834,PLV,1988,OCC:L'OCCITANE,6977,WRAPPING MATERIALS,80SOG2E24:GENERIX BOXES - SOG2,1.6405,.9,QAR,204,A,,020426758617
001,020416758618,9834,PLV,1988,OCC:L'OCCITANE,6977,WRAPPING MATERIALS,80SOG2K24:GENERIX BOXES - SOG2,1.6405,.9,QAR,204,A,,020426758618
001,020416758619,9834,PLV,1988,OCC:L'OCCITANE,6977,WRAPPING MATERIALS,80SOG6E24:GENERIX BOXES - SOG6,1.6405,.9,QAR,204,A,,020426758619
001,020416758620,9834,PLV,1988,OCC:L'OCCITANE,6977,WRAPPING MATERIALS,80SOG6K24:GENERIX BOXES - SOG6,1.6405,.9,QAR,204,A,,020426758620
001,020416758621,9834,PLV,1988,OCC:L'OCCITANE,6977,WRAPPING MATERIALS,80SOG1K24:GENERIX BOXES - SOG1,1.6405,.9,QAR,204,A,,020426758621
001,020416758622,9834,PLV,1988,OCC:L'OCCITANE,6977,WRAPPING MATERIALS,80SOG1E24:GENERIX BOXES - SOG1,1.6405,.9,QAR,204,A,,020426758622
001,020416758623,9834,PLV,1988,OCC:L'OCCITANE,6977,WRAPPING MATERIALS,80SOG1R24:GENERIX BOXES - SOG1,1.6405,.9,QAR,204,A,,020426758623
001,020416758624,9834,PLV,1988,OCC:L'OCCITANE,6977,WRAPPING MATERIALS,80SOG3K24:GENERIX BOXES - SOG3,1.6409,.9,QAR,204,A,,020426758624
001,020416758625,9834,PLV,1988,OCC:L'OCCITANE,6977,WRAPPING MATERIALS,80SOG3E24:GENERIX BOXES - SOG3,1.6405,.9,QAR,204,A,,020426758625
001,020416758626,9834,PLV,1988,OCC:L'OCCITANE,6977,WRAPPING MATERIALS,80SOG3R24:GENERIX BOXES - SOG3,1.6405,.9,QAR,204,A,,020426758626
001,020416758627,9834,PLV,1988,OCC:L'OCCITANE,6977,WRAPPING MATERIALS,80SOG4K24:GENERIX BOXES - SOG4,1.6405,.9,QAR,204,A,,020426758627
001,020416758628,9834,PLV,1988,OCC:L'OCCITANE,6977,WRAPPING MATERIALS,80SOG4E24:GENERIX BOXES - SOG4,1.6405,.9,QAR,204,A,,020426758628
001,020416758629,9834,PLV,1988,OCC:L'OCCITANE,6977,WRAPPING MATERIALS,80SOG4R24:GENERIX BOXES - SOG4,1.6405,.9,QAR,204,A,,020426758629
001,020416758630,9834,PLV,1988,OCC:L'OCCITANE,6977,WRAPPING MATERIALS,80SOG5E24:GENERIX BOXES - SOG5,1.6409,.9,QAR,204,A,,020426758630
001,020416758631,9834,PLV,1988,OCC:L'OCCITANE,6977,WRAPPING MATERIALS,80SOG5K24:GENERIX BOXES - SOG5,1.6409,.9,QAR,204,A,,020426758631
001,020416758632,9834,PLV,1988,OCC:L'OCCITANE,6977,WRAPPING MATERIALS,80SOG7E24:GENERIX BOXES - SOG7,1.6405,.9,QAR,204,A,,020426758632
001,020416758633,9834,PLV,1988,OCC:L'OCCITANE,6977,WRAPPING MATERIALS,80SOG7K24:GENERIX BOXES - SOG7,1.6405,.9,QAR,204,A,,020426758633
001,020416758751,9834,PLV,1988,OCC:L'OCCITANE,4524,DISPLAY MATERIALS,80TRY24:TRAY 2024,1.6405,.9,QAR,204,A,,020426758751
001,020416765735,9815,BEAUTY SET,1988,OCC:L'OCCITANE,3997,BEAUTY SET,24CBRAM24:CHERRY BLOSSOM RAMADAN SET 2024,91.6,230,QAR,204,A,,020426765735
001,020416765736,9815,BEAUTY SET,1988,OCC:L'OCCITANE,3997,BEAUTY SET,15VERAM24:VERBENA RAMADAN SET 2024,91.6,230,QAR,204,A,,020426765736
001,020416765737,9815,BEAUTY SET,1988,OCC:L'OCCITANE,3997,BEAUTY SET,01SBRAM24:SHEA BUTTER RAMADAN SET 2024,123.6,310,QAR,204,A,,781005621130
001,020416765737,9815,BEAUTY SET,1988,OCC:L'OCCITANE,3997,BEAUTY SET,01SBRAM24:SHEA BUTTER RAMADAN SET 2024,123.6,310,QAR,204,A,,0781005621130
001,020416765738,9815,BEAUTY SET,1988,OCC:L'OCCITANE,3997,BEAUTY SET,12NORAM24:NEROLI RAMADAN SET 2024,87.6,219,QAR,204,A,,020426765738
001,020416765739,9815,BEAUTY SET,1988,OCC:L'OCCITANE,3997,BEAUTY SET,29ALMRAM24:ALMOND RAMADAN SET 2024,123.6,310,QAR,204,A,,781005621147
001,020416765739,9815,BEAUTY SET,1988,OCC:L'OCCITANE,3997,BEAUTY SET,29ALMRAM24:ALMOND RAMADAN SET 2024,123.6,310,QAR,204,A,,0781005621147
001,020416765740,9815,BEAUTY SET,1988,OCC:L'OCCITANE,3997,BEAUTY SET,10SOG1E24:SOG SET 1 EID 2024,14,35,QAR,204,A,,020426765740
001,020416765741,9815,BEAUTY SET,1988,OCC:L'OCCITANE,3997,BEAUTY SET,10SOG1K24:SOG SET 1 KOL 2024,14,35,QAR,204,A,,020426765741
001,020416765742,9828,TOILETRIES,1988,OCC:L'OCCITANE,6749,SET,10SOG1R24:SOG SET 1 RAM 2024,14,35,QAR,204,A,,020426765742
001,020416765743,9815,BEAUTY SET,1988,OCC:L'OCCITANE,3997,BEAUTY SET,10SOG2E24:SOG SET 2 EID 2024,18,45,QAR,204,A,,020426765743
001,020416765744,9815,BEAUTY SET,1988,OCC:L'OCCITANE,3997,BEAUTY SET,10SOG2K24:SOG SET 2 KOL 2024,18,45,QAR,204,A,,020426765744
001,020416765745,9815,BEAUTY SET,1988,OCC:L'OCCITANE,3997,BEAUTY SET,10SOG2R24:SOG SET 2 RAM 2024,18,45,QAR,204,A,,020426765745
001,020416765746,9815,BEAUTY SET,1988,OCC:L'OCCITANE,3997,BEAUTY SET,10SOG3E24:SOG SET 3 EID 2024,22,55,QAR,204,A,,020426765746
001,020416765747,9815,BEAUTY SET,1988,OCC:L'OCCITANE,3997,BEAUTY SET,10SOG3K24:SOG SET 3 KOL 2024,22,55,QAR,204,A,,020426765747
001,020416765748,9815,BEAUTY SET,1988,OCC:L'OCCITANE,3997,BEAUTY SET,10SOG3R24:SOG SET 3 RAM 2024,22,55,QAR,204,A,,020426765748
001,020416765749,9815,BEAUTY SET,1988,OCC:L'OCCITANE,3997,BEAUTY SET,10SOG4E24:SOG SET 4 EID 2024,26,65,QAR,204,A,,020426765749
001,020416765750,9815,BEAUTY SET,1988,OCC:L'OCCITANE,3997,BEAUTY SET,10SOG4K24:SOG SET 4 KOL 2024,26,65,QAR,204,A,,020426765750
001,020416765751,9815,BEAUTY SET,1988,OCC:L'OCCITANE,3997,BEAUTY SET,10SOG4R24:SOG SET 4 RAM 2024,26,65,QAR,204,A,,020426765751
001,020416765752,9815,BEAUTY SET,1988,OCC:L'OCCITANE,3997,BEAUTY SET,10SOG5E24:SOG SET 5 EID 2024,27.6,70,QAR,204,A,,020426765752
001,020416765753,9815,BEAUTY SET,1988,OCC:L'OCCITANE,3997,BEAUTY SET,10SOG5K24:SOG SET 5 KOL 2024,27.6,70,QAR,204,A,,020426765753
001,020416765754,9815,BEAUTY SET,1988,OCC:L'OCCITANE,3997,BEAUTY SET,10SOG6E24:SOG SET 6 EID 2024,31.6,80,QAR,204,A,,020426765754
001,020416765755,9828,TOILETRIES,1988,OCC:L'OCCITANE,6749,SET,10SOG6K24:SOG SET 6 KOL 2024,31.6,80,QAR,204,A,,020426765755
001,020416765756,9815,BEAUTY SET,1988,OCC:L'OCCITANE,3997,BEAUTY SET,10SOG7E24:SOG SET 7 EID 2024,35.6,90,QAR,204,A,,020426765756
001,020416765757,9815,BEAUTY SET,1988,OCC:L'OCCITANE,3997,BEAUTY SET,10SOG7K24:SOG SET 7 KOL 2024,35.6,90,QAR,204,A,,020426765757
001,020416765758,9815,BEAUTY SET,1988,OCC:L'OCCITANE,3997,BEAUTY SET,01HCTRI24:SHEA HAND CARE TRIO 2024,59.6,155,QAR,204,A,,020426765758
001,020416765759,9828,TOILETRIES,1988,OCC:L'OCCITANE,6749,SET,11HIKIT24:HERBAE IRIS COLLECTION 2024,179.6,420,QAR,204,A,,020426765759
001,020416765760,9815,BEAUTY SET,1988,OCC:L'OCCITANE,3997,BEAUTY SET,11BHIKIT24:HERBAE IRIS BODY LINE SET 2024,79.6001,215,QAR,204,A,,020426765760
001,020416765761,9828,TOILETRIES,1988,OCC:L'OCCITANE,6749,SET,29ALMDUO24:ALMOND SHOWER DUO 2024,66,190,QAR,204,A,,020426765761
001,020416765762,9815,BEAUTY SET,1988,OCC:L'OCCITANE,3997,BEAUTY SET,10RAM6CR24:RAMADAN CRACKER 6 2024,47.6,119,QAR,204,A,,781005621154
001,020416765762,9815,BEAUTY SET,1988,OCC:L'OCCITANE,3997,BEAUTY SET,10RAM6CR24:RAMADAN CRACKER 6 2024,47.6,119,QAR,204,A,,0781005621154
001,020416765763,9815,BEAUTY SET,1988,OCC:L'OCCITANE,3997,BEAUTY SET,10RAM8CR24:RAMADAN CRACKER 8 2024,79.6,199,QAR,204,A,,020426765763
001,020416765764,9815,BEAUTY SET,1988,OCC:L'OCCITANE,3997,BEAUTY SET,10RAMCAL24:RAMADAN CALENDAR 2024,159.6,399,QAR,204,A,,020426765764
001,020416765765,9834,PLV,1988,OCC:L'OCCITANE,6640,PROMOTIONAL MATERIALS,01RGWPHQ24:RAMADAN HQ GWP 2024,0,.01,QAR,204,A,,020426765765
001,020416765766,9834,PLV,1988,OCC:L'OCCITANE,6640,PROMOTIONAL MATERIALS,10RGWPLQG24:RAMADAN LQ GWP 2024,0,0,QAR,204,A,,020426765766
001,020416765778,9834,PLV,1988,OCC:L'OCCITANE,6977,WRAPPING MATERIALS,80CRABOX624:CRACKER BOX 6 PCS 2024,.0365,.02,QAR,204,A,,020426765778
001,020416765780,9834,PLV,1988,OCC:L'OCCITANE,6977,WRAPPING MATERIALS,80CRABOX824:CRACKER BOX 8 PCS 2024,.0365,.02,QAR,204,A,,020426765780
001,020416766073,9834,PLV,1988,OCC:L'OCCITANE,6977,WRAPPING MATERIALS,80RACALBX24:RAMADAN CALENDAR BIG BOX 2024,.0365,.02,QAR,204,A,,020426766073
001,020416766527,9813,FRAGRANCES,1988,OCC:L'OCCITANE,4538,EAU DE TOILETTE,20ET075OC21:EAU DE TOILETTE OCCITAN 75ML,116,315,QAR,204,A,,3253581770979
001,020416766529,9828,TOILETRIES,1988,OCC:L'OCCITANE,3991,BATH & BODY,98BBLC050VE4:VERBENA BODY LOTION 50ML,19.6001,25,QAR,204,A,,3253581763766
001,020416766531,9828,TOILETRIES,1988,OCC:L'OCCITANE,4634,HAND & FOOT CARE,49MA010L23:LAV HAND CREAM 10ML,6.0001,15,QAR,204,A,,3253581768709
001,020416847963,9834,PLV,1988,OCC:L'OCCITANE,6640,PROMOTIONAL MATERIALS,49BEXGWP124:BODY EXPERTISE GWP V1 2024,0,0,QAR,204,A,,020426847963
001,020416847965,9834,PLV,1988,OCC:L'OCCITANE,6640,PROMOTIONAL MATERIALS,49BEXGWP324:BODY EXPERTISE GWP V3 2024,0,.01,QAR,204,A,,020426847965
001,020416847966,9834,PLV,1988,OCC:L'OCCITANE,6640,PROMOTIONAL MATERIALS,49BEXGWP224:BODY EXPERTISE GWP V2 2024,0,.01,QAR,204,A,,020426847966
001,020416847967,9834,PLV,1988,OCC:L'OCCITANE,6640,PROMOTIONAL MATERIALS,49MSSGWP24:MAY SUPER SALE GWP 2024,0,.01,QAR,204,A,,020426847967
001,020416847968,9815,BEAUTY SET,1988,OCC:L'OCCITANE,3997,BEAUTY SET,29ALTADS24:ALMOND TAKE AWAYA 2024,39.6,120,QAR,204,A,,020426847968
001,020416847969,9815,BEAUTY SET,1988,OCC:L'OCCITANE,3997,BEAUTY SET,10BFFDS124:TRAVEL BFF KIT 2024 V1,39.6,120,QAR,204,A,,020426847969
001,020416847970,9801,SKINCARE,1988,OCC:L'OCCITANE,6813,SKINCARE TREATMENTS,10FCDS124:FACE CARE TRAVEL KIT 2024 V1,39.6,110,QAR,204,A,,020426847970
001,020416847971,9801,SKINCARE,1988,OCC:L'OCCITANE,6813,SKINCARE TREATMENTS,10FCDS224:FACE CARE TRAVEL KIT 2024 V2,39.6,110,QAR,204,A,,020426847971
001,020416847972,9815,BEAUTY SET,1988,OCC:L'OCCITANE,3997,BEAUTY SET,10BFFDS224:TRAVEL BFF KIT 2024 V2,39.6,120,QAR,204,A,,020426847972
001,020416870503,9828,TOILETRIES,1988,OCC:L'OCCITANE,3991,BATH & BODY,15GD250VGL24:SHOWER GEL 250ML LESV 24,36,99,QAR,204,A,,3253581769287
001,020416870505,9850,HAIR CARE,1988,OCC:L'OCCITANE,3903,AFTER SHAMPOO,11RC500P24:IR CONDI REFILL 500ML,72.127,190,QAR,204,A,,3253581769898
001,020416870506,9850,HAIR CARE,1988,OCC:L'OCCITANE,3903,AFTER SHAMPOO,11AS250G24:IR CONDI 250ML,45.5285,115,QAR,204,A,,3253581769850
001,020416870507,9850,HAIR CARE,1988,OCC:L'OCCITANE,6753,SHAMPOO,11SH500G24:IR SHAMPOO 500ML,70,175,QAR,204,A,,3253581769782
001,020416870508,9850,HAIR CARE,1988,OCC:L'OCCITANE,3903,AFTER SHAMPOO,11AS500G24:IR CONDI 500ML,83.4888,210,QAR,204,A,,3253581769881
001,020416870509,9850,HAIR CARE,1988,OCC:L'OCCITANE,4627,HAIR & SCALP TREATMENTS,11HI100G24:REPAIR INFUSED OIL 100ML,65.8104,165,QAR,204,A,,3253581766231
001,020416870510,9850,HAIR CARE,1988,OCC:L'OCCITANE,6753,SHAMPOO,17RS500E24:GB GENTLE SHAMPOO REFILL 500ML,54,155,QAR,204,A,,3253581768105
001,020416870511,9828,TOILETRIES,1988,OCC:L'OCCITANE,3991,BATH & BODY,15LC250VGL24:BODY LOTION 250ML VG24,56,155,QAR,204,A,,3253581769294
001,020416870512,9850,HAIR CARE,1988,OCC:L'OCCITANE,6753,SHAMPOO,11RS500G24:IR SHAMPOO REFILL 500ML,62,155,QAR,204,A,,3253581769799
001,020416870513,9850,HAIR CARE,1988,OCC:L'OCCITANE,6753,SHAMPOO,11SH300G24:IR SHAMPOO 300ML,46,115,QAR,204,A,,3253581769751
001,020416870514,9850,HAIR CARE,1988,OCC:L'OCCITANE,3903,AFTER SHAMPOO,17RC500E24:GB GENTLE CONDI REFILL 500ML,75.6572,190,QAR,204,A,,3253581768167
001,020416870515,9850,HAIR CARE,1988,OCC:L'OCCITANE,4627,HAIR & SCALP TREATMENTS,11HI050G24:REPAIR INFUSED OIL 50ML,35.5999,110,QAR,204,A,,3253581766248
001,020416870516,9828,TOILETRIES,1988,OCC:L'OCCITANE,4634,HAND & FOOT CARE,15MA030VGL24:HAND CREAM 30ML LESV 24,19.6,49,QAR,204,A,,3253581769270
001,020416870517,9828,TOILETRIES,1988,OCC:L'OCCITANE,4634,HAND & FOOT CARE,15NO007VGL24:NAIL AND CUT OIL 7 5ML VG24,35.5999,71.2,QAR,204,A,,3253581769218
001,020416870518,9828,TOILETRIES,1988,OCC:L'OCCITANE,3991,BATH & BODY,11LC250GY24:WISTERIA BODY LOTION 250ML,56,155,QAR,204,A,,3253581771532
001,020416870519,9850,HAIR CARE,1988,OCC:L'OCCITANE,4627,HAIR & SCALP TREATMENTS,11MC200G24:IR MASK 200ML,63.5593,165,QAR,204,A,,3253581769942
001,020416870520,9850,HAIR CARE,1988,OCC:L'OCCITANE,6753,SHAMPOO,11SH075G24:IR SHAMPOO 75ML,14.8,37,QAR,204,A,,3253581769768
001,020416870521,9850,HAIR CARE,1988,OCC:L'OCCITANE,3903,AFTER SHAMPOO,11AS075G24:IR CONDI 75ML,18,45,QAR,204,A,,3253581769867
001,020416870522,9834,PLV,1988,OCC:L'OCCITANE,4524,DISPLAY MATERIALS,49SFCI24:FACE CARE SPATULA 3 IN 1,0,.01,QAR,204,A,,3253581866962
001,020416870523,9828,TOILETRIES,1988,OCC:L'OCCITANE,6754,SHAVING,20AR075BX22:BAUX AFTER SHAVE 75ML,60,150,QAR,204,A,,3253581770283
001,020416870525,9828,TOILETRIES,1988,OCC:L'OCCITANE,3991,BATH & BODY,15BR050LB24:WHITE LAVENDER MIST 50ML,36,90,QAR,204,A,,3253581770368
001,020416870526,9813,FRAGRANCES,1988,OCC:L'OCCITANE,4538,EAU DE TOILETTE,15ET100VGL24:GERANIUM VERBENA EDT 100ML 24,116,315,QAR,204,A,,3253581769263
001,020416870527,9813,FRAGRANCES,1988,OCC:L'OCCITANE,4536,EAU DE PARFUM,11EP050GY24:WISTERIA EDP 50ML,132,335,QAR,204,A,,3253581771518
001,020416879960,9815,BEAUTY SET,1988,OCC:L'OCCITANE,3997,BEAUTY SET,20OCCSET24:L'OCCITAN MEN COLLECTION 2024,160,425,QAR,204,A,,020426879960
001,020416879982,9815,BEAUTY SET,1988,OCC:L'OCCITANE,3997,BEAUTY SET,10FLTRI24:FLORAL TRIO HAND CREAM 2024,47.6,119,QAR,204,A,,020426879982
001,020416910088,9801,SKINCARE,1988,OCC:L'OCCITANE,6749,SET,10BSTRI224:BEST SELLING TRIO HAND CREAM 2024 V2,47.6,119,QAR,204,A,,020426910088
001,020416910283,9815,BEAUTY SET,1988,OCC:L'OCCITANE,3997,BEAUTY SET,24ROSCOL24:ROSE COLLECTION 2024,176,480,QAR,204,A,,020426910283
001,020416915891,9850,HAIR CARE,1988,OCC:L'OCCITANE,3903,AFTER SHAMPOO,17AS250FV23:VS CONDITIONER 250ML,39.6,115,QAR,204,A,,3253581771594
001,020416915896,9834,PLV,1988,OCC:L'OCCITANE,6722,SAMPLES,52OR001I24:RESET OIL IN SERUM 1ML,0,.01,QAR,204,A,,3253581768457
001,020416915898,9828,TOILETRIES,1988,OCC:L'OCCITANE,4634,HAND & FOOT CARE,01MR030K23:SHEA ROSE HAND CREAM 30ML,19.6,49,QAR,204,A,,3253581735480
001,020416925788,9834,PLV,1988,OCC:L'OCCITANE,6640,PROMOTIONAL MATERIALS,10FANSAC124:FANTASTIC SACHET 2024 V1,0,0,QAR,204,A,,020426925788
001,020416925789,9834,PLV,1988,OCC:L'OCCITANE,6640,PROMOTIONAL MATERIALS,10FANSAC224:FANTASTIC SACHET 2024 V2,0,.01,QAR,204,A,,020426925789
001,020416925790,9834,PLV,1988,OCC:L'OCCITANE,6640,PROMOTIONAL MATERIALS,11CC200E22G:BODY CREAM INCENSE GWP 2024,0,0,QAR,204,A,,020426925790
001,020416925791,9834,PLV,1988,OCC:L'OCCITANE,6640,PROMOTIONAL MATERIALS,11CP250A20G:BODY CREAM AMBER GWP 2024,0,.01,QAR,204,A,,020426925791
001,020416925792,9834,PLV,1988,OCC:L'OCCITANE,6640,PROMOTIONAL MATERIALS,11CP250M20G:BODY CREAM MUSK GWP 2024,0,.01,QAR,204,A,,020426925792
001,020416925793,9815,BEAUTY SET,1988,OCC:L'OCCITANE,3997,BEAUTY SET,10TRHCFF124:TRIO HAND CREAM FF 2024 V1,47.6,120,QAR,204,A,,020426925793
001,020416925794,9828,TOILETRIES,1988,OCC:L'OCCITANE,6749,SET,10TRHCFF224:TRIO HAND CREAM FF 2024 V2,47.6,120,QAR,204,A,,020426925794
001,020416925795,9815,BEAUTY SET,1988,OCC:L'OCCITANE,3997,BEAUTY SET,10TRHCFF324:TRIO HAND CREAM FF 2024 V3,47.6,120,QAR,204,A,,020426925795
001,020416925796,9834,PLV,1988,OCC:L'OCCITANE,6640,PROMOTIONAL MATERIALS,49PPGWPJ24:SUMMER PP 2024 GWP,0,.01,QAR,204,A,,020426925796
001,020416967423,9815,BEAUTY SET,1988,OCC:L'OCCITANE,3997,BEAUTY SET,29ALBCVS224:ALMOND BODY CARE COLLECTION 2024 V2,232,580,QAR,204,A,,020426967423
001,020416969491,9815,BEAUTY SET,1988,OCC:L'OCCITANE,3997,BEAUTY SET,10BSTRI324:BEST SELLING TRIO HAND CREAM 2024 V3,47.6,119,QAR,204,A,,020426969491
001,020416969493,9815,BEAUTY SET,1988,OCC:L'OCCITANE,3997,BEAUTY SET,01SBCOLL24:SHEA BUTTER BODY CARE COLLECTION 2024,190.6667,480,QAR,204,A,,020426969493
001,020416969494,9815,BEAUTY SET,1988,OCC:L'OCCITANE,3997,BEAUTY SET,12NOCOLL224:NEROLI ORCHIDEE COLLECTION SPECIAL EDITION 2024,190,510,QAR,204,A,,781005621253
001,020416969495,9815,BEAUTY SET,1988,OCC:L'OCCITANE,3997,BEAUTY SET,29ALFES223H:ALMOND BEST FESTIVE GIFT 2023 V2,87.6,219,QAR,204,A,,020426969495
001,020416970783,9815,BEAUTY SET,1988,OCC:L'OCCITANE,3997,BEAUTY SET,29ALSHCOL24:ALMOND SHOWER COLLECTION 2024,136,360,QAR,204,A,,020426970783
001,020416972351,9828,TOILETRIES,1988,OCC:L'OCCITANE,4634,HAND & FOOT CARE,01MA150KC24H:SHEA COMB HAND CR 150ML,56,150,QAR,204,A,,3253581770740
001,020416972353,9828,TOILETRIES,1988,OCC:L'OCCITANE,3991,BATH & BODY,24GD250R24H:ROSE MEYER LEM SHOW GEL 250ML,36,99,QAR,204,A,,3253581770672
001,020416972354,9828,TOILETRIES,1988,OCC:L'OCCITANE,4634,HAND & FOOT CARE,01MA150KK24H:SHEA KUMQ LIGHT HAND CR 150ML,56,150,QAR,204,A,,3253581770825
001,020416972355,9828,TOILETRIES,1988,OCC:L'OCCITANE,3991,BATH & BODY,29SL300A24H:ALMD LUMINC LIQUID SOAP 300ML,32,90,QAR,204,A,,3253581770658
001,020416972356,9828,TOILETRIES,1988,OCC:L'OCCITANE,4634,HAND & FOOT CARE,49MA010A24H:ALMD LUMINC HAND CR 10ML,6,15,QAR,204,A,,3253581770597
001,020416972358,9828,TOILETRIES,1988,OCC:L'OCCITANE,3991,BATH & BODY,11HF050NO24:NEROLI ORCHIDEE SHIM OIL 50ML,62.6199,160,QAR,204,A,,3253581771150
001,020416972359,9834,PLV,1988,OCC:L'OCCITANE,6977,WRAPPING MATERIALS,52LGEBOX23:LARGE GENERIC BOX 2023,0,.01,QAR,204,A,,3253581866689
001,020416972360,9828,TOILETRIES,1988,OCC:L'OCCITANE,3991,BATH & BODY,29LC200A24H:ALMD LUMINC MILK CONCENT 200ML,108,270,QAR,204,A,,3253581770641
001,020416972361,9828,TOILETRIES,1988,OCC:L'OCCITANE,3991,BATH & BODY,11BR050NO24:NEROLI ORCHID FRESH MIST 50ML,36,90,QAR,204,A,,3253581771167
001,020416972362,9828,TOILETRIES,1988,OCC:L'OCCITANE,4634,HAND & FOOT CARE,01BP150K24:SHEA INTENSE FOOT BALM 150ML,63.7444,160,QAR,204,A,,3253581769119
001,020416972363,9801,SKINCARE,1988,OCC:L'OCCITANE,6744,SERUM,27OR030I24:RESET OIL IN SERUM 30ML,131.4781,330,QAR,204,A,,3253581768433
001,020416972364,9801,SKINCARE,1988,OCC:L'OCCITANE,6744,SERUM,49OR005I24:RESET OIL IN SERUM GWP 5ML,16.0001,40,QAR,204,A,,3253581768440
001,020416972365,9828,TOILETRIES,1988,OCC:L'OCCITANE,3991,BATH & BODY,01BB018KK24H:SHEA KUMQUAT BATH CUBE 18GR,6.8,17,QAR,204,A,,3253581770917
001,020416972368,9828,TOILETRIES,1988,OCC:L'OCCITANE,4634,HAND & FOOT CARE,49MA010A22:ALM CR MAIN A CROQUER 10 ML,2.1395,15,QAR,204,A,,3253581764664
001,020416972369,9801,SKINCARE,1988,OCC:L'OCCITANE,6744,SERUM,27OR050I24:RESET OIL IN SERUM 50ML,192,480,QAR,204,A,,3253581768464
001,020414282356,9828,TOILETRIES,1988,OCC:L'OCCITANE,3991,BATH & BODY,01SA200LT18H:SHEA LE MI SOAP RSPO SG 200GR,19.6,49,QAR,204,A,,3253581548899
001,020414282357,9828,TOILETRIES,1988,OCC:L'OCCITANE,3991,BATH & BODY,01SA200VE18H:SHEA LE VE SOAP RSPO SG 200GR,19.6,49,QAR,204,A,,3253581513415
001,020414282362,9828,TOILETRIES,1988,OCC:L'OCCITANE,3991,BATH & BODY,29LC050A18H:ALM LE MILK CONCENTRATE 50ML,35.5998,89,QAR,204,A,,3253581542798
001,020414282364,9828,TOILETRIES,1988,OCC:L'OCCITANE,4634,HAND & FOOT CARE,29MA030A178H:ALM LE DELI HANDS CREAM 30ML,19.6,49,QAR,204,A,,3253581542781
001,020414282366,9828,TOILETRIES,1988,OCC:L'OCCITANE,3991,BATH & BODY,29SA050A18H:ALM LE DELICIOUS SOAP 50G,11.6,29,QAR,204,A,,3253581542804
001,020414282367,9834,PLV,1988,OCC:L'OCCITANE,6640,PROMOTIONAL MATERIALS,49BK1NO18:2018 HOLIDAY BLACK FRIDAY 1,0,.01,QAR,204,A,,3253581548752
001,020414282368,9801,SKINCARE,1988,OCC:L'OCCITANE,5647,LIP BALMS/FILLERS/MOISTURISER,49BW004K18H:SHEA TEA LIP BALM 4ML,5.9999,15,QAR,204,A,,3253581543092
001,020414282369,9834,PLV,1988,OCC:L'OCCITANE,6640,PROMOTIONAL MATERIALS,49CR1NO18:2018 HOLIDAY CRM POUCH 1,0,.01,QAR,204,A,,3253581507032
001,020414282370,9828,TOILETRIES,1988,OCC:L'OCCITANE,3991,BATH & BODY,49HD035A18H:ALM LE SHOWER OIL 35ML,5.9999,15,QAR,204,A,,3253581543139
001,020414282371,9834,PLV,1988,OCC:L'OCCITANE,6640,PROMOTIONAL MATERIALS,49NOTNO18:2018 HOLIDAY NOTEBOOK,0,.01,QAR,204,C,,3253581548745
001,020414282372,9834,PLV,1988,OCC:L'OCCITANE,6977,WRAPPING MATERIALS,49PWPNO18:2018 HOLIDAY PWP,0,.01,QAR,204,A,,3253581550267
001,020414282373,9834,PLV,1988,OCC:L'OCCITANE,6640,PROMOTIONAL MATERIALS,49TOHNO18:2018 WINTER HOLIDAY TOTEBAG,0,.01,QAR,204,C,,3253581548943
001,020414282374,9834,PLV,1988,OCC:L'OCCITANE,6977,WRAPPING MATERIALS,52BPREH18:2018 HOLIDAY PREMIUM BOX,0,.01,QAR,204,C,,3253581507162
001,020414282375,9834,PLV,1988,OCC:L'OCCITANE,6977,WRAPPING MATERIALS,52BTMMB18:2018 HOLIDAY BLUE MEDIUM BOX,0,.01,QAR,204,C,,3253581556191
001,020414282376,9834,PLV,1988,OCC:L'OCCITANE,6977,WRAPPING MATERIALS,52BTMMJ18:2018 HOLIDAY YELLOW MEDIUM BOX,0,.01,QAR,204,C,,3253581507131
001,020414282377,9834,PLV,1988,OCC:L'OCCITANE,6977,WRAPPING MATERIALS,52BTMMR18:2018 HOLIDAY RED MEDIUM BOX,0,.01,QAR,204,C,,3253581507148
001,020414282378,9834,PLV,1988,OCC:L'OCCITANE,6977,WRAPPING MATERIALS,52BTPMB18:2018 HOLIDAY BLUE SMALL BOX,0,.01,QAR,204,C,,3253581549575
001,020414282379,9834,PLV,1988,OCC:L'OCCITANE,6977,WRAPPING MATERIALS,52BTPMR18:2018 HOLIDAY RED SMALL BOX,0,.01,QAR,204,C,,3253581549582
001,020414282380,9834,PLV,1988,OCC:L'OCCITANE,6977,WRAPPING MATERIALS,52DUOMV18:2018 HOLIDAY VERBENA HAND DUO,0,.01,QAR,204,C,,3253581549568
001,020414282381,9834,PLV,1988,OCC:L'OCCITANE,6622,PRINTED MATERIALS,52GTABH18:2018 HOLIDAY SET 100 GIFT TAG,0,.01,QAR,204,C,,3253581549131
001,020414282382,9834,PLV,1988,OCC:L'OCCITANE,6622,PRINTED MATERIALS,52GTAGH18:2018 HOLIDAY SET 100 GIFT TAG,0,.01,QAR,204,C,,3253581549124
001,020414282383,9834,PLV,1988,OCC:L'OCCITANE,6977,WRAPPING MATERIALS,52MINIB18:2018 HOLIDAY MINI BOX,0,.01,QAR,204,C,,3253581507155
001,020414282384,9834,PLV,1988,OCC:L'OCCITANE,6977,WRAPPING MATERIALS,52PAPSO18:2018 HOLIDAY SILK PAPER X480,0,.01,QAR,204,C,,3253581549094
001,020414282385,9834,PLV,1988,OCC:L'OCCITANE,6977,WRAPPING MATERIALS,52PKDOH18:2018 HOLIDAY WRAPPING PAPER,0,.01,QAR,204,C,,3253581549100
001,020414282386,9834,PLV,1988,OCC:L'OCCITANE,6977,WRAPPING MATERIALS,52RUBAH18:2018 HOLIDAY RIBBON 1,0,.01,QAR,204,C,,3253581549148
001,020414282387,9834,PLV,1988,OCC:L'OCCITANE,6977,WRAPPING MATERIALS,52RUBBH18:2018 HOLIDAY RIBBON 2,0,.01,QAR,204,C,,3253581549223
001,020414282388,9834,PLV,1988,OCC:L'OCCITANE,6977,WRAPPING MATERIALS,52SAGMH18:2018 HOLIDAY LARGE BAG,0,.01,QAR,204,C,,3253581549032
001,020414282389,9834,PLV,1988,OCC:L'OCCITANE,6977,WRAPPING MATERIALS,52SAMIH18:2018 HOLIDAY MINI BAG,0,.01,QAR,204,C,,3253581507179
001,020414282390,9834,PLV,1988,OCC:L'OCCITANE,6977,WRAPPING MATERIALS,52SAMMH18:2018 HOLIDAY MEDIUM BAG,0,.01,QAR,204,C,,3253581507193
001,020414282391,9834,PLV,1988,OCC:L'OCCITANE,6977,WRAPPING MATERIALS,52SAPMH18:2018 HOLIDAY SMALL BAG,0,.01,QAR,204,C,,3253581507186
001,020414282392,9834,PLV,1988,OCC:L'OCCITANE,6977,WRAPPING MATERIALS,52SAPRH18:2018 HOLIDAY PREMIUM SACHET,0,.01,QAR,204,C,,3253581549254
001,020414282393,9834,PLV,1988,OCC:L'OCCITANE,6977,WRAPPING MATERIALS,52SFGMH18:2018 HOLIDAY LARGE SACHET,0,.01,QAR,204,C,,3253581549070
001,020414282394,9834,PLV,1988,OCC:L'OCCITANE,6977,WRAPPING MATERIALS,52SFMMH18:2018 HOLIDAY MEDIUM SACHET,0,.01,QAR,204,C,,3253581549056
001,020414282395,9834,PLV,1988,OCC:L'OCCITANE,6977,WRAPPING MATERIALS,52SFPMH18:2018 HOLIDAY SMALL SACHET,0,.01,QAR,204,C,,3253581549049
001,020414282396,9834,PLV,1988,OCC:L'OCCITANE,6977,WRAPPING MATERIALS,52SKDOH18:2018 HOLIDAY CALENDAR SACHET,0,.01,QAR,204,C,,3253581549117
001,020414282397,9834,PLV,1988,OCC:L'OCCITANE,6622,PRINTED MATERIALS,52TIMBH18:2018 HOLIDAY STICKER X300,0,.01,QAR,204,C,,3253581549230
001,020414282398,9834,PLV,1988,OCC:L'OCCITANE,4524,DISPLAY MATERIALS,52TKP2H18:HOLIDAY 18 TABLE KIT PHASE2,0,.01,QAR,204,C,,3253581550175
001,020414282399,9834,PLV,1988,OCC:L'OCCITANE,4524,DISPLAY MATERIALS,52TRIFR18:2018 HOLIDAY FRAG CLASSIC TRIO,0,.01,QAR,204,A,,3253581549599
001,020414282400,9834,PLV,1988,OCC:L'OCCITANE,4524,DISPLAY MATERIALS,52WKACH18:HOLIDAY 18 WINDOW KIT ADVENT C,0,.01,QAR,204,C,,3253581550090
001,020414282401,9834,PLV,1988,OCC:L'OCCITANE,4524,DISPLAY MATERIALS,52WKP2H18:HOLIDAY 18 WINDOW KIT PHASE2,0,.01,QAR,204,C,,3253581550120
001,020414282402,9834,PLV,1988,OCC:L'OCCITANE,4524,DISPLAY MATERIALS,52WSHHH18:HOLIDAY18 WIND STICKER,0,.01,QAR,204,C,,3253581550076
001,020414282403,9834,PLV,1988,OCC:L'OCCITANE,4524,DISPLAY MATERIALS,54ALMDUMH18:ALMOND DUMMY HOLIDAY18,0,.01,QAR,204,C,,3253581582732
001,020414282404,9834,PLV,1988,OCC:L'OCCITANE,4524,DISPLAY MATERIALS,54EXP3H18:HOLIDAY18 EXTENSION KIT PHASE3,0,.01,QAR,204,C,,3253581549667
001,020414282405,9834,PLV,1988,OCC:L'OCCITANE,4524,DISPLAY MATERIALS,54WKHHH18:HOLIDAY18 WIND KIT HAPPY HANDS,0,.01,QAR,204,C,,3253581549643
001,020414282406,9834,PLV,1988,OCC:L'OCCITANE,4524,DISPLAY MATERIALS,54WKSTRH18:WINDOW KIT STRUCTURE HOLIDAY18,0,.01,QAR,204,C,,3253581562550
001,020414282407,9834,PLV,1988,OCC:L'OCCITANE,4524,DISPLAY MATERIALS,54WKTABH19:WK TABLE PANEL HOLIDAY 18,0,.01,QAR,204,C,,3253581562673
001,020414284460,9828,TOILETRIES,1988,OCC:L'OCCITANE,6749,SET,01SHBCBTRIO18:SHEA BUTTER LIMITED EDITION HAND CREAM TRIO 2018,55.6,105,QAR,204,A,,020424284460
001,020414284461,9828,TOILETRIES,1988,OCC:L'OCCITANE,6749,SET,01SHBHOL18:SHEA BUTTER HOLIDAYS 2018 DISCOVERY SET,71.6,129,QAR,204,A,,020424284461
001,020414284462,9828,TOILETRIES,1988,OCC:L'OCCITANE,6749,SET,01SHBHNH18:SHEA BUTTER HANDS AND NAIL SET 2018,55.6,95,QAR,204,A,,020424284462
001,020414284463,9815,BEAUTY SET,1988,OCC:L'OCCITANE,3997,BEAUTY SET,01SHBHKC18:SHEA BUTTER CLASSIC HAND AND LIPS DUO 2018,99,69,QAR,204,A,,020424284463
001,020414284682,9815,BEAUTY SET,1988,OCC:L'OCCITANE,3997,BEAUTY SET,01SHBHKR18:SHEA BUTTER ROSE HAND AND LIPS DUO 2018,99,69,QAR,204,A,,020424284682
001,020414284683,9815,BEAUTY SET,1988,OCC:L'OCCITANE,3997,BEAUTY SET,01SHBHKT18:SHEA BUTTER TEA HAND AND LIPS DUO 2018,99,69,QAR,204,A,,020424284683
001,020414284684,9815,BEAUTY SET,1988,OCC:L'OCCITANE,3997,BEAUTY SET,01SHBVS318:SHEA BUTTER BODY SET 2018 V3,211.6,541.9,QAR,204,A,,020424284684
001,020414284685,9815,BEAUTY SET,1988,OCC:L'OCCITANE,3997,BEAUTY SET,24CBVS18:CHERRY BLOSSOM SET 2018,159.6,425,QAR,204,A,,020424284685
001,020414284686,9815,BEAUTY SET,1988,OCC:L'OCCITANE,3997,BEAUTY SET,24ARLVS18:ARLESIENNE SET 2018,175.6,455,QAR,204,A,,020424284686
001,020414284767,9815,BEAUTY SET,1988,OCC:L'OCCITANE,3997,BEAUTY SET,10LPDSH18:HOLIDAYS 2018 DISCOVERY SET,39.6,69,QAR,204,A,,020424284767
001,020414284875,9815,BEAUTY SET,1988,OCC:L'OCCITANE,3997,BEAUTY SET,10BOPSET18:BEST OF PROVENCE SET 2018,55.6,115,QAR,204,A,,020424284875
001,020414284876,9815,BEAUTY SET,1988,OCC:L'OCCITANE,3997,BEAUTY SET,29ALMDSH18:ALMOND DISCOVERY SET HOLIDAYS 2018,71.6,129,QAR,204,A,,020424284876
001,020414284877,9813,FRAGRANCES,1988,OCC:L'OCCITANE,6749,SET,10FRAGTRIO18:FRAGRANCE TRIO 2018,39.6,85,QAR,204,A,,020424284877
001,020414284878,9834,PLV,1988,OCC:L'OCCITANE,6640,PROMOTIONAL MATERIALS,49NOVGWP18:NOVEMBER 2018 GWP,0,.01,QAR,204,A,,020424284878
001,020414284879,9834,PLV,1988,OCC:L'OCCITANE,6640,PROMOTIONAL MATERIALS,49WFGWP18:WHITE FRIDAY GWP 2018,0,.01,QAR,204,A,,020424284879
001,020414295247,9828,TOILETRIES,1988,OCC:L'OCCITANE,6749,SET,01SHDSH18:SHEA SOAP DUO 2018,39.6,69,QAR,204,A,,020424295247
001,020414335827,9834,PLV,1988,OCC:L'OCCITANE,6977,WRAPPING MATERIALS,80AQRBX18:AQUA REOTIER BOX,5.5351,3.04,QAR,204,A,,020424335827
001,020414375861,9801,SKINCARE,1988,OCC:L'OCCITANE,6749,SET,11ARSET18:AQUA REOTIER SET 2018,122,305,QAR,204,A,,020424375861
001,020414385477,9828,TOILETRIES,1988,OCC:L'OCCITANE,4634,HAND & FOOT CARE,01BP150K19:SHEA INTENSE FOOT BALM 150ML,54,150,QAR,204,C,,3253581556160
001,020414385479,9842,MAKE UP,1988,OCC:L'OCCITANE,5648,LIPS,11LB030008M19:DELICIOUS TINTED BALM 3 PINK,43.6,109,QAR,204,A,,3253581566664
001,020414385480,9842,MAKE UP,1988,OCC:L'OCCITANE,5648,LIPS,11LB040008M19:DELICIOUS TINTED BALM 4 PURPLE,43.6,109,QAR,204,A,,3253581566466
001,020414385482,9842,MAKE UP,1988,OCC:L'OCCITANE,5648,LIPS,11LP000028M19:FRUITY BALM PERFECTOR,43.6,109,QAR,204,A,,3253581566626
001,020414385483,9842,MAKE UP,1988,OCC:L'OCCITANE,5648,LIPS,11LP030028M19:FRUITY LIPSTICK 030 ROSY,35.6,89,QAR,204,A,,3253581566497
001,020414385485,9842,MAKE UP,1988,OCC:L'OCCITANE,5648,LIPS,11LP060028M19:FRUITY LIPSTICK 060 PLUM,30.8961,89,QAR,204,A,,3253581566305
001,020414385486,9842,MAKE UP,1988,OCC:L'OCCITANE,3911,ALL-IN-ONES,11LS020011M19:DELICIOUS LIP SCRUB02 RASPBERRY,20.7496,90,QAR,204,A,,3253581566596
001,020414385856,9828,TOILETRIES,1988,OCC:L'OCCITANE,4634,HAND & FOOT CARE,01BM050K19:INTENSIVE HAND BALM 50ML,38,99,QAR,204,A,,3253581556122
001,020414385858,9828,TOILETRIES,1988,OCC:L'OCCITANE,4634,HAND & FOOT CARE,01BM150K19:INTENSIVE HAND BALM 150ML,55.6,160,QAR,204,A,,3253581556184
001,020414385859,9801,SKINCARE,1988,OCC:L'OCCITANE,4562,FACE MASK & PEELS & TREATMENTS,11MH075A19:AQUA HYDRATION MASK 75ML,75.5845,170,QAR,204,A,,3253581562680
001,020414385860,9813,FRAGRANCES,1988,OCC:L'OCCITANE,4538,EAU DE TOILETTE,20ET075CD19:EAU DE TOILETTE CEDRAT 75ML,99.6,285,QAR,204,A,,3253581562444
001,020414385863,9828,TOILETRIES,1988,OCC:L'OCCITANE,3991,BATH & BODY,29MS250A19:ALM SHOWER SHAKE 250ML,47.6,110,QAR,204,A,,3253581570364
001,020414385864,9834,PLV,1988,OCC:L'OCCITANE,6640,PROMOTIONAL MATERIALS,49A1DTS19:2019 DTS ACCESSORY 1,0,.01,QAR,204,C,,3253581562291
001,020414385865,9834,PLV,1988,OCC:L'OCCITANE,6640,PROMOTIONAL MATERIALS,49ACCKJ19:2019 SHEA ACCESSORY,0,.01,QAR,204,A,,3253581562321
001,020414385866,9828,TOILETRIES,1988,OCC:L'OCCITANE,4634,HAND & FOOT CARE,49BM010K19:INTENSIVE HAND BALM 10ML,7.6002,15,QAR,204,A,,3253581556207
001,020414385867,9828,TOILETRIES,1988,OCC:L'OCCITANE,4634,HAND & FOOT CARE,49BP010K19:SHEA INTENSIVE FOOT BALM 10ML,7.6002,19,QAR,204,A,,3253581556146
001,020414385868,9834,PLV,1988,OCC:L'OCCITANE,6640,PROMOTIONAL MATERIALS,49MANKJ19:2019 SHEA MANICURE SET,0,.01,QAR,204,A,,3253581562314
001,020414385869,9834,PLV,1988,OCC:L'OCCITANE,6640,PROMOTIONAL MATERIALS,49POUKJ19:2019 SHEA POUCH,0,.01,QAR,204,A,,3253581562307
001,020414385870,9834,PLV,1988,OCC:L'OCCITANE,6640,PROMOTIONAL MATERIALS,49POURO18:2018 ROSE POUCH,0,.01,QAR,204,A,,3253581542415
001,020414385871,9834,PLV,1988,OCC:L'OCCITANE,6640,PROMOTIONAL MATERIALS,49TOTRO18:2018 ROSE TOTEBAG,0,.01,QAR,204,C,,3253581537497
001,020414385872,9834,PLV,1988,OCC:L'OCCITANE,4524,DISPLAY MATERIALS,5210POSPWH17:SET 10 SPATULA HOLDERS WHL 17,0,.01,QAR,204,C,,3253581542767
001,020414385873,9834,PLV,1988,OCC:L'OCCITANE,4524,DISPLAY MATERIALS,524PPLVH17:SET OF 4 HIGH POS HOLDERS 2017,0,.01,QAR,204,C,,3253581507353
001,020414385874,9834,PLV,1988,OCC:L'OCCITANE,4524,DISPLAY MATERIALS,525PMOUWH17:SET 5 SCENT STRIP HOLDERS WHL,0,.01,QAR,204,C,,3253581542750
001,020414385875,9834,PLV,1988,OCC:L'OCCITANE,4524,DISPLAY MATERIALS,52BELLJAR17:GLASS BELL JAR AND BASE 17,0,.01,QAR,204,C,,3253581521625
001,020414385876,9834,PLV,1988,OCC:L'OCCITANE,4524,DISPLAY MATERIALS,52COUPM16:HOLIDAY 16 LITTLE SIZE LID,0,.01,QAR,204,C,,3253581460382
001,020414385877,9834,PLV,1988,OCC:L'OCCITANE,4524,DISPLAY MATERIALS,52KT2VERTEST:SET OF 2 TESTING GLASS SLAB,0,.01,QAR,204,C,,3253581507322
001,020414385878,9834,PLV,1988,OCC:L'OCCITANE,4524,DISPLAY MATERIALS,52KT3CLO17:SET 3 GLASS BELL JARS AT 17,0,.01,QAR,204,C,,3253581527948
001,020414385879,9834,PLV,1988,OCC:L'OCCITANE,4524,DISPLAY MATERIALS,52KT3CUB17:SET OF 3 CUBES 17,0,.01,QAR,204,C,,3253581521670
001,020415808075,9813,FRAGRANCES,1988,OCC:L'OCCITANE,4538,EAU DE TOILETTE,23ET050TL22:TERRE DE LUMIERE EDT 50ML,116,290,QAR,204,A,,3253581758403
001,020415808077,9813,FRAGRANCES,1988,OCC:L'OCCITANE,4538,EAU DE TOILETTE,23ET050JB22:JASMIN BERGAMOTE EDT 50ML,115.8578,290,QAR,204,A,,3253581758359
001,020415808078,9813,FRAGRANCES,1988,OCC:L'OCCITANE,4538,EAU DE TOILETTE,23ET050AR22:ARLESIENNE EDT 50ML,115.9924,290,QAR,204,A,,3253581758328
001,020415808079,9813,FRAGRANCES,1988,OCC:L'OCCITANE,4536,EAU DE PARFUM,23EP050IP22:IPARIE EDP 50ML,131.8781,330,QAR,204,A,,3253581758342
001,020415808080,9813,FRAGRANCES,1988,OCC:L'OCCITANE,4536,EAU DE PARFUM,23EP050AM22:AMBRE EDP 50ML,131.4218,330,QAR,204,A,,3253581758311
001,020415808081,9813,FRAGRANCES,1988,OCC:L'OCCITANE,4538,EAU DE TOILETTE,12ET075NO22:N&O EAU DE TOILETTE 75ML,123.6,350,QAR,204,A,,3253581760789
001,020415808082,9813,FRAGRANCES,1988,OCC:L'OCCITANE,4538,EAU DE TOILETTE,24ET075R22:ROSE EAU DE TOILETTE 75ML,125.0046,315,QAR,204,A,,3253581760598
001,020415808083,9813,FRAGRANCES,1988,OCC:L'OCCITANE,4538,EAU DE TOILETTE,49ET007NO22:N&O EAU DE TOILETTE 7.5ML,14,40,QAR,204,A,,3253581760796
001,020415808084,9813,FRAGRANCES,1988,OCC:L'OCCITANE,4538,EAU DE TOILETTE,49ET010VB20:VER EDT 10ML,10,40,QAR,204,A,,3253581718865
001,020415808085,9813,FRAGRANCES,1988,OCC:L'OCCITANE,4538,EAU DE TOILETTE,49ET007CB22:CHE BLOSSOM MINI EDT 7.5ML,14,40,QAR,204,A,,3253581753668
001,020415808086,9828,TOILETRIES,1988,OCC:L'OCCITANE,3991,BATH & BODY,12LC250NO22:N&O BODY MILK 250ML,54,155,QAR,204,A,,3253581760819
001,020415808087,9828,TOILETRIES,1988,OCC:L'OCCITANE,3991,BATH & BODY,12GD250NO22:N&O SHOWER GEL 250ML,34,99,QAR,204,A,,3253581760833
001,020415808088,9828,TOILETRIES,1988,OCC:L'OCCITANE,3991,BATH & BODY,24LC250R22:ROSE BODY LOTION 250ML,55.5556,155,QAR,204,A,,3253581760635
001,020415808089,9828,TOILETRIES,1988,OCC:L'OCCITANE,4634,HAND & FOOT CARE,12MA030NO22:N&O HAND CREAM 30ML,19.6,49,QAR,204,A,,3253581760857
001,020415808090,9828,TOILETRIES,1988,OCC:L'OCCITANE,3991,BATH & BODY,24SA050R22:ROSE SOAP 50GR,12,30,QAR,204,A,,3253581760741
001,020415808091,9828,TOILETRIES,1988,OCC:L'OCCITANE,3991,BATH & BODY,24GD250R22:ROSE SHOWER GEL 250ML,35.6,99,QAR,204,A,,3253581760666
001,020415808092,9828,TOILETRIES,1988,OCC:L'OCCITANE,4634,HAND & FOOT CARE,24MA075R22:ROSE HAND CREAM 75ML,39.6,99,QAR,204,A,,3253581760734
001,020415808093,9828,TOILETRIES,1988,OCC:L'OCCITANE,4634,HAND & FOOT CARE,24MA030R22:ROSE HAND CREAM 30ML,19.6,49,QAR,204,A,,3253581760703
001,020415808094,9828,TOILETRIES,1988,OCC:L'OCCITANE,3991,BATH & BODY,24GD500R22:ROSE SHOWER GEL 500ML,55.6,160,QAR,204,A,,3253581760680
001,020415808095,9828,TOILETRIES,1988,OCC:L'OCCITANE,3991,BATH & BODY,12LC075NO22:N&O BODY MILK 75ML,19.6,55,QAR,204,A,,3253581760826
001,020415808096,9828,TOILETRIES,1988,OCC:L'OCCITANE,3991,BATH & BODY,12GD075NO22:N&O SHOWER GEL 75ML,12,32,QAR,204,A,,3253581760840
001,020415808097,9828,TOILETRIES,1988,OCC:L'OCCITANE,3991,BATH & BODY,24GD075R22:ROSE SHOWER GEL 75ML,14,30,QAR,204,A,,3253581760673
001,020415808098,9828,TOILETRIES,1988,OCC:L'OCCITANE,3991,BATH & BODY,24LC075R22:ROSE BODY LOTION 75ML,21.9668,55,QAR,204,A,,3253581760642
001,020415808099,9801,SKINCARE,1988,OCC:L'OCCITANE,6744,SERUM,27ORR050I21:IMM SERUM REFILL 50ML,150,385,QAR,204,A,,3253581721414
001,020415828373,9828,TOILETRIES,1988,OCC:L'OCCITANE,3991,BATH & BODY,15SA075VB21:VER SOAP 75GR,14,35,QAR,204,A,,3253581718681
001,020415829476,9828,TOILETRIES,1988,OCC:L'OCCITANE,4512,DEODORANTS & ANTIPERSPIRANTS,15DO050VA22:CIT VER ROLL ON DEO 50ML,39.6,99,QAR,204,A,,3253581729083
001,020415829477,9828,TOILETRIES,1988,OCC:L'OCCITANE,3991,BATH & BODY,15GD250VB21:VER SHOWER GEL 250ML,35.6,99,QAR,204,A,,3253581718698
001,020415831221,9834,PLV,1988,OCC:L'OCCITANE,6640,PROMOTIONAL MATERIALS,01RAMGWP22:RAMADAN 2022 GWP,0,.01,QAR,204,A,,020425831221
001,020415831222,9834,PLV,1988,OCC:L'OCCITANE,6640,PROMOTIONAL MATERIALS,01RLQSGWP22:RAMADAN STORES GWP 2022,0,.01,QAR,204,A,,020425831222
001,020415831223,9834,PLV,1988,OCC:L'OCCITANE,6640,PROMOTIONAL MATERIALS,01RLQEGWP22:RAMADAN ECOMM GWP 2022,0,.01,QAR,204,A,,020425831223
001,020415833650,9834,PLV,1988,OCC:L'OCCITANE,6977,WRAPPING MATERIALS,52LGENSA21:LARGE GENERIC SACHET 2021,0,.01,QAR,204,A,,3253581859681
001,020415833652,9828,TOILETRIES,1988,OCC:L'OCCITANE,4634,HAND & FOOT CARE,15CM030LB22:WHITE LAVEND HAND CREAM 30ML,19.6,49,QAR,204,A,,3253581718872
001,020415833653,9828,TOILETRIES,1988,OCC:L'OCCITANE,3991,BATH & BODY,15LC250LB22:WHITE LAVEND BODY LOTION 250ML,54,155,QAR,204,A,,3253581718889
001,020415833654,9828,TOILETRIES,1988,OCC:L'OCCITANE,3991,BATH & BODY,15GD250LB22:WHITE LAVEND SHOWER GEL 250ML,35.6,99,QAR,204,A,,3253581753316
001,020415833656,9828,TOILETRIES,1988,OCC:L'OCCITANE,3991,BATH & BODY,24GD250CB21:CHE BLOSSOM B&SHOWER GEL 250ML,35.6,99,QAR,204,A,,3253581754115
001,020415833657,9828,TOILETRIES,1988,OCC:L'OCCITANE,3991,BATH & BODY,24GD075CB21:CHE BLOSSOM B&SHOWER GEL 75ML,14,30,QAR,204,A,,3253581754122
001,020415833658,9813,FRAGRANCES,1988,OCC:L'OCCITANE,4538,EAU DE TOILETTE,15EDT050L22:EDT WHITE LAVENDER 50ML,91.6,229,QAR,204,A,,3253581718131
001,020415867324,9815,BEAUTY SET,1988,OCC:L'OCCITANE,3997,BEAUTY SET,10KACSRB22:CSR KAREN BOX 2022,99.6,249,QAR,204,A,,020425867324
001,020415873210,9815,BEAUTY SET,1988,OCC:L'OCCITANE,3997,BEAUTY SET,29ALMVS22:ALMOND BODY CARE COLLECTION 2022,216.76,541.9,QAR,204,A,,020425873210
001,020415873211,9815,BEAUTY SET,1988,OCC:L'OCCITANE,3997,BEAUTY SET,24CBVS222:CHERRY BLOSSOM SET 2022 V2,170,425,QAR,204,A,,020425873211
001,020415877614,9850,HAIR CARE,1988,OCC:L'OCCITANE,4627,HAIR & SCALP TREATMENTS,11SP125P22:PROTECTIVE MILKY VEIL 125ML,43.6,135,QAR,204,A,,3253581760499
001,020415877616,9801,SKINCARE,1988,OCC:L'OCCITANE,5647,LIP BALMS/FILLERS/MOISTURISER,01BS020K22:SOLIDARITY BALM 2022 20GR,21,30,QAR,204,A,,3253581762493
001,020415877617,9801,SKINCARE,1988,OCC:L'OCCITANE,4508,DAY CREAMS,27SE075I22:IMM PR EMULSION 75ML,123.9929,310,QAR,204,A,,3253581758144
001,020415877618,9801,SKINCARE,1988,OCC:L'OCCITANE,6929,TONERS,27EV200I22:ESSENTIAL WATER 200ML,43.5654,110,QAR,204,A,,3253581758670
001,020415877619,9801,SKINCARE,1988,OCC:L'OCCITANE,4508,DAY CREAMS,27CP050I22:PRECIEUSE CREAM 50ML,124,310,QAR,204,A,,3253581758175
001,020415877620,9801,SKINCARE,1988,OCC:L'OCCITANE,4552,EYE CREAMS,27BY015I22:PRECIOUS EYE BALM 15ML,88,220,QAR,204,A,,3253581754481
001,020415877623,9850,HAIR CARE,1988,OCC:L'OCCITANE,3903,AFTER SHAMPOO,24AS240R22:ROSE CONDITIONER 240ML,31.3281,90,QAR,204,A,,3253581760765
001,020415877624,9828,TOILETRIES,1988,OCC:L'OCCITANE,3991,BATH & BODY,24RG500CB21:CB B&SHOWER GEL REFILL 500ML,50,135,QAR,204,A,,3253581754146
001,020415975362,9834,PLV,1988,OCC:L'OCCITANE,6977,WRAPPING MATERIALS,80ROSLP22:ROSE CMS BOX 2022,.0099,.02,QAR,204,A,,020425975362
001,020415975364,9801,SKINCARE,1988,OCC:L'OCCITANE,6812,SKINCARE ACCESSORIES,84LBABR22:L'OCCITANE BATH BRUSH,19.6,49,QAR,204,A,,020425975364
001,020415975366,9801,SKINCARE,1988,OCC:L'OCCITANE,6812,SKINCARE ACCESSORIES,84LEYMA22:L'OCCITANE EYE MASSAGER,35.6,90,QAR,204,A,,020425975366
001,020415975367,9801,SKINCARE,1988,OCC:L'OCCITANE,6812,SKINCARE ACCESSORIES,84LFABR22:L'OCCITANE FACIAL CLEANSING BRUSH,23.6,60,QAR,204,A,,020425975367
001,020415975368,9828,TOILETRIES,1988,OCC:L'OCCITANE,3991,BATH & BODY,84LBALU22:L'OCCITANE LUFFA,7.9999,20,QAR,204,A,,020425975368
001,020415975369,9801,SKINCARE,1988,OCC:L'OCCITANE,6812,SKINCARE ACCESSORIES,84LSHBR22:L'OCCITANE SHOWER BRUSH,23.6,60,QAR,204,A,,020425975369
001,020415976155,9828,TOILETRIES,1988,OCC:L'OCCITANE,3991,BATH & BODY,98BBLC050VE3:VERBENA BODY LOTION 50ML,19.6001,25,QAR,204,A,,3253581760246
001,020415976156,9828,TOILETRIES,1988,OCC:L'OCCITANE,3991,BATH & BODY,98BBLC035AR3:5 ESSENT OILS BODY LT 35ML,7.9999,15,QAR,204,A,,3253581749630
001,020415976159,9828,TOILETRIES,1988,OCC:L'OCCITANE,3991,BATH & BODY,29BP100A22:ALM DELIGHTFUL BODY BALM 100ML,67.98,170,QAR,204,A,,3253581758793
001,020415976160,9834,PLV,1988,OCC:L'OCCITANE,6977,WRAPPING MATERIALS,52NGERIB20:NATURAL GENERIC RIBBON 2020,0,.01,QAR,204,A,,3253581758625
001,020415976161,9850,HAIR CARE,1988,OCC:L'OCCITANE,4627,HAIR & SCALP TREATMENTS,17HB050A22:HAIR BOOSTER 50ML,69.4918,185,QAR,204,A,,3253581735978
001,020415976166,9834,PLV,1988,OCC:L'OCCITANE,6640,PROMOTIONAL MATERIALS,49POSUCS22:2022 SUMMER COLLECTION POUCH,5.9702,3,QAR,204,A,,3253581862513
001,020415976167,9834,PLV,1988,OCC:L'OCCITANE,6722,SAMPLES,52EV002I22:ESSENTIAL WATER 2ML,0,.01,QAR,204,A,,3253581758694
001,020415976168,9834,PLV,1988,OCC:L'OCCITANE,6722,SAMPLES,52SE0015I22:IMM PR EMULSION 15ML,0,.01,QAR,204,A,,3253581758151
001,020415976169,9834,PLV,1988,OCC:L'OCCITANE,6722,SAMPLES,52CP0015I22:PRECIEUSE CREAM 1.5ML,0,.01,QAR,204,A,,3253581758199
001,020415976170,9834,PLV,1988,OCC:L'OCCITANE,6722,SAMPLES,52BY001I22:PRECIOUS EYE BALM 1ML,0,.01,QAR,204,A,,3253581754498
001,020415995520,9801,SKINCARE,1988,OCC:L'OCCITANE,6749,SET,27RESCDU22:RESET SERUM FACE AND EYE DUO 2022,199.7333,580,QAR,204,A,,020425995520
001,020415995520,9801,SKINCARE,1988,OCC:L'OCCITANE,6749,SET,27RESCDU22:RESET SERUM FACE AND EYE DUO 2022,199.7333,580,QAR,204,A,,781005621185
001,020415995521,9834,PLV,1988,OCC:L'OCCITANE,6722,SAMPLES,52DIVR1B22:DIVINE ROUTINE 1 B,0,.01,QAR,204,A,,020425995521
001,020415995522,9834,PLV,1988,OCC:L'OCCITANE,6722,SAMPLES,52DVR1NB22:DIVINE ROUTINE 1 NB,0,.01,QAR,204,A,,020425995522
001,020415995523,9834,PLV,1988,OCC:L'OCCITANE,6722,SAMPLES,52DVR2B22:DIVINE ROUTINE 2 B,0,.01,QAR,204,A,,020425995523
001,020415995524,9834,PLV,1988,OCC:L'OCCITANE,6722,SAMPLES,52DVR2NB22:DIVINE ROUTINE 2 NB,0,.01,QAR,204,A,,020425995524
001,020415995525,9834,PLV,1988,OCC:L'OCCITANE,6722,SAMPLES,52PRR1B22:PRECIOUS ROUTINE 1 B,0,.01,QAR,204,A,,020425995525
001,020415995526,9834,PLV,1988,OCC:L'OCCITANE,6722,SAMPLES,52PRR2NB22:PRECIOUS ROUTINE 1 NB,0,.01,QAR,204,A,,020425995526
001,020415995527,9834,PLV,1988,OCC:L'OCCITANE,6722,SAMPLES,52RSR1B22:RESET ROUTINE 1 B,0,.01,QAR,204,A,,020425995527
001,020415995528,9834,PLV,1988,OCC:L'OCCITANE,6722,SAMPLES,52RSR1NB22:RESET ROUTINE 1 NB,0,.01,QAR,204,A,,020425995528
001,020415995529,9834,PLV,1988,OCC:L'OCCITANE,6722,SAMPLES,52RSR2B22:RESET ROUTINE 2 B,0,.01,QAR,204,A,,020425995529
001,020415995530,9834,PLV,1988,OCC:L'OCCITANE,6640,PROMOTIONAL MATERIALS,29JUNOM22:JUNE 2022 OMNICHANNEL GWP,0,0,QAR,204,A,,020425995530
001,020415995531,9834,PLV,1988,OCC:L'OCCITANE,6640,PROMOTIONAL MATERIALS,29JUNEXC22:JUNE 2022 EXCLUSIVE GWP,0,0,QAR,204,A,,020425995531
001,020416054944,9834,PLV,1988,OCC:L'OCCITANE,6977,WRAPPING MATERIALS,80POUNA22:NAVY POUCH 2022,0,.01,QAR,204,A,,020426054944
001,020416055633,9828,TOILETRIES,1988,OCC:L'OCCITANE,3991,BATH & BODY,11CC200E22:86 ME BODY CREAM INCENSE 200ML,79.6,199,QAR,204,A,,3253581760345
001,020416055635,9828,TOILETRIES,1988,OCC:L'OCCITANE,3991,BATH & BODY,11HD245E22:86 ME SHOWER OIL INCENSE 245ML,43.9961,130,QAR,204,A,,3253581760352
001,020416055636,9813,FRAGRANCES,1988,OCC:L'OCCITANE,4536,EAU DE PARFUM,11EP090E22:86 ME INCENSE BERG EDP 90ML,199.6,550,QAR,204,A,,3253581760321
001,020416055640,9801,SKINCARE,1988,OCC:L'OCCITANE,6929,TONERS,27ER200I22:ENRICHED WATER 200ML,53.3549,135,QAR,204,A,,3253581758755
001,020416055641,9850,HAIR CARE,1988,OCC:L'OCCITANE,3903,AFTER SHAMPOO,11AS040SG22:SOLID CONDITIONER REPAIR 40G,27.6,65,QAR,204,A,,3253581759875
001,020416055642,9801,SKINCARE,1988,OCC:L'OCCITANE,6744,SERUM,27DH030I22:IMM DIVINE YOUTH OIL 30ML,192,480,QAR,204,A,,3253581762868
001,020416055643,9834,PLV,1988,OCC:L'OCCITANE,4524,DISPLAY MATERIALS,52TS3ANIBAS20:TS ANIMATION TOOL BASES - SET3,0,.01,QAR,204,A,,3253581716892
001,020416055644,9834,PLV,1988,OCC:L'OCCITANE,4524,DISPLAY MATERIALS,52TSBLOTHOL20:TS BLOTTER HOLDER 20 - SET OF5,0,0,QAR,204,A,,3253581717264
001,020416055645,9834,PLV,1988,OCC:L'OCCITANE,4524,DISPLAY MATERIALS,52WDKIT20:WINDOW KIT 20,0,.01,QAR,204,A,,3253581753958
001,020416055646,9828,TOILETRIES,1988,OCC:L'OCCITANE,3991,BATH & BODY,24RG500R22:ROSE SHOWER GEL REFILL 500ML,50,135,QAR,204,A,,3253581760697
001,020416059313,9834,PLV,1988,OCC:L'OCCITANE,6977,WRAPPING MATERIALS,80ALEXBOX22:ALMOND EXFOLIATING BOX 2022,0,.01,QAR,204,A,,020426059313
001,020416059315,9834,PLV,1988,OCC:L'OCCITANE,6977,WRAPPING MATERIALS,80ALIRBOX22:ALMOND IRRESISTABLE BOX 2022,0,.01,QAR,204,A,,020426059315
001,020416059316,9834,PLV,1988,OCC:L'OCCITANE,6977,WRAPPING MATERIALS,80ALBCBOX22:ALMOND BODY CARE BOX 2022,0,.01,QAR,204,A,,020426059316
001,020416059317,9834,PLV,1988,OCC:L'OCCITANE,6977,WRAPPING MATERIALS,80SHBCBOX22:SHEA BUTTER BODY CARE BOX 2022,0,.01,QAR,204,A,,020426059317
001,020416059318,9834,PLV,1988,OCC:L'OCCITANE,6977,WRAPPING MATERIALS,80CBRBOX22:CHERRY BLOSSOM BOX 2022,0,.01,QAR,204,A,,020426059318
001,020416059319,9834,PLV,1988,OCC:L'OCCITANE,6977,WRAPPING MATERIALS,80NORBOX22:NEROLI ORCHIDEE BOX 2022,0,.01,QAR,204,A,,020426059319
001,020416059320,9834,PLV,1988,OCC:L'OCCITANE,6977,WRAPPING MATERIALS,80RORBOX22:ROSE BOX 2022,0,.01,QAR,204,A,,020426059320
001,020416059321,9834,PLV,1988,OCC:L'OCCITANE,6977,WRAPPING MATERIALS,80IBBOX22:INSENCE BERGAMOTE BOX 2022,0,.01,QAR,204,A,,020426059321
001,020416088606,9815,BEAUTY SET,1988,OCC:L'OCCITANE,3997,BEAUTY SET,29ALMVS222:ALMOND BODY CARE COLLECTION 2022 V2,216.76,580,QAR,204,A,,020426088606
001,020416088607,9815,BEAUTY SET,1988,OCC:L'OCCITANE,3997,BEAUTY SET,15WLAVGS22:WHITE LAVENDER GIFT SET 2022,171.6,429,QAR,204,A,,020426088607
001,020416088608,9815,BEAUTY SET,1988,OCC:L'OCCITANE,3997,BEAUTY SET,12NERISET222:NEROLI INTENSE COLLECTION 2022 V2,178.0001,445,QAR,204,A,,020426088608
001,020416088609,9815,BEAUTY SET,1988,OCC:L'OCCITANE,3997,BEAUTY SET,12NERISET322:NEROLI INTENSE COLLECTION 2022 V3,178,445,QAR,204,A,,020426088609
001,020416088610,9815,BEAUTY SET,1988,OCC:L'OCCITANE,3997,BEAUTY SET,12NONSET22:NEROLI & ORCHIDEE COLLECTION 2022,178,445,QAR,204,A,,020426088610
001,020416088611,9815,BEAUTY SET,1988,OCC:L'OCCITANE,3997,BEAUTY SET,24ROVSET22:ROSE COLLECTION 2022,175.6,439,QAR,204,A,,020426088611
001,020416088612,9815,BEAUTY SET,1988,OCC:L'OCCITANE,3997,BEAUTY SET,10SUMBOX22:SUMMER BOX 2022,75.6,189,QAR,204,A,,020426088612
001,020416088614,9828,TOILETRIES,1988,OCC:L'OCCITANE,6749,SET,10SHNERD222:SHEA NEROLI HAND CREAM DUO 22 V2,34,85,QAR,204,A,,020426088614
001,020416088622,9828,TOILETRIES,1988,OCC:L'OCCITANE,6749,SET,29ALMSUM22:ALMOND SUMMER SET 2022,99.6,249,QAR,204,A,,020426088622
001,020416088623,9834,PLV,1988,OCC:L'OCCITANE,6640,PROMOTIONAL MATERIALS,49SUMEXC122:SUMMER EXCLUSIVE GWP 2022 V1,0,0,QAR,204,A,,020426088623
001,020416088627,9834,PLV,1988,OCC:L'OCCITANE,6640,PROMOTIONAL MATERIALS,49SUMEXC222:SUMMER EXCLUSIVE GWP 2022 V2,0,0,QAR,204,A,,020426088627
001,020416088628,9834,PLV,1988,OCC:L'OCCITANE,6640,PROMOTIONAL MATERIALS,49SUMOM122:SUMMER OMNICHANNEL GWP 2022 V1,0,0,QAR,204,A,,020426088628
001,020416088629,9834,PLV,1988,OCC:L'OCCITANE,6640,PROMOTIONAL MATERIALS,49SUMOM222:SUMMER OMNICHANNEL GWP 2022 V2,0,0,QAR,204,A,,020426088629
001,020416088631,9801,SKINCARE,1988,OCC:L'OCCITANE,6749,SET,10OECCD22:LOCCITANE X ERBORIAN CC DORE 22,99.6,249,QAR,204,A,,020426088631
001,020416088632,9801,SKINCARE,1988,OCC:L'OCCITANE,6749,SET,10OECCC22:LOCCITANE X ERBORIAN CC CLAIR 22,99.6,249,QAR,204,A,,020426088632
001,020416088633,9801,SKINCARE,1988,OCC:L'OCCITANE,6749,SET,10OEBBN22:LOCCITANE X ERBORIAN BB NUDE 22,99.6,249,QAR,204,A,,020426088633
001,020416088634,9801,SKINCARE,1988,OCC:L'OCCITANE,6749,SET,10OEBBD22:LOCCITANE X ERBORIAN BB DORE 22,99.6,249,QAR,204,A,,020426088634
001,020416088635,9801,SKINCARE,1988,OCC:L'OCCITANE,6749,SET,10ELBBDSET22:COLLABORATION FACE BB DORE 22,159.6,399,QAR,204,A,,020426088635
001,020416088636,9801,SKINCARE,1988,OCC:L'OCCITANE,6749,SET,10ELBBNSET22:COLLABORATION FACE BB NUDE 22,159.6,399,QAR,204,A,,020426088636
001,020416088637,9801,SKINCARE,1988,OCC:L'OCCITANE,6749,SET,10ELCCDSET22:COLLABORATION FACE CC DORE 22,159.6,399,QAR,204,A,,020426088637
001,020416088638,9801,SKINCARE,1988,OCC:L'OCCITANE,6749,SET,10ELCCCSET22:COLLABORATION FACE CC CLAIR 22,159.6,399,QAR,204,A,,020426088638
001,020416088639,9801,SKINCARE,1988,OCC:L'OCCITANE,6749,SET,27REPRM22:RESET POUCH PRECIOUS 2022,0,299,QAR,204,A,,020426088639
001,020416088640,9815,BEAUTY SET,1988,OCC:L'OCCITANE,3997,BEAUTY SET,29ALMEXK222:ALMOND EXFOLIATING KIT 2022 V2,175.6,439,QAR,204,A,,020426088640
001,020417000860,9828,TOILETRIES,1988,OCC:L'OCCITANE,4634,HAND & FOOT CARE,15GM065L21:LAV CLEAN HANDS GEL 65ML,14,35,QAR,204,A,,3253581760529
001,020417000861,9813,FRAGRANCES,1988,OCC:L'OCCITANE,4538,EAU DE TOILETTE,24ET050R24H:ROSE MEYER LEMON EDT 50ML,116,290,QAR,204,A,,3253581770665
001,020417000862,9828,TOILETRIES,1988,OCC:L'OCCITANE,3991,BATH & BODY,24LC250R23:ROSE BODY LOTION 250ML,61.3369,155,QAR,204,A,,3253581771013
001,020417000863,9801,SKINCARE,1988,OCC:L'OCCITANE,4562,FACE MASK & PEELS & TREATMENTS,11EMP075I22:INF PURIFYING MASK 75ML,64.0001,160,QAR,204,A,,3253581764480
001,020417000864,9834,PLV,1988,OCC:L'OCCITANE,6977,WRAPPING MATERIALS,52MMBGNO24F:2024 HOLIDAY MEDIUM BOX GF,0,.01,QAR,204,A,,3253581871485
001,020417000865,9834,PLV,1988,OCC:L'OCCITANE,6977,WRAPPING MATERIALS,52MIBONO24:2024 HOLIDAY MINI BOX,0,.01,QAR,204,A,,3253581871522
001,020417000866,9834,PLV,1988,OCC:L'OCCITANE,6977,WRAPPING MATERIALS,52LABANO24:2024 HOLIDAY LARGE BAG,0,0,QAR,204,A,,3253581871539
001,020417000867,9828,TOILETRIES,1988,OCC:L'OCCITANE,3991,BATH & BODY,01LC500K24:SHEA RICH BODY LOTION 500ML,100,250,QAR,204,A,,3253581768327
001,020417000868,9834,PLV,1988,OCC:L'OCCITANE,6977,WRAPPING MATERIALS,52MMBPNO24F:2024 HOLIDAY MEDIUM BOX PF,0,.01,QAR,204,A,,3253581871478
001,020417000869,9834,PLV,1988,OCC:L'OCCITANE,6977,WRAPPING MATERIALS,52SMBSANO24:2024 HOLIDAY SMALL BAG SACHET,0,.01,QAR,204,A,,3253581871560
001,020417000870,9834,PLV,1988,OCC:L'OCCITANE,6977,WRAPPING MATERIALS,52MMBANO24:2024 HOLIDAY MEDIUM BAG,0,.01,QAR,204,A,,3253581871546
001,020417002523,9815,BEAUTY SET,1988,OCC:L'OCCITANE,3997,BEAUTY SET,12NOSHP24:NEROLI SHIMMERING POUCH 2024,78,195,QAR,204,A,,020427002523
001,020417002524,9812,GWP,1988,OCC:L'OCCITANE,4624,GWP,11HD245A20G:AMBER ALMOND SHOWER OIL GWP 2024,0,.01,QAR,204,A,,020427002524
001,020417002525,9812,GWP,1988,OCC:L'OCCITANE,4624,GWP,11HD245E22G:INCENSE BERGAMOT SHOWER OIL GWP 2024,0,.01,QAR,204,A,,020427002525
001,020417002526,9812,GWP,1988,OCC:L'OCCITANE,4624,GWP,11HD245M20G:MUSK ROSE SHOWER OIL GWP 2024,0,.01,QAR,204,A,,020427002526
001,020417002651,9834,PLV,1988,OCC:L'OCCITANE,6640,PROMOTIONAL MATERIALS,49POBFNO24:2024 HOLIDAY BIGGER POUCH,8.5843,4.32,QAR,204,A,,3253581871287
001,020417002653,9834,PLV,1988,OCC:L'OCCITANE,6640,PROMOTIONAL MATERIALS,52GIFNO24:2024 HOLIDAY GIFT TAG X 100,0,0,QAR,204,A,,3253581871621
001,020417002654,9834,PLV,1988,OCC:L'OCCITANE,6640,PROMOTIONAL MATERIALS,49DISCGNO24:2024 HOLIDAY DISCOVERY POUCH G,0,.01,QAR,204,A,,3253581871225
001,020417029703,9815,BEAUTY SET,1988,OCC:L'OCCITANE,3997,BEAUTY SET,29ALMLEFESH24:ALMOND LIMITED FESTIVE SET H2024,96,250,QAR,204,A,,020427029703
001,020417029704,9815,BEAUTY SET,1988,OCC:L'OCCITANE,3997,BEAUTY SET,10HCCLTR24H:HAND CREAM CLASSIC TRIO 2024Q,47.6,120,QAR,204,A,,020427029704
001,020417029705,9815,BEAUTY SET,1988,OCC:L'OCCITANE,3997,BEAUTY SET,10HCFLTR24H:HAND CREAM FLORAL TRIO 2024,47.6,120,QAR,204,A,,020427029705
001,020417029706,9815,BEAUTY SET,1988,OCC:L'OCCITANE,3997,BEAUTY SET,10HCBSTR24H:HAND CREAM BEST SELLER TRIO 2024,47.6,120,QAR,204,A,,020427029706
001,020417029716,9815,BEAUTY SET,1988,OCC:L'OCCITANE,3997,BEAUTY SET,01HCDUO24H:SHEA HAND CARE DUO H2024,35.6,90,QAR,204,A,,020427029716
001,020417029717,9815,BEAUTY SET,1988,OCC:L'OCCITANE,3997,BEAUTY SET,01HNDUO24H:NEROLI HAND CARE DUO H2024,35.6,90,QAR,204,A,,020427029717
001,020417029718,9815,BEAUTY SET,1988,OCC:L'OCCITANE,3997,BEAUTY SET,01HADUO24H:ALMOND HAND CARE DUO H2024,35.6,90,QAR,204,A,,020427029718
001,020417029719,9815,BEAUTY SET,1988,OCC:L'OCCITANE,3997,BEAUTY SET,01VEHCDUH24:VERBENA HAND CARE DUO H2024,66,190,QAR,204,A,,020427029719
001,020417029720,9815,BEAUTY SET,1988,OCC:L'OCCITANE,3997,BEAUTY SET,01LAHCDUH24:LAVENDER HAND CARE DUO H2024,66,190,QAR,204,A,,020427029720
001,020417029721,9815,BEAUTY SET,1988,OCC:L'OCCITANE,3997,BEAUTY SET,10QUATRCB24H:QUATRO TRAVEL KIT CB H2024,50,125,QAR,204,A,,020427029721
001,020417029722,9815,BEAUTY SET,1988,OCC:L'OCCITANE,3997,BEAUTY SET,10QUATRNO24H:QUATRO TRAVEL KIT NO H2024,50,125,QAR,204,A,,020427029722
001,020417029805,9815,BEAUTY SET,1988,OCC:L'OCCITANE,3997,BEAUTY SET,10SDAYO24H:SINGLE'S DAY OFFER 2024,59.6,149,QAR,204,A,,020427029805
001,020417029806,9815,BEAUTY SET,1988,OCC:L'OCCITANE,3997,BEAUTY SET,29ALFES24H:ALMOND BEST FESTIVE GIFT 2024,96,240,QAR,204,A,,020427029806
001,020417029807,9812,GWP,1988,OCC:L'OCCITANE,4624,GWP,49SSGWP124H:SUPER SALE NOV GWP 2024 V1,0,.01,QAR,204,A,,020427029807
001,020417029808,9812,GWP,1988,OCC:L'OCCITANE,4624,GWP,49SSGWP224H:SUPER SALE NOV GWP 2024 V2,0,0,QAR,204,A,,020427029808
001,020417029810,9812,GWP,1988,OCC:L'OCCITANE,4624,GWP,49NOVGWP24:NOVEMBER 2024 GWP,0,.01,QAR,204,A,,020427029810
001,020417029811,9815,BEAUTY SET,1988,OCC:L'OCCITANE,3997,BEAUTY SET,01SBFESH24:SHEA BUTTER FESTIVE SET H2024,96,250,QAR,204,A,,020427029811
001,020417029812,9815,BEAUTY SET,1988,OCC:L'OCCITANE,3997,BEAUTY SET,10MLFEKIT24H:MOST LOVED FESTIVE KIT 2024,116,299,QAR,204,A,,020427029812
001,020417029813,9815,BEAUTY SET,1988,OCC:L'OCCITANE,3997,BEAUTY SET,29ALMFESH24:ALMOND FESTIVE SET H2024,116,299,QAR,204,A,,020427029813
001,020417029814,9815,BEAUTY SET,1988,OCC:L'OCCITANE,3997,BEAUTY SET,12NOFESH24:NEROLI FESTIVE SET H2024,80,215,QAR,204,A,,020427029814
001,020417029815,9815,BEAUTY SET,1988,OCC:L'OCCITANE,3997,BEAUTY SET,15VEFESH24:VERBENA FESTIVE SET H2024,96,260,QAR,204,A,,020427029815
001,020417029816,9815,BEAUTY SET,1988,OCC:L'OCCITANE,3997,BEAUTY SET,24CBFESH24:CHERRY BLOSSOM FESTIVE SET H2024,96,250,QAR,204,A,,020427029816
001,020417029817,9815,BEAUTY SET,1988,OCC:L'OCCITANE,3997,BEAUTY SET,01SOGSBK25:SOG SHEA BUTTER 2025,18,45,QAR,204,A,,020427029817
001,020417029818,9815,BEAUTY SET,1988,OCC:L'OCCITANE,3997,BEAUTY SET,24SOGCB25:SOG CHERRY BLOSSOM 2025,20,50,QAR,204,A,,020427029818
001,020417029819,9815,BEAUTY SET,1988,OCC:L'OCCITANE,3997,BEAUTY SET,29SOGAL25:SOG ALMOND 2025,24,60,QAR,204,A,,020427029819
001,020417029820,9815,BEAUTY SET,1988,OCC:L'OCCITANE,3997,BEAUTY SET,29SOGUAL25:SOG UPGRADED ALMOND 2025,32,80,QAR,204,A,,020427029820
001,020417029821,9815,BEAUTY SET,1988,OCC:L'OCCITANE,3997,BEAUTY SET,10SOGFRA25:SOG FRAGRANCES 2025,38.8761,90,QAR,204,A,,020427029821
001,020417029822,9815,BEAUTY SET,1988,OCC:L'OCCITANE,3997,BEAUTY SET,27SOGPR24:SOG PRECIOUS OS 2025,32,60,QAR,204,A,,020427029822
001,020417029823,9815,BEAUTY SET,1988,OCC:L'OCCITANE,3997,BEAUTY SET,01SOGSBF25:SOG SHEA BUTTER FACE OS 2025,24,50,QAR,204,A,,020427029823
001,020417029824,9815,BEAUTY SET,1988,OCC:L'OCCITANE,3997,BEAUTY SET,11SOGART25:SOG ARTICHOKE OS 2025,24,50,QAR,204,A,,020427029824
001,020417029825,9815,BEAUTY SET,1988,OCC:L'OCCITANE,3997,BEAUTY SET,27SOGDIV25WRONG:SOG DIVINE OS 2025,40,90,QAR,204,A,,020427029825
001,020417029826,9815,BEAUTY SET,1988,OCC:L'OCCITANE,3997,BEAUTY SET,11SOGREL25:SOG RELAXING OS 2025,20,50,QAR,204,A,,020427029826
001,020417029827,9815,BEAUTY SET,1988,OCC:L'OCCITANE,3997,BEAUTY SET,10SOGHHA25:SOG HAPPY HANDS OS 2025,20,50,QAR,204,A,,020427029827
001,020417035103,9812,GWP,1988,OCC:L'OCCITANE,4624,GWP,01MR150K16G:WONDERFUL ROSE HAND CR 150ML GWP,0,.01,QAR,204,A,,020427035103
001,020417035104,9812,GWP,1988,OCC:L'OCCITANE,4624,GWP,01MR150K23G:SHEA ROSE HAND CREAM 150ML GWP,0,.01,QAR,204,A,,020427035104
001,020417035105,9812,GWP,1988,OCC:L'OCCITANE,4624,GWP,01SA500KVA22G:SHEA VANIL LIQ SOAP QVC 500ML GWP,0,.01,QAR,204,A,,020427035105
001,020417035106,9812,GWP,1988,OCC:L'OCCITANE,4624,GWP,01SAR500KVA22G:SHEA VA LIQ SOAP RE QVC 500ML GWP,0,.01,QAR,204,A,,020427035106
001,020417035107,9812,GWP,1988,OCC:L'OCCITANE,4624,GWP,24GD500CB22G:CB B AND SHOWER GEL 500ML GWP,0,.01,QAR,204,A,,020427035107
001,020417035108,9812,GWP,1988,OCC:L'OCCITANE,4624,GWP,15BA500L16AG:LAVENDER FOAMING BATH 500MLGWP,0,.01,QAR,204,A,,020427035108
001,020417035843,9843,AMBIENT SCENTS,1988,OCC:L'OCCITANE,4153,CANDLES,15BG180VE24:VERBENA CANDLE 180GR,79.6,199,QAR,204,A,,3253581779316
001,020417035845,9843,AMBIENT SCENTS,1988,OCC:L'OCCITANE,4153,CANDLES,11BG180O24:OSMANTHUS CANDLE 180GR,79.6,199,QAR,204,A,,3253581779330
001,020417035846,9843,AMBIENT SCENTS,1988,OCC:L'OCCITANE,4153,CANDLES,15BG180LB24:WHITE LAVENDER CANDLE 180GR,79.6,199,QAR,204,A,,3253581779323
001,020417035847,9843,AMBIENT SCENTS,1988,OCC:L'OCCITANE,4153,CANDLES,11BG180CS24:COCON SERENITE CANDLE 180GR,79.6,199,QAR,204,A,,3253581781456
001,020417035848,9815,BEAUTY SET,1988,OCC:L'OCCITANE,3997,BEAUTY SET,10CACLA24:2024 HOLIDAY CLASSIC CALENDAR,119.6,299,QAR,204,A,,3253581779163
001,020417035849,9815,BEAUTY SET,1988,OCC:L'OCCITANE,3997,BEAUTY SET,01PWPKT24:2024 HOLIDAY PWP SHEA,0,.01,QAR,204,A,,3253581779217
001,020417035850,9815,BEAUTY SET,1988,OCC:L'OCCITANE,3997,BEAUTY SET,24ORCHB24:2024 HOLIDAY CB ORNAMENT,20,50,QAR,204,A,,3253581779156
001,020417035851,9815,BEAUTY SET,1988,OCC:L'OCCITANE,3997,BEAUTY SET,01ORKAR24:2024 HOLIDAY SHEA ORNAMENT,20,50,QAR,204,A,,3253581779231
001,020417035852,9815,BEAUTY SET,1988,OCC:L'OCCITANE,3997,BEAUTY SET,10CRAKT24:HOLIDAY 2024 CRACKERS KIT,48,120,QAR,204,A,,3253581779170
001,020417035853,9815,BEAUTY SET,1988,OCC:L'OCCITANE,3997,BEAUTY SET,29ORALM24:2024 HOLIDAY ALMOND ORNAMENT,20,50,QAR,204,A,,3253581779149
001,020417035854,9815,BEAUTY SET,1988,OCC:L'OCCITANE,3997,BEAUTY SET,10ORMEN24:2024 HOLIDAY MEN ORNAMENT,20,50,QAR,204,A,,3253581779194
001,020417035855,9815,BEAUTY SET,1988,OCC:L'OCCITANE,3997,BEAUTY SET,15ORVER24:2024 HOLIDAY VERBENA ORNAMENT,20,50,QAR,204,A,,3253581779187
001,020417035857,9815,BEAUTY SET,1988,OCC:L'OCCITANE,3997,BEAUTY SET,10CAMAG24:2024 HOLIDAY PREMIUM CALENDAR,220.0002,550,QAR,204,A,,3253581779200
001,020417035859,9801,SKINCARE,1988,OCC:L'OCCITANE,6813,SKINCARE TREATMENTS,27DS030I24:IMM DIVINE SERUM 30ML,199.6,499,QAR,204,A,,3253581768594
001,020417035860,9828,TOILETRIES,1988,OCC:L'OCCITANE,3991,BATH & BODY,29EC200A23:ALMOND DELICIOUS PASTE 200ML,79.6,199,QAR,204,A,,3253581781708
001,020417035861,9828,TOILETRIES,1988,OCC:L'OCCITANE,4634,HAND & FOOT CARE,49MA010R23:ROSE HAND CREAM 10 ML,6,15,QAR,204,A,,3253581769072
001,020417037083,9815,BEAUTY SET,1988,OCC:L'OCCITANE,3997,BEAUTY SET,10RAMCAL25:RAMADAN CALENDAR 2025,159.6,399,QAR,204,A,,020427037083
001,020417049583,9815,BEAUTY SET,1988,OCC:L'OCCITANE,3997,BEAUTY SET,17ARDUO24:AROMA REPAIRING DUO 2024,75.9999,190,QAR,204,A,,020427049583
001,020417049584,9815,BEAUTY SET,1988,OCC:L'OCCITANE,3997,BEAUTY SET,17ARTRI24:AROMA REPAIRING TRIO 2024,136.15,350,QAR,204,A,,020427049584
001,020417052461,9828,TOILETRIES,1988,OCC:L'OCCITANE,3991,BATH & BODY,24GD250CBL25:CB25 LTD SHOWER GEL 250ML,36,99,QAR,204,A,,3253581771624
001,020417052483,9828,TOILETRIES,1988,OCC:L'OCCITANE,3991,BATH & BODY,24LC250CBL25:CB25 LTD BODY LOTION 250ML,56,155,QAR,204,A,,3253581771631
001,020417052484,9801,SKINCARE,1988,OCC:L'OCCITANE,4508,DAY CREAMS,38RC050A25:RDP BRIGHT RICH CREAM 50ML,124,310,QAR,204,A,,3253581779569
001,020417052485,9850,HAIR CARE,1988,OCC:L'OCCITANE,4627,HAIR & SCALP TREATMENTS,17AF100G24:IR ANTI FRIZZ SERUM 100ML,44.5263,135,QAR,204,A,,3253581781395
001,020417052486,9828,TOILETRIES,1988,OCC:L'OCCITANE,6754,SHAVING,20AR075H22:COMFORTING AF SHAVE BALM 75ML,60,150,QAR,204,A,,3253581770276
001,020417052487,9828,TOILETRIES,1988,OCC:L'OCCITANE,4634,HAND & FOOT CARE,24MA030CBL25:CB25 LTD HAND CREAM 30ML,19.6,49,QAR,204,A,,3253581771648
001,020417052488,9801,SKINCARE,1988,OCC:L'OCCITANE,6744,SERUM,38WS030A25:RDP BRIGHTENING SERUM 30ML,140,350,QAR,204,A,,3253581779538
001,020417052489,9828,TOILETRIES,1988,OCC:L'OCCITANE,4634,HAND & FOOT CARE,12MA030NO24:N O HAND CREAM 30ML,19.6,49,QAR,204,A,,3253581779378
001,020417052490,9813,FRAGRANCES,1988,OCC:L'OCCITANE,4538,EAU DE TOILETTE,24EDT050CBL25:CB25 LTD EAU DE TOILETTE 50ML,116,315,QAR,204,A,,3253581771655
001,020417052491,9801,SKINCARE,1988,OCC:L'OCCITANE,4344,CLEANSERS,38MI150A25:RDP INTENSE FOAM 150ML,60,150,QAR,204,A,,3253581779590
001,020417052492,9828,TOILETRIES,1988,OCC:L'OCCITANE,3991,BATH & BODY,15BA500L21A:LAVENDER FOAMING BATH 500ML,60,150,QAR,204,A,,3253581761434
001,020417052875,9815,BEAUTY SET,1988,OCC:L'OCCITANE,3997,BEAUTY SET,12NOCOLL324:NEROLI ORCHIDEE COLLECTION SPECIAL EDITION 2024 V2,203.9998,510,QAR,204,A,,020427052875
001,020417052877,9815,BEAUTY SET,1988,OCC:L'OCCITANE,3997,BEAUTY SET,12NOSHP224:NEROLI SHIMMERING POUCH 2024 V2,78,195,QAR,204,A,,020427052877
001,020417052878,9815,BEAUTY SET,1988,OCC:L'OCCITANE,3997,BEAUTY SET,12NOFEP24:NEROLI FRESH POUCH 2024,78,199,QAR,204,A,,020427052878
001,020417052879,9815,BEAUTY SET,1988,OCC:L'OCCITANE,3997,BEAUTY SET,20BAUXKIT24H:BAUX FESTIVE KIT 2024,64.0001,160,QAR,204,A,,020427052879
001,020417100803,9828,TOILETRIES,1988,OCC:L'OCCITANE,6749,SET,29BP100A23:ALM DELIGHTFUL BODY BALM 100ML,68,170,QAR,204,A,,3253581779125
001,020417100803,9828,TOILETRIES,1988,OCC:L'OCCITANE,6749,SET,29BP100A23:ALM DELIGHTFUL BODY BALM 100ML,68,170,QAR,204,A,,020427100803
001,020417100858,9815,BEAUTY SET,1988,OCC:L'OCCITANE,3997,BEAUTY SET,12NORAM25:NEROLI RAMADAN SET 2025,80,215,QAR,204,A,,020427100858
001,020417100860,9815,BEAUTY SET,1988,OCC:L'OCCITANE,3997,BEAUTY SET,10RAM6CR25:RAMADAN CRACKER 6 2025,60,150,QAR,204,A,,020427100860
001,020417100861,9815,BEAUTY SET,1988,OCC:L'OCCITANE,3997,BEAUTY SET,12NOCOLL25:NEROLI ORCHIDEE COLLECTION 2025,190,510,QAR,204,A,,020427100861
001,020417100861,9815,BEAUTY SET,1988,OCC:L'OCCITANE,3997,BEAUTY SET,12NOCOLL25:NEROLI ORCHIDEE COLLECTION 2025,190,510,QAR,204,A,,781005621307
001,020417100862,9815,BEAUTY SET,1988,OCC:L'OCCITANE,3997,BEAUTY SET,20BAUXSET25:EAU DE BAUX MEN COLLECTION 2025,160,425,QAR,204,A,,020427100862
001,020417100903,9834,PLV,1988,OCC:L'OCCITANE,6722,SAMPLES,49RAMGWP25:RAMADAN 2025 GWP NEROLI CLASSIC,0,0,QAR,204,A,,020427100903
001,020417100904,9815,BEAUTY SET,1988,OCC:L'OCCITANE,3997,BEAUTY SET,29GLCOLL25:ALMOND GLOW COLLECTION 2025,160,415,QAR,204,A,,020427100904
001,020417100905,9815,BEAUTY SET,1988,OCC:L'OCCITANE,3997,BEAUTY SET,29ALMRAM25:ALMOND RAMADAN SET 2025,116,299,QAR,204,A,,020427100905
001,020417100906,9801,SKINCARE,1988,OCC:L'OCCITANE,6749,SET,29ALSHCOL25:ALMOND SHOWER COLLECTION 2025,136,360,QAR,204,A,,020427100906
001,020417100907,9815,BEAUTY SET,1988,OCC:L'OCCITANE,3997,BEAUTY SET,15WLDUO25:WHITE LAVENDER DUO 2025,80,215,QAR,204,A,,020427100907
001,020417100908,9815,BEAUTY SET,1988,OCC:L'OCCITANE,3997,BEAUTY SET,01SBRAM25:SHEA BUTTER RAMADAN SET 2025,96,250,QAR,204,A,,020427100908
001,020417100909,9815,BEAUTY SET,1988,OCC:L'OCCITANE,3997,BEAUTY SET,15VERAM25:VERBENA RAMADAN SET 2025,96,260,QAR,204,A,,020427100909
001,020417100910,9815,BEAUTY SET,1988,OCC:L'OCCITANE,3997,BEAUTY SET,24CBRAM25:CHERRY BLOSSOM RAMADAN SET 2025,96,250,QAR,204,A,,020427100910
001,020417100911,9815,BEAUTY SET,1988,OCC:L'OCCITANE,3997,BEAUTY SET,12NODUO25:NEROLI & ORCHIDEE DUO 2025,80,215,QAR,204,A,,020427100911
001,020417100912,9815,BEAUTY SET,1988,OCC:L'OCCITANE,3997,BEAUTY SET,27DIVCOLL25:DIVINE FACE CARE COLLECTION 2025,419.5556,1045,QAR,204,A,,020427100912
001,020417100913,9815,BEAUTY SET,1988,OCC:L'OCCITANE,3997,BEAUTY SET,01SHBNVS25:NOURISHING SHEA COLLECTION 2025,166,425,QAR,204,A,,020427100913
001,020417128755,9801,SKINCARE,1988,OCC:L'OCCITANE,6812,SKINCARE ACCESSORIES,84GAUSH25:LOCCITANE GUASHA 2025,36,90,QAR,204,A,,020427128755
001,020417163123,9828,TOILETRIES,1988,OCC:L'OCCITANE,3991,BATH & BODY,11LC250NO25:BODY MILK N O 25 EAU HARMONIEUSE 250ML,58.0172,155,QAR,204,A,,3253581779446
001,020417163125,9828,TOILETRIES,1988,OCC:L'OCCITANE,3991,BATH & BODY,11GD250NO25:SHOWER GEL N O EAU HARMONIEUSE 25 250ML,39.5537,99,QAR,204,A,,3253581779422
001,020417163127,9828,TOILETRIES,1988,OCC:L'OCCITANE,3991,BATH & BODY,11MA030NO25:HAND CREAM N O EAU HARMONIEUSE 25 30ML,19.6,49,QAR,204,A,,3253581779460
001,020417163129,9801,SKINCARE,1988,OCC:L'OCCITANE,6744,SERUM,27ORR050I24:RESET OIL SERUM REFILL 50ML,154,385,QAR,204,A,,3253581768471
001,020417163130,9828,TOILETRIES,1988,OCC:L'OCCITANE,3991,BATH & BODY,01CD075K25:SHEA SHOWER CREAM 75ML,12.8,32,QAR,204,A,,3253581781586
001,020417171962,9815,BEAUTY SET,1988,OCC:L'OCCITANE,3997,BEAUTY SET,10MLOKIT25:MOST LOVED KIT 2025,116,299,QAR,204,A,,020427171962
001,020417172763,9813,FRAGRANCES,1988,OCC:L'OCCITANE,4538,EAU DE TOILETTE,11ET050NO25:EAU DE TOILETTE N O EAU HARMONIEUSE 25 50ML,116,290,QAR,204,A,,3253581779415
001,020417200663,9834,PLV,1988,OCC:L'OCCITANE,6977,WRAPPING MATERIALS,84GTBTE25:GIFT TAG BEST TEACHER EVER 1X50,0,0,QAR,204,A,,020427200663
001,020417200665,9834,PLV,1988,OCC:L'OCCITANE,6977,WRAPPING MATERIALS,84GTHMD25:GIFT TAG HAPPY MOTHER S DAY 1X50,0,0,QAR,204,A,,020427200665
001,020417200666,9834,PLV,1988,OCC:L'OCCITANE,6977,WRAPPING MATERIALS,84GTTHU25:GIFT TAG THANK YOU 1X50,0,.01,QAR,204,A,,020427200666
001,020417200667,9834,PLV,1988,OCC:L'OCCITANE,6977,WRAPPING MATERIALS,84GTCON25:GIFT TAG CONGRATULATIONS 1X50,0,.01,QAR,204,A,,020427200667
001,020417200668,9834,PLV,1988,OCC:L'OCCITANE,6977,WRAPPING MATERIALS,84GTIAB25:GIFT TAG IT S A BOY 1X50,0,.01,QAR,204,A,,020427200668
001,020417200669,9834,PLV,1988,OCC:L'OCCITANE,6977,WRAPPING MATERIALS,84GTIAG25:GIFT TAG IT S A GIRL 1X50,0,0,QAR,204,A,,020427200669
001,020417200670,9834,PLV,1988,OCC:L'OCCITANE,6977,WRAPPING MATERIALS,84GTTFC25:GIFT TAG THANK YOU FOR COMING 1X50,0,.01,QAR,204,A,,020427200670
001,020417200671,9834,PLV,1988,OCC:L'OCCITANE,6977,WRAPPING MATERIALS,84GTEMU25:GIFT TAG EID MUBARAK 1X50,0,.01,QAR,204,A,,020427200671
001,020417200672,9834,PLV,1988,OCC:L'OCCITANE,6977,WRAPPING MATERIALS,84GTRAK25:GIFT TAG RAMADAN KAREEM 1X50,0,.01,QAR,204,A,,020427200672
001,020417200673,9834,PLV,1988,OCC:L'OCCITANE,6977,WRAPPING MATERIALS,84GTART25:GIFT TAG ARABIC TEXT 1X50,0,0,QAR,204,A,,020427200673
001,020417201272,9828,TOILETRIES,1988,OCC:L'OCCITANE,4634,HAND & FOOT CARE,24MA030RR25:ROSE HAND CREAM 30ML,19.6,49,QAR,204,A,,3253581782019
001,020417201274,9828,TOILETRIES,1988,OCC:L'OCCITANE,4634,HAND & FOOT CARE,49MA010RR25:ROSE HAND CREAM 10 ML,5.9999,15,QAR,204,A,,3253581782026
001,020417201275,9828,TOILETRIES,1988,OCC:L'OCCITANE,4634,HAND & FOOT CARE,15MA030L23:LAV HAND CREAM 30ML,19.6,49,QAR,204,A,,3253581768693
001,020417201276,9834,PLV,1988,OCC:L'OCCITANE,6977,WRAPPING MATERIALS,52SGEBOX23:SMALL GENERIC BOX 2023,0,.01,QAR,204,A,,3253581866696
001,020417201277,9850,HAIR CARE,1988,OCC:L'OCCITANE,3903,AFTER SHAMPOO,11AS075FV25:VD CONDITIONER 75ML,18,45,QAR,204,A,,3253581780527
001,020417201278,9850,HAIR CARE,1988,OCC:L'OCCITANE,3903,AFTER SHAMPOO,11RC500FV25:VD CONDI REFILL 500ML,76,190,QAR,204,A,,3253581780558
001,020417201279,9850,HAIR CARE,1988,OCC:L'OCCITANE,3903,AFTER SHAMPOO,11AS500FV25:VD CONDITIONER 500ML,84,210,QAR,204,A,,3253581780541
001,020417201280,9850,HAIR CARE,1988,OCC:L'OCCITANE,3903,AFTER SHAMPOO,11AS250FV25:VD CONDITIONER 250ML,46,115,QAR,204,A,,3253581780510
001,020417201281,9850,HAIR CARE,1988,OCC:L'OCCITANE,6753,SHAMPOO,11SH075FV25:VD SHAMPOO 75ML,14.8,37,QAR,204,A,,3253581780473
001,020417201282,9850,HAIR CARE,1988,OCC:L'OCCITANE,6753,SHAMPOO,11SH300FV25:VD SHAMPOO 300ML,46,115,QAR,204,A,,3253581780466
001,020417201283,9850,HAIR CARE,1988,OCC:L'OCCITANE,6753,SHAMPOO,11SH500FV25:VD SHAMPOO 500ML,70,175,QAR,204,A,,3253581780497
001,020417201284,9843,AMBIENT SCENTS,1988,OCC:L'OCCITANE,4520,DIFFUSERS,11BAT10HO25:10 RATTAN REEDS DIFFUSER 2025,8,20,QAR,204,A,,3253581873014
001,020417201285,9843,AMBIENT SCENTS,1988,OCC:L'OCCITANE,4520,DIFFUSERS,11DI250HOA25:HOME DIFFUSER 250ML SENT A,140,350,QAR,204,A,,3253581785386
001,020417201286,9843,AMBIENT SCENTS,1988,OCC:L'OCCITANE,4520,DIFFUSERS,11DI250HOB25:HOME DIFFUSER 250ML SENT B,140,350,QAR,204,A,,3253581785393
001,020417201287,9843,AMBIENT SCENTS,1988,OCC:L'OCCITANE,4520,DIFFUSERS,11DI250HOC25:HOME DIFFUSER 250ML SENT C,140,350,QAR,204,A,,3253581785409
001,020417204503,9815,BEAUTY SET,1988,OCC:L'OCCITANE,3997,BEAUTY SET,29ALMEXVS25:ALMOND EXFOLIATING SET 2025,183.2045,460,QAR,204,A,,020427204503
001,020417205578,9834,PLV,1988,OCC:L'OCCITANE,6640,PROMOTIONAL MATERIALS,49RAMGWP225:RAMADAN 2025 GWP NEROLI LE,0,.01,QAR,204,A,,020427205578
001,020417205579,9815,BEAUTY SET,1988,OCC:L'OCCITANE,3997,BEAUTY SET,10MLFEKIT25:MOST LOVED FESTIVE KIT 2024 F,119.6001,299,QAR,204,A,,020427205579
001,020417205580,9815,BEAUTY SET,1988,OCC:L'OCCITANE,3997,BEAUTY SET,10HCBSTR25:HAND CREAM BEST SELLER TRIO 2025,47.6,120,QAR,204,A,,020427205580
001,020417205581,9815,BEAUTY SET,1988,OCC:L'OCCITANE,3997,BEAUTY SET,01HFDUO25:SHEA BUTTER HAND AND FOOT DUO 2025,35.6,90,QAR,204,A,,020427205581
001,020417206047,9828,TOILETRIES,1988,OCC:L'OCCITANE,3991,BATH & BODY,29HSC100A25:SHIMMERING BODY OIL 100ML,92,230,QAR,204,A,,3253581781227
001,020417211726,9834,PLV,1988,OCC:L'OCCITANE,6977,WRAPPING MATERIALS,80NOLEBOX25:NEROLI ORCHIDEE LIMITED EDITION BOX 2025,0,5.9,QAR,204,A,,020427211726
001,020417221614,9813,FRAGRANCES,1988,OCC:L'OCCITANE,4538,EAU DE TOILETTE,15ET100VA25:CIT VER EDT 100ML,125.4019,315,QAR,204,A,,3253581769607
001,020417221616,9813,FRAGRANCES,1988,OCC:L'OCCITANE,4538,EAU DE TOILETTE,24ET050CBR25:CHE BLOSSOM EDT 50ML,118.4444,290,QAR,204,A,,3253581784730
001,020417221617,9850,HAIR CARE,1988,OCC:L'OCCITANE,3903,AFTER SHAMPOO,11LO125FV25:VOLUME & STRENGTH LEAVE-IN DETANGLING MIST 125ML,54,135,QAR,204,A,,3253581780565
001,020417221618,9850,HAIR CARE,1988,OCC:L'OCCITANE,6753,SHAMPOO,11RS500FV25:VD SHAMPOO REFILL 500ML,62,155,QAR,204,A,,3253581780503
001,020417221619,9834,PLV,1988,OCC:L'OCCITANE,6640,PROMOTIONAL MATERIALS,49POULSS25:2025 L BROWN COLLECTION POUCH,0,3.4,QAR,204,A,,3253581872543
001,020417221620,9834,PLV,1988,OCC:L'OCCITANE,6977,WRAPPING MATERIALS,52HCTSS25:2025 SS EMPTY HC TRIO,0,.68,QAR,204,A,,3253581872482
001,020417221621,9834,PLV,1988,OCC:L'OCCITANE,6640,PROMOTIONAL MATERIALS,49POUBSS25:2025 BEIGE COLLECTION POUCH,0,.01,QAR,204,A,,3253581872529
001,020417221622,9834,PLV,1988,OCC:L'OCCITANE,6640,PROMOTIONAL MATERIALS,49POUPSS25:2025 PINK COLLECTION POUCH,0,.01,QAR,204,A,,3253581872499
001,020417221623,9834,PLV,1988,OCC:L'OCCITANE,6640,PROMOTIONAL MATERIALS,49POUYSS25:2025 YELLOW COLLECTION POUCH,0,.01,QAR,204,A,,3253581872536
001,020417221624,9828,TOILETRIES,1988,OCC:L'OCCITANE,4634,HAND & FOOT CARE,24MA150CBR25:CHE BLOSSOM HAND CREAM 150ML,60,150,QAR,204,A,,3253581781944
001,020417221625,9828,TOILETRIES,1988,OCC:L'OCCITANE,4634,HAND & FOOT CARE,24MA075CBR25:CHE BLOSSOM HAND CREAM 75ML,39.6,99,QAR,204,A,,3253581781951
001,020417221626,9828,TOILETRIES,1988,OCC:L'OCCITANE,3991,BATH & BODY,24SA050CBR25:CHE BLOSSOM SOAP 50G,12,30,QAR,204,A,,3253581781890
001,020417221627,9828,TOILETRIES,1988,OCC:L'OCCITANE,3991,BATH & BODY,24GDR500CBR25:CHE BLOSSOM SHOWERGEL REF500ML,60,150,QAR,204,A,,3253581781845
001,020417221628,9828,TOILETRIES,1988,OCC:L'OCCITANE,3991,BATH & BODY,24GD500CBR25:CHE BLOSSOM SHOWER GEL 500ML,68,170,QAR,204,A,,3253581781838
001,020417221629,9828,TOILETRIES,1988,OCC:L'OCCITANE,3991,BATH & BODY,24GD075CBR25:CHE BLOSSOM SHOWER GEL 75ML,14,35,QAR,204,A,,3253581781869
001,020417221630,9828,TOILETRIES,1988,OCC:L'OCCITANE,3991,BATH & BODY,24LC250CBR25:CHE BLOSSOM BODY LOTION 250ML,62,155,QAR,204,A,,3253581781913
001,020417221631,9828,TOILETRIES,1988,OCC:L'OCCITANE,3991,BATH & BODY,24GD250CBR25:CHE BLOSSOM SHOWER GEL 250ML,39.6,99,QAR,204,A,,3253581781852
001,020417221632,9828,TOILETRIES,1988,OCC:L'OCCITANE,4634,HAND & FOOT CARE,11MA030BAR25:GOLDEN BUTTON HAND CREAM 30ML,19.6,49,QAR,204,A,,3253581782064
001,020417221633,9828,TOILETRIES,1988,OCC:L'OCCITANE,4634,HAND & FOOT CARE,12MA030NOR25:NERO ORCHI HAND CREAM 30ML,19.6,49,QAR,204,A,,3253581782033
001,020417221634,9828,TOILETRIES,1988,OCC:L'OCCITANE,3991,BATH & BODY,24LC075CBR25:CHE BLOSSOM BODY LOTION 75ML,22,55,QAR,204,A,,3253581781920
001,020417221635,9828,TOILETRIES,1988,OCC:L'OCCITANE,3991,BATH & BODY,24MA030CBR25:CHE BLOSSOM HAND CREAM 30ML,19.6,49,QAR,204,A,,3253581781999
001,020417221636,9828,TOILETRIES,1988,OCC:L'OCCITANE,3991,BATH & BODY,49MA010CBR25:CHE BLOSSOM HAND CREAM 10ML,5.9999,15,QAR,204,A,,3253581782002
001,020417221637,9828,TOILETRIES,1988,OCC:L'OCCITANE,3991,BATH & BODY,11MA030MER25:SWEET CLOVER HAND CREAM 30ML,19.6,49,QAR,204,A,,3253581782088
001,020417221638,9828,TOILETRIES,1988,OCC:L'OCCITANE,3991,BATH & BODY,11MA030NER25:MAY BLOSSOM HAND CREAM 30ML,19.6,49,QAR,204,A,,3253581782095
001,020417221639,9828,TOILETRIES,1988,OCC:L'OCCITANE,3991,BATH & BODY,11MA030GYR25:WISTERIA HAND CREAM 30ML,19.6,49,QAR,204,A,,3253581782118
001,020417221640,9828,TOILETRIES,1988,OCC:L'OCCITANE,3991,BATH & BODY,15RC500VB24:VER REFILL SHOWER GEL 500ML,53.9968,135,QAR,204,A,,3253581769386
001,020417236197,9801,SKINCARE,1988,OCC:L'OCCITANE,6865,SUNCARE,38UV030A25:RDP UV SHIELD 30ML,84,210,QAR,204,A,,3253581779606
001,020417236201,9828,TOILETRIES,1988,OCC:L'OCCITANE,4634,HAND & FOOT CARE,11MA030OR25:OSMANTHUS HAND CREAM 30ML,19.6,49,QAR,204,A,,3253581782040
001,020417236202,9828,TOILETRIES,1988,OCC:L'OCCITANE,4634,HAND & FOOT CARE,15MA030LBR25:WHITE LAVEND HAND CREAM 30ML,19.6,49,QAR,204,A,,3253581782170
001,020417236203,9828,TOILETRIES,1988,OCC:L'OCCITANE,4634,HAND & FOOT CARE,49MA010LBR25:WHITE LAVEND HAND CREAM 10ML,5.9999,15,QAR,204,A,,3253581782187
001,020417236204,9828,TOILETRIES,1988,OCC:L'OCCITANE,4634,HAND & FOOT CARE,12MA075NO24:N O HAND CREAM 75ML,39.6,99,QAR,204,A,,3253581779385
001,020417236205,9828,TOILETRIES,1988,OCC:L'OCCITANE,3991,BATH & BODY,29RC200A24:ALM ECO REFILL MILK CONC 200ML,90,225,QAR,204,A,,3253581785621
001,020417236351,9843,AMBIENT SCENTS,1988,OCC:L'OCCITANE,6733,SCENTED LIQUID,15BR100VBL25:LINEN MIST 100ML VB 25,53.8,135,QAR,204,A,,3253581781197
001,020417236354,9828,TOILETRIES,1988,OCC:L'OCCITANE,3991,BATH & BODY,01SL500K25:SHEA HAND BODY WASH 500ML,53.4828,135,QAR,204,A,,3253581784563
001,020417237726,9812,GWP,1988,OCC:L'OCCITANE,4624,GWP,49APRGWPC25:CITRUSS VERBENA APRIL 2025 GWP,0,.01,QAR,204,A,,020427237726
001,020417237727,9812,GWP,1988,OCC:L'OCCITANE,4624,GWP,49APRGWPV25:VERBENA APRIL 2025 GWP,0,0,QAR,204,A,,020427237727
001,020417237728,9815,BEAUTY SET,1988,OCC:L'OCCITANE,3997,BEAUTY SET,12NOLECOL25:NEROLI LIMITED EDITION COLLECTION 2025,199.5247,499,QAR,204,A,,020427237728
001,020417240626,9815,BEAUTY SET,1988,OCC:L'OCCITANE,3997,BEAUTY SET,29ALSHCOL225:ALMOND SHOWER COLLECTION 2025 V2,144,360,QAR,204,A,,020427240626
001,020417273048,9828,TOILETRIES,1988,OCC:L'OCCITANE,3991,BATH & BODY,29HS050A25:SUPPLE SKIN OIL 50ML,46,115,QAR,204,A,,3253581785461
001,020417273050,9828,TOILETRIES,1988,OCC:L'OCCITANE,4634,HAND & FOOT CARE,24MA030R24:ROSE HAND CREAM 30ML,19.6,49,QAR,204,A,,3253581771006
001,020417273051,9828,TOILETRIES,1988,OCC:L'OCCITANE,3991,BATH & BODY,01SLR500K25:SHEA HAND BODY WASH REF 500ML,44,110,QAR,204,A,,3253581784570
001,020417273054,9828,TOILETRIES,1988,OCC:L'OCCITANE,3991,BATH & BODY,01SL300K25:SHEA HAND BODY WASH 300ML,36,90,QAR,204,A,,3253581784556
001,020417290786,9828,TOILETRIES,1988,OCC:L'OCCITANE,6749,SET,01SOGSBFB25:SOG SHEA BUTTER FACE AND BODY OS 2025,32,80,QAR,204,A,,020427290786
001,020417290787,9828,TOILETRIES,1988,OCC:L'OCCITANE,6749,SET,11SOGREL225:SOG RELAXING OS 2025 V2,19.9999,50,QAR,204,A,,020427290787
001,020417290788,9828,TOILETRIES,1988,OCC:L'OCCITANE,6749,SET,10SOGHHA225:SOG HAPPY HANDS OS 2025 V2,19.9999,50,QAR,204,A,,020427290788
001,020417290789,9828,TOILETRIES,1988,OCC:L'OCCITANE,6749,SET,12NOBBTS25:NEROLI TRAVEL KIT 2025,42,105,QAR,204,A,,020427290789
001,020417290790,9828,TOILETRIES,1988,OCC:L'OCCITANE,6749,SET,24ROBBTS25:ROSE TRAVEL KIT 2025,42,105,QAR,204,A,,020427290790
001,020417290791,9828,TOILETRIES,1988,OCC:L'OCCITANE,6749,SET,15VERSOG25:VERBENA SOG OS 2025,32,80,QAR,204,A,,020427290791
001,020417290792,9828,TOILETRIES,1988,OCC:L'OCCITANE,6749,SET,10HCFLTR25:FLORAL TRIO HAND CREAM 2025,47.9998,120,QAR,204,A,,020427290792
001,020417290793,9801,SKINCARE,1988,OCC:L'OCCITANE,6749,SET,27SOGDIV25:SOG DIVINE OS 2025,36,90,QAR,204,A,,020427290793
001,020417290794,9812,GWP,1988,OCC:L'OCCITANE,4624,GWP,49JUNGWP25:JUNE 2025 GWP,0,.01,QAR,204,A,,020427290794
001,020417290795,9812,GWP,1988,OCC:L'OCCITANE,4624,GWP,49JULGWP25:JULY 2025 GWP,0,.01,QAR,204,A,,020427290795
001,020417290796,9812,GWP,1988,OCC:L'OCCITANE,4624,GWP,49AUGGWP125:AUGUST 2025 GWP V1,0,.01,QAR,204,A,,020427290796
001,020417290797,9812,GWP,1988,OCC:L'OCCITANE,4624,GWP,49AUGGWP225:AUGUST 2025 GWP V2,0,.01,QAR,204,A,,020427290797
001,020417290798,9812,GWP,1988,OCC:L'OCCITANE,4624,GWP,49SEPGWP125:SEPTEMBER 2025 GWP V1,0,.01,QAR,204,A,,020427290798
001,020417290799,9812,GWP,1988,OCC:L'OCCITANE,4624,GWP,49SEPGWP225:SEPTEMBER 2025 GWP V2,0,.01,QAR,204,A,,020427290799
001,020417290800,9812,GWP,1988,OCC:L'OCCITANE,4624,GWP,49OCTGWP25:OCTOBER 2025 GWP,0,.01,QAR,204,A,,020427290800
001,020417293237,9801,SKINCARE,1988,OCC:L'OCCITANE,6749,SET,27SOGPR25:SOG PRECIOUS OS 2025,24,60,QAR,204,A,,020427293237
001,020417330894,9828,TOILETRIES,1988,OCC:L'OCCITANE,3991,BATH & BODY,11GD250OR25:OSMANTHUS SHOWER GEL 250ML,39.6,99,QAR,204,A,,3253581782491
001,020417330896,9828,TOILETRIES,1988,OCC:L'OCCITANE,3991,BATH & BODY,11LC250OR25:OSMANTHUS BODY LOTION 250ML,62,155,QAR,204,A,,3253581782521
001,020417330897,9834,PLV,1988,OCC:L'OCCITANE,6722,SAMPLES,52LC006A24:ALMOND MILK CONCENTRATE 6ML,0,0,QAR,204,A,,3253581785591
001,020417330898,9834,PLV,1988,OCC:L'OCCITANE,6722,SAMPLES,52AT004HL23:SAMP ANTI HAIR LOSS 4ML,0,.01,QAR,204,A,,3253581771112
001,020417330902,9813,FRAGRANCES,1988,OCC:L'OCCITANE,4538,EAU DE TOILETTE,11ET050OR25:OSMANTHUS EDT 50ML,116,290,QAR,204,A,,3253581784655
001,020417330903,9813,FRAGRANCES,1988,OCC:L'OCCITANE,4538,EAU DE TOILETTE,12ET050NOR25:NERO ORCHI EDT 50ML,116,290,QAR,204,A,,3253581784662
001,020417360272,9813,FRAGRANCES,1988,OCC:L'OCCITANE,4538,EAU DE TOILETTE,12ET010NOR25:NERO ORCHI EDT 10ML,36,90,QAR,204,A,,3253581783832
001,020417360274,9813,FRAGRANCES,1988,OCC:L'OCCITANE,4538,EAU DE TOILETTE,24ET050RR25:ROSE EDT 50ML,116,290,QAR,204,A,,3253581784723
001,020417360275,9813,FRAGRANCES,1988,OCC:L'OCCITANE,4536,EAU DE PARFUM,11EP050NER25:MAY BLOSSOM EDP 50ML,134,335,QAR,204,A,,3253581783016
001,020417360276,9813,FRAGRANCES,1988,OCC:L'OCCITANE,4536,EAU DE PARFUM,11EP050GYR25:WISTERIA EDP 50ML,134,335,QAR,204,A,,3253581783054
001,020417360277,9850,HAIR CARE,1988,OCC:L'OCCITANE,4627,HAIR & SCALP TREATMENTS,17AF100G25:IR ANTI FRIZZ 100ML,54,135,QAR,204,A,,3253581781616
001,020417360278,9850,HAIR CARE,1988,OCC:L'OCCITANE,6753,SHAMPOO,11RS500E25:GB SHAMPOO REFILL 500ML,62,155,QAR,204,A,,3253581785553
001,020417360279,9834,PLV,1988,OCC:L'OCCITANE,6722,SAMPLES,52ET001NOR25:NERO ORCHI EDT 1 2ML,0,.01,QAR,204,A,,3253581782392
001,020417360280,9801,SKINCARE,1988,OCC:L'OCCITANE,6744,SERUM,27ER050I25:IMM RESET TRIPHASE ESS 50ML,79.6,199,QAR,204,A,,3253581766330
001,020417360281,9801,SKINCARE,1988,OCC:L'OCCITANE,5647,LIP BALMS/FILLERS/MOISTURISER,24BL012MO25H:PEONY MORNING LIP BALM 12ML,19.6,49,QAR,204,A,,3253581785478
001,020417360282,9801,SKINCARE,1988,OCC:L'OCCITANE,5647,LIP BALMS/FILLERS/MOISTURISER,01BL012MI25H:SHEA MIDDAY LIP BALM 12ML,19.6,49,QAR,204,A,,3253581783689
001,020417360283,9801,SKINCARE,1988,OCC:L'OCCITANE,5647,LIP BALMS/FILLERS/MOISTURISER,29BL012NI25H:ALMOND NIGHTLIP BALM 12ML,19.6,49,QAR,204,A,,3253581785522
001,020417360284,9828,TOILETRIES,1988,OCC:L'OCCITANE,4512,DEODORANTS & ANTIPERSPIRANTS,20DO070CD25:CEDRAT STICK DEODORANT 70GR,39.6,99,QAR,204,A,,3253581779286
001,020417360285,9828,TOILETRIES,1988,OCC:L'OCCITANE,3991,BATH & BODY,24HD250NO25:NERO ORCHID SHOWER OIL 250ML,52,130,QAR,204,A,,3253581786079
001,020417360286,9828,TOILETRIES,1988,OCC:L'OCCITANE,4634,HAND & FOOT CARE,24MA150RR25:ROSE HAND CREAM 150ML,60,150,QAR,204,A,,3253581782330
001,020417360287,9828,TOILETRIES,1988,OCC:L'OCCITANE,3991,BATH & BODY,15SA050LBR25:WHITE LAVENDER SOAP 50GR,12,30,QAR,204,A,,3253581783153
001,020417360288,9828,TOILETRIES,1988,OCC:L'OCCITANE,3991,BATH & BODY,24SA050RR25:ROSE SOAP 50GR,12,30,QAR,204,A,,3253581782309
001,020417360289,9828,TOILETRIES,1988,OCC:L'OCCITANE,4634,HAND & FOOT CARE,24MA075RR25:ROSE HAND CREAM 75ML,39.6,99,QAR,204,A,,3253581782347
001,020417360290,9828,TOILETRIES,1988,OCC:L'OCCITANE,3991,BATH & BODY,24LC250RR25:ROSE BODY LOTION 250ML,62,155,QAR,204,A,,3253581782316
001,020417360291,9828,TOILETRIES,1988,OCC:L'OCCITANE,3991,BATH & BODY,24LC075RR25:ROSE BODY LOTION 75ML,22,55,QAR,204,A,,3253581782323
001,020417360292,9828,TOILETRIES,1988,OCC:L'OCCITANE,3991,BATH & BODY,24GD075RR25:ROSE SHOWER GEL 75ML,14,35,QAR,204,A,,3253581782293
001,020417360293,9828,TOILETRIES,1988,OCC:L'OCCITANE,3991,BATH & BODY,24GD250RR25:ROSE SHOWER GEL 250ML,39.6,99,QAR,204,A,,3253581782286
001,020417360294,9828,TOILETRIES,1988,OCC:L'OCCITANE,4634,HAND & FOOT CARE,12MA075NOR25:NERO ORCHI HAND CREAM 75ML,39.6,99,QAR,204,A,,3253581782446
001,020417360295,9828,TOILETRIES,1988,OCC:L'OCCITANE,3991,BATH & BODY,11LC250NOR25:NERO ORCHI BODY LOTION 250ML,62,155,QAR,204,A,,3253581782422
001,020417360296,9828,TOILETRIES,1988,OCC:L'OCCITANE,3991,BATH & BODY,12GD250NOR25:NERO ORCHI SHOWER GEL 250ML,39.6,99,QAR,204,A,,3253581782408
001,020417360297,9828,TOILETRIES,1988,OCC:L'OCCITANE,3991,BATH & BODY,11LC250NER25:MAY BLOSSOM BODY LOTION 250ML,62,155,QAR,204,A,,3253581783047
001,020417360298,9828,TOILETRIES,1988,OCC:L'OCCITANE,3991,BATH & BODY,11GD250GYR25:WISTERIA SHOWER GEL 250ML,39.6,99,QAR,204,A,,3253581783078
001,020417360299,9828,TOILETRIES,1988,OCC:L'OCCITANE,3991,BATH & BODY,27HC100KI25:PRO YOUTH BODY OIL 100ML,140,350,QAR,204,A,,3253581781258
001,020417360300,9828,TOILETRIES,1988,OCC:L'OCCITANE,3991,BATH & BODY,01SA050MI25H:SHEA MIDDAY SOAP 50GR,12,30,QAR,204,A,,3253581783788
001,020417360301,9828,TOILETRIES,1988,OCC:L'OCCITANE,3991,BATH & BODY,24SA050MO25H:PEONY MORNING SOAP 50GR,12,30,QAR,204,A,,3253581783542
001,020417360302,9828,TOILETRIES,1988,OCC:L'OCCITANE,3991,BATH & BODY,29SA050NI25H:ALMD NIGHT SOAP 50GR,12,30,QAR,204,A,,3253581783665
001,020417377654,9828,TOILETRIES,1988,OCC:L'OCCITANE,4512,DEODORANTS & ANTIPERSPIRANTS,20DO070BX25:BAUX STICK DEODORANT 70GR,39.6,99,QAR,204,A,,3253581779248
001,020417377656,9828,TOILETRIES,1988,OCC:L'OCCITANE,4634,HAND & FOOT CARE,12MA150NOR25:NERO ORCHI HAND CREAM 150ML,60,150,QAR,204,A,,3253581783429
001,020417377657,9828,TOILETRIES,1988,OCC:L'OCCITANE,3991,BATH & BODY,20GD250OCR25:L OCCITAN SHOWER GEL 250ML,39.6,99,QAR,204,A,,3253581782767
001,020417377658,9828,TOILETRIES,1988,OCC:L'OCCITANE,3991,BATH & BODY,20GD250HCR25:CAP CEDRAT SHOWER GEL 250ML,39.6,99,QAR,204,A,,3253581782712
001,020417377659,9828,TOILETRIES,1988,OCC:L'OCCITANE,3991,BATH & BODY,20GD250BXR25:BAUX SHOWER GEL 250ML,39.6,99,QAR,204,A,,3253581782811
001,020417377660,9828,TOILETRIES,1988,OCC:L'OCCITANE,3991,BATH & BODY,12GD075NOR25:NERO ORCHI SHOWER GEL 75ML,14,35,QAR,204,A,,3253581782415
001,020417377661,9828,TOILETRIES,1988,OCC:L'OCCITANE,3991,BATH & BODY,11LC075NOR25:NERO ORCHI BODY LOTION 75ML,22,55,QAR,204,A,,3253581782439
001,020417377662,9828,TOILETRIES,1988,OCC:L'OCCITANE,3991,BATH & BODY,29HD250NI25H:ALMD SHOWER OIL NIGHT 250ML,52,130,QAR,204,A,,3253581783610
001,020417387414,9834,PLV,1988,OCC:L'OCCITANE,6640,PROMOTIONAL MATERIALS,80POUBN26:BEIGE NEW DESIGN POUCH 2026,0,5.3,QAR,204,A,,020427387414
001,020417395891,9815,BEAUTY SET,1988,OCC:L'OCCITANE,3997,BEAUTY SET,12NOAOSRE26:NEROLI ORCHIDEE RECRUITMENT COLLECTION 2026,60,150,QAR,204,A,,020427395891
001,020417395893,9815,BEAUTY SET,1988,OCC:L'OCCITANE,3997,BEAUTY SET,10MLFEKIT25H:MOST LOVED FESTIVE KIT 2025,80,200,QAR,204,A,,020427395893
001,020417395894,9815,BEAUTY SET,1988,OCC:L'OCCITANE,3997,BEAUTY SET,12NORAM26:NEROLI RAMADAN SET 2026,100,250,QAR,204,A,,020427395894
001,020417395895,9815,BEAUTY SET,1988,OCC:L'OCCITANE,3997,BEAUTY SET,24CBRAM26:CHERRY BLOSSOM RAMADAN SET 2026,80,200,QAR,204,A,,020427395895
001,020417395896,9815,BEAUTY SET,1988,OCC:L'OCCITANE,3997,BEAUTY SET,10MLRAM26:MOST LOVED RAMADAN SET 2026,79.9998,200,QAR,204,A,,020427395896
001,020417395897,9815,BEAUTY SET,1988,OCC:L'OCCITANE,3997,BEAUTY SET,10RAM6CR26:RAMADAN CRACKER 6 2026,60,150,QAR,204,A,,020427395897
001,020417395898,9815,BEAUTY SET,1988,OCC:L'OCCITANE,3997,BEAUTY SET,01SBRAM26:SHEA BUTTER RAMADAN SET 2026,120,250,QAR,204,A,,020427395898
001,020417395899,9815,BEAUTY SET,1988,OCC:L'OCCITANE,3997,BEAUTY SET,10RAMCAL26:RAMADAN CALENDAR 2026,180,450,QAR,204,A,,020427395899
001,020417395900,9815,BEAUTY SET,1988,OCC:L'OCCITANE,3997,BEAUTY SET,29ALMRLC26:ALMOND COLLECTION 2026,230,575,QAR,204,A,,020427395900
001,020417395904,9815,BEAUTY SET,1988,OCC:L'OCCITANE,3997,BEAUTY SET,29SNDAC25:SND SPECIAL EDITION ALOMND CLASSIC 2025,0,.01,QAR,204,A,,020427395904
001,020417395905,9815,BEAUTY SET,1988,OCC:L'OCCITANE,3997,BEAUTY SET,29SNDAS25:SND SPECIAL EDITION ALOMND SHIMMERING  2025,0,.01,QAR,204,A,,020427395905
001,020417395906,9815,BEAUTY SET,1988,OCC:L'OCCITANE,3997,BEAUTY SET,29ALMFESH25:ALMOND FESTIVE SET H2025,120,300,QAR,204,A,,020427395906
001,020417395907,9815,BEAUTY SET,1988,OCC:L'OCCITANE,3997,BEAUTY SET,12NOFESH25:NEROLI FESTIVE SET H2025,100,250,QAR,204,A,,020427395907
001,020417395908,9815,BEAUTY SET,1988,OCC:L'OCCITANE,3997,BEAUTY SET,24CBFESH25:CHERRY BLOSSOM FESTIVE SET H2025,80,200,QAR,204,A,,020427395908
001,020417395915,9815,BEAUTY SET,1988,OCC:L'OCCITANE,3997,BEAUTY SET,01SBFESH25:SHEA BUTTER FESTIVE SET H2025,120,300,QAR,204,A,,020427395915
001,020417395916,9815,BEAUTY SET,1988,OCC:L'OCCITANE,3997,BEAUTY SET,15VEFESH25:VERBENA FESTIVE SET H2025,100,250,QAR,204,A,,020427395916
001,020417395917,9815,BEAUTY SET,1988,OCC:L'OCCITANE,3997,BEAUTY SET,01HADUO25H:ALMOND HAND CARE DUO H2025,36,90,QAR,204,A,,020427395917
001,020417395918,9815,BEAUTY SET,1988,OCC:L'OCCITANE,3997,BEAUTY SET,01HNDUO25H:NEROLI HAND CARE DUO H2025,36,90,QAR,204,A,,020427395918
001,020417395919,9815,BEAUTY SET,1988,OCC:L'OCCITANE,3997,BEAUTY SET,01HCDUO25H:SHEA HAND CARE DUO H2025,36,90,QAR,204,A,,020427395919
001,020417395920,9815,BEAUTY SET,1988,OCC:L'OCCITANE,3997,BEAUTY SET,10HCCLTR25H:HAND CREAM CLASSIC FESTIVE TRIO 2025,48,120,QAR,204,A,,020427395920
001,020417395921,9815,BEAUTY SET,1988,OCC:L'OCCITANE,3997,BEAUTY SET,10HCFLTR25H:HAND CREAM FLORAL FESTIVE TRIO 2025,48,120,QAR,204,A,,020427395921
001,020417395922,9815,BEAUTY SET,1988,OCC:L'OCCITANE,3997,BEAUTY SET,10HCBSTR25H:HAND CREAM BEST SELLER FESTIVE TRIO 2025,48,120,QAR,204,A,,020427395922
001,020417395923,9815,BEAUTY SET,1988,OCC:L'OCCITANE,3997,BEAUTY SET,10QUATRCB25H:QUATRO TRAVEL KIT CB H2025,56,140,QAR,204,A,,020427395923
001,020417395924,9815,BEAUTY SET,1988,OCC:L'OCCITANE,3997,BEAUTY SET,10QUATRNO25H:QUATRO TRAVEL KIT NO H2025,56,140,QAR,204,A,,020427395924
001,020417395926,9815,BEAUTY SET,1988,OCC:L'OCCITANE,3997,BEAUTY SET,29ALREFDU25:ALMOND SHOWER OIL DUO 2025,88,220,QAR,204,A,,020427395926
001,020417395927,9815,BEAUTY SET,1988,OCC:L'OCCITANE,3997,BEAUTY SET,29ALMRAM26:ALMOND RAMADAN SET 2026,120,300,QAR,204,A,,020427395927
001,020417395928,9815,BEAUTY SET,1988,OCC:L'OCCITANE,3997,BEAUTY SET,29ALSAHC25H:ALMOND SPA AT HOME H2025,128,320,QAR,204,A,,020427395928
001,020417413127,9828,TOILETRIES,1988,OCC:L'OCCITANE,3991,BATH & BODY,15GD500LBR25:WHITE LAV SHOWER GEL 500ML,68,170,QAR,204,A,,3253581783207
001,020417413128,9828,TOILETRIES,1988,OCC:L'OCCITANE,6754,SHAVING,20AR075OR25:L OCCITAN AFTER SHAVE 75ML,60,150,QAR,204,A,,3253581782743
001,020417413129,9828,TOILETRIES,1988,OCC:L'OCCITANE,6754,SHAVING,20AR075HCR25:CAP CEDRAT AFTER SHAVE 75ML,60,150,QAR,204,A,,3253581782705
001,020417413130,9828,TOILETRIES,1988,OCC:L'OCCITANE,4634,HAND & FOOT CARE,15MA075LBR25:WHITE LAV HAND CREAM 75ML,39.6,99,QAR,204,A,,3253581783214
001,020417413131,9828,TOILETRIES,1988,OCC:L'OCCITANE,6754,SHAVING,20AR075CDR25:CEDRAT AFTER SHAVE 75ML,60,150,QAR,204,A,,3253581782675
001,020417413132,9828,TOILETRIES,1988,OCC:L'OCCITANE,3991,BATH & BODY,11LC250BAR25:GOLDEN BUTTON BODYLOTION 250ML,62,155,QAR,204,A,,3253581782972
001,020417413133,9828,TOILETRIES,1988,OCC:L'OCCITANE,3991,BATH & BODY,20GD075OCR25:L OCCITAN SHOWER GEL 75ML,14,35,QAR,204,A,,3253581782774
001,020417413134,9828,TOILETRIES,1988,OCC:L'OCCITANE,3991,BATH & BODY,20GD075HCR25:CAP CEDRAT SHOWER GEL 75ML,14,35,QAR,204,A,,3253581784747
001,020417413135,9828,TOILETRIES,1988,OCC:L'OCCITANE,3991,BATH & BODY,15LC075LBR25:WHITE LAVEN BODY LOTION 75ML,22,55,QAR,204,A,,3253581783139
001,020417413136,9828,TOILETRIES,1988,OCC:L'OCCITANE,3991,BATH & BODY,15GD075LBR25:WHITE LAVEND SHOWER GEL 75ML,14,35,QAR,204,A,,3253581783115
001,020417413137,9828,TOILETRIES,1988,OCC:L'OCCITANE,4634,HAND & FOOT CARE,24HN007MO25H:PEONY MORNING NAIL OIL 7 5ML,34,85,QAR,204,A,,3253581783535
001,020417413138,9834,PLV,1988,OCC:L'OCCITANE,6977,WRAPPING MATERIALS,52MGEBAG25:MEDIUM GENERIC BAG,0,0,QAR,204,A,,3253581872765
001,020417413139,9828,TOILETRIES,1988,OCC:L'OCCITANE,3991,BATH & BODY,01CD075MI25H:SHEA MIDDAY SHOWER CREAM 75ML,12.8,32,QAR,204,A,,3253581783740
001,020417413140,9828,TOILETRIES,1988,OCC:L'OCCITANE,4634,HAND & FOOT CARE,01MA030MI25H:SHEA MIDDAY HAND CR 30ML,19.6,49,QAR,204,A,,3253581783726
001,020417413141,9828,TOILETRIES,1988,OCC:L'OCCITANE,4634,HAND & FOOT CARE,29MA030NI25H:ALMOND NIGHT HAND CR 30ML,19.6,49,QAR,204,A,,3253581783580
001,020417413142,9828,TOILETRIES,1988,OCC:L'OCCITANE,4634,HAND & FOOT CARE,24MA030MO25H:PEONY MORNING HAND CR 30ML,19.6,49,QAR,204,A,,3253581783481
001,020417413143,9828,TOILETRIES,1988,OCC:L'OCCITANE,3991,BATH & BODY,11GD250BAR25:GOLDEN BUTTON SHOWER GEL 250ML,39.6,99,QAR,204,A,,3253581782965
001,020417413144,9828,TOILETRIES,1988,OCC:L'OCCITANE,3991,BATH & BODY,20GD250CDR25:CEDRAT SHOWER GEL 250ML,39.6,99,QAR,204,A,,3253581782682
001,020417413145,9828,TOILETRIES,1988,OCC:L'OCCITANE,3991,BATH & BODY,15LC250LBR25:WHITE LAVEN BODY LOTION 250ML,62,155,QAR,204,A,,3253581783122
001,020417413146,9828,TOILETRIES,1988,OCC:L'OCCITANE,3991,BATH & BODY,11GD250NER25:MAY BLOSSOM SHOWER GEL 250ML,39.6,99,QAR,204,A,,3253581784495
001,020417413147,9828,TOILETRIES,1988,OCC:L'OCCITANE,3991,BATH & BODY,01CD250MI25H:SHEA MIDDAY SHOWER CREAM 250ML,39.6,99,QAR,204,A,,3253581783733
001,020417413149,9828,TOILETRIES,1988,OCC:L'OCCITANE,3991,BATH & BODY,15GD250LBR25:WHITE LAVEND SHOWER GEL 250ML,39.6,99,QAR,204,A,,3253581783108
001,020417413151,9801,SKINCARE,1988,OCC:L'OCCITANE,6744,SERUM,20FE050H24:ENERGIZING FLUID 50ML,70,175,QAR,204,A,,3253581784587
001,020417413152,9844,SPA,1988,OCC:L'OCCITANE,3955,AROMATHERAPY,49BO015CS24:CS RELAXING PILLOW MIST 15ML,8,20,QAR,204,A,,3253581784754
001,020417413153,9813,FRAGRANCES,1988,OCC:L'OCCITANE,4538,EAU DE TOILETTE,15ET100VB25:VER EDT 100ML,126,315,QAR,204,A,,3253581769485
001,020417413154,9813,FRAGRANCES,1988,OCC:L'OCCITANE,4538,EAU DE TOILETTE,20ET050CDR25:CEDRAT EDT 50ML,116,290,QAR,204,A,,3253581784686
001,020417413155,9813,FRAGRANCES,1988,OCC:L'OCCITANE,4536,EAU DE PARFUM,11EP050BAR25:GOLDEN BUTTON EDP 50ML,134,335,QAR,204,A,,3253581782958
001,020417413156,9813,FRAGRANCES,1988,OCC:L'OCCITANE,4538,EAU DE TOILETTE,20ET050OCR25:L OCCITAN EDT 50ML,116,290,QAR,204,A,,3253581784716
001,020417413157,9813,FRAGRANCES,1988,OCC:L'OCCITANE,4538,EAU DE TOILETTE,20ET050HCR25:CAP CEDRAT EDT 50ML,116,290,QAR,204,A,,3253581784709
001,020417413158,9813,FRAGRANCES,1988,OCC:L'OCCITANE,4538,EAU DE TOILETTE,15ET050LBR25:WHITE LAVENDER EDT 50ML,116,290,QAR,204,A,,3253581784679
001,020417413159,9813,FRAGRANCES,1988,OCC:L'OCCITANE,4536,EAU DE PARFUM,11EP050MER25:SWEET CLOVER EDP 50ML,134,335,QAR,204,A,,3253581782989
001,020417413160,9828,TOILETRIES,1988,OCC:L'OCCITANE,3991,BATH & BODY,29LC200NI25H:ALMND NIGHT MILK CONCENT 200ML,108,270,QAR,204,A,,3253581783559
001,020417413161,9828,TOILETRIES,1988,OCC:L'OCCITANE,3991,BATH & BODY,24MD200MO25H:PEONY MORN SHOWER FOAM 200ML,44,110,QAR,204,A,,3253581783528
001,020417413162,9813,FRAGRANCES,1988,OCC:L'OCCITANE,4538,EAU DE TOILETTE,23ET050PIR25:PIVOINE EDT 50ML,116,290,QAR,204,A,,3253581782842
001,020417413163,9813,FRAGRANCES,1988,OCC:L'OCCITANE,4536,EAU DE PARFUM,23EP050TLR25:TERRE DE LUMIERE EDP 50ML,132,330,QAR,204,A,,3253581782934
001,020417413164,9813,FRAGRANCES,1988,OCC:L'OCCITANE,4538,EAU DE TOILETTE,23ET050ARR25:ARLESIENNE EDT 50ML,116,290,QAR,204,A,,3253581782835
001,020417413165,9813,FRAGRANCES,1988,OCC:L'OCCITANE,4536,EAU DE PARFUM,23EP050AMR25:AMBRE EDP 50ML,132,330,QAR,204,A,,3253581782910
001,020417413166,9813,FRAGRANCES,1988,OCC:L'OCCITANE,4538,EAU DE TOILETTE,23ET050TLR25:TERRE DE LUMIERE EDT 50ML,116,290,QAR,204,A,,3253581782828
001,020417413167,9813,FRAGRANCES,1988,OCC:L'OCCITANE,4536,EAU DE PARFUM,23EP050IPR25:IPARIE EDP 50ML,132,330,QAR,204,A,,3253581782927
001,020417413168,9843,AMBIENT SCENTS,1988,OCC:L'OCCITANE,4153,CANDLES,29BG180A25:ALMOND CANDLE 180GR,79.6,199,QAR,204,A,,3253581783795
001,020417413169,9850,HAIR CARE,1988,OCC:L'OCCITANE,4627,HAIR & SCALP TREATMENTS,11SS050PH25:PHC SCALP SERUM 50ML,108,270,QAR,204,A,,3253581781371
001,020417413170,9850,HAIR CARE,1988,OCC:L'OCCITANE,4627,HAIR & SCALP TREATMENTS,17HB050A25:SCALP NIGHT SERUM 50ML,73.9999,185,QAR,204,A,,3253581783801
001,020417413171,9828,TOILETRIES,1988,OCC:L'OCCITANE,6754,SHAVING,20AR075BXR25:BAUX AFTER SHAVE 75ML,60,150,QAR,204,A,,3253581782804
001,020417414546,9815,BEAUTY SET,1988,OCC:L'OCCITANE,3997,BEAUTY SET,29SOGNA25:SOG NEW ALMOND,24,60,QAR,204,A,,020427414546
001,020417414547,9815,BEAUTY SET,1988,OCC:L'OCCITANE,3997,BEAUTY SET,11SOGREL325:SOG RELAXING OS 2025 V3,20,50,QAR,204,A,,020427414547
001,020417414548,9815,BEAUTY SET,1988,OCC:L'OCCITANE,3997,BEAUTY SET,01SOGSBKN25:SOG SHEA BUTTER NEW 2025,18,45,QAR,204,A,,020427414548
001,020415760220,9828,TOILETRIES,1988,OCC:L'OCCITANE,3991,BATH & BODY,15RC500VB21:VER SHOWER GEL REFILL 500ML,50,135,QAR,204,A,,3253581718728
001,020415760221,9828,TOILETRIES,1988,OCC:L'OCCITANE,3991,BATH & BODY,24SA050CB21:CHE BLOSSOM PERFUMED SOAP 50GR,12,30,QAR,204,A,,3253581729496
001,020415760222,9828,TOILETRIES,1988,OCC:L'OCCITANE,4634,HAND & FOOT CARE,15MA075L20:LAVENDER HAND CREAM 75ML,38,99,QAR,204,A,,3253581749289
001,020415760223,9834,PLV,1988,OCC:L'OCCITANE,6977,WRAPPING MATERIALS,52SGENSA21:SMALL GENERIC SACHET 2021,0,.01,QAR,204,A,,3253581859667
001,020415760224,9801,SKINCARE,1988,OCC:L'OCCITANE,4344,CLEANSERS,38MI150A22:RB INTENSE FOAM 150ML,66.7556,150,QAR,204,A,,3253581717950
001,020415765741,9834,PLV,1988,OCC:L'OCCITANE,6640,PROMOTIONAL MATERIALS,24GWPFEB22:FEBRUARY 2022 GWP,0,.01,QAR,204,A,,020425765741
001,020415765742,9834,PLV,1988,OCC:L'OCCITANE,6640,PROMOTIONAL MATERIALS,11GWPMAR22:MARCH GWP 2022,0,.01,QAR,204,A,,020425765742
001,020415774441,9834,PLV,1988,OCC:L'OCCITANE,4524,DISPLAY MATERIALS,52TSROTARYTOOL20:TS ROTARY TOOL 20,0,.01,QAR,204,A,,3253581717257
001,020415774443,9828,TOILETRIES,1988,OCC:L'OCCITANE,3991,BATH & BODY,29HS100A22SM:SUPPLE SKIN OIL 100ML SM,91.6,230,QAR,204,A,,3253581758885
001,020415774444,9828,TOILETRIES,1988,OCC:L'OCCITANE,3991,BATH & BODY,29LC050A20:ALM LE MILK CONCENTRATE 50ML,9.3761,4.66,QAR,204,A,,3253581721582
001,020415774445,9828,TOILETRIES,1988,OCC:L'OCCITANE,3991,BATH & BODY,29SA050A21:ALMOND DELICIOUS SOAP 50G,11.6,30,QAR,204,A,,3253581758984
001,020415774446,9801,SKINCARE,1988,OCC:L'OCCITANE,6744,SERUM,27ER015I22:RESET SERUM REGARD 15ML,117.295,295,QAR,204,A,,3253581754467
001,020415774447,9834,PLV,1988,OCC:L'OCCITANE,6722,SAMPLES,52TS001I22:RESET SERUM REGARD 1ML,0,.01,QAR,204,A,,3253581754474
001,020415774448,9828,TOILETRIES,1988,OCC:L'OCCITANE,3991,BATH & BODY,29VC240A22:ALMOND MILK VEIL 240ML,76,190,QAR,204,A,,3253581758304
001,020415774449,9828,TOILETRIES,1988,OCC:L'OCCITANE,4634,HAND & FOOT CARE,01SA300KRO22:SHEA ROSE LIQ SOAP 300ML,30,90,QAR,204,A,,3253581758717
001,020415774450,9828,TOILETRIES,1988,OCC:L'OCCITANE,4634,HAND & FOOT CARE,01MA075K22:SHEA HAND CREAM 75ML,39.6,99,QAR,204,A,,3253581735428
001,020415774451,9828,TOILETRIES,1988,OCC:L'OCCITANE,4634,HAND & FOOT CARE,01CM030KA22:SOLIDAR HAND CR SHEA ABR 30ML,19.6,49,QAR,204,A,,3253581759820
001,020415774454,9834,PLV,1988,OCC:L'OCCITANE,6977,WRAPPING MATERIALS,52HCTM22:2022 MDAY EMPTY HC TRIO,.9102,.44,QAR,204,A,,3253581861899
001,020415774455,9834,PLV,1988,OCC:L'OCCITANE,4524,DISPLAY MATERIALS,52CONSTL20:CONSULTATION TOOL,0,.01,QAR,204,A,,3253581716861
001,020415774456,9834,PLV,1988,OCC:L'OCCITANE,4524,DISPLAY MATERIALS,52TSBDIS20:TS BODYCARE DISPLAYER,0,.01,QAR,204,A,,3253581716755
001,020415774457,9834,PLV,1988,OCC:L'OCCITANE,4524,DISPLAY MATERIALS,52SOAPDIS21:SOAP DISPLAYER 21,0,.01,QAR,204,A,,3253581741801
001,020415774458,9828,TOILETRIES,1988,OCC:L'OCCITANE,4634,HAND & FOOT CARE,01SA500KRO22:SHEA ROSE LIQ SOAP 500ML,43.8667,135,QAR,204,A,,3253581758724
001,020415774459,9828,TOILETRIES,1988,OCC:L'OCCITANE,4634,HAND & FOOT CARE,01SAR500KRO22:SHEA ROSE LIQ SOAP REF 500ML,0,110,QAR,204,A,,3253581758731
001,020415785676,9834,PLV,1988,OCC:L'OCCITANE,6977,WRAPPING MATERIALS,80KCSRB22:CSR BOX 2022,4.9426,9.94,QAR,204,A,,020425785676
001,020415793403,9815,BEAUTY SET,1988,OCC:L'OCCITANE,3997,BEAUTY SET,24CBVS22:CHERRY BLOSSOM SET 2022,170,425,QAR,204,A,,020425793403
001,020415793404,9815,BEAUTY SET,1988,OCC:L'OCCITANE,3997,BEAUTY SET,10MDOF22:MOTHER'S DAY KIT 2022,44.4001,111,QAR,204,A,,020425793404
001,020415793405,9815,BEAUTY SET,1988,OCC:L'OCCITANE,3997,BEAUTY SET,12NERISET22:NEROLI INTENSE COLLECTION 2022,178,445,QAR,204,A,,020425793405
001,020415804914,9815,BEAUTY SET,1988,OCC:L'OCCITANE,3997,BEAUTY SET,10RAMBBOX22:RAMADAN BEST SELLER BEIGE BOX 2022,179.6,449,QAR,204,A,,020425804914
001,020415804915,9815,BEAUTY SET,1988,OCC:L'OCCITANE,3997,BEAUTY SET,10RAMVBOX22:RAMADAN BEST SELLER BURGUNDY BOX 2022,199.6,499,QAR,204,A,,020425804915
001,020415804916,9815,BEAUTY SET,1988,OCC:L'OCCITANE,3997,BEAUTY SET,10RAMGBOX22:RAMADAN BEST SELLER GREEN BOX 2022,179.6,449,QAR,204,A,,020425804916
001,020415804917,9815,BEAUTY SET,1988,OCC:L'OCCITANE,3997,BEAUTY SET,10RAMBLBOX22:RAMADAN BEST SELLER BLUE BOX 2022,159.6,399,QAR,204,A,,020425804917
001,020415804918,9815,BEAUTY SET,1988,OCC:L'OCCITANE,3997,BEAUTY SET,10RAMBSTR22:RAMADAN BEIGE STAR 2022,43.6,109,QAR,204,A,,020425804918
001,020415804919,9815,BEAUTY SET,1988,OCC:L'OCCITANE,3997,BEAUTY SET,10RAMVSTR22:RAMADAN BURGUNDY STAR 2022,43.6,109,QAR,204,A,,020425804919
001,020415804920,9815,BEAUTY SET,1988,OCC:L'OCCITANE,3997,BEAUTY SET,12NOFAV22:NEROLI FAVORITES KIT 2022,55.5999,139,QAR,204,A,,020425804920
001,020415804921,9815,BEAUTY SET,1988,OCC:L'OCCITANE,3997,BEAUTY SET,10PROTR22:PROVENCE TRUCK 2022,39.6,99,QAR,204,A,,020425804921
001,020415804922,9815,BEAUTY SET,1988,OCC:L'OCCITANE,3997,BEAUTY SET,10LOCLT22:L'OCCITANE LITTLE TREATS 2022,55.5999,139,QAR,204,A,,020425804922
001,020415804923,9815,BEAUTY SET,1988,OCC:L'OCCITANE,3997,BEAUTY SET,24CBLTK22:CHERRY BLOSSOM LITTLE KIT,31.6001,79,QAR,204,A,,020425804923
001,020415804924,9815,BEAUTY SET,1988,OCC:L'OCCITANE,3997,BEAUTY SET,01SBHABO22:SHEA BUTTER HAND AND BODY 2022,135.6,339,QAR,204,A,,020425804924
001,020415804925,9815,BEAUTY SET,1988,OCC:L'OCCITANE,3997,BEAUTY SET,29ALSBH22:ALMOND SHOWER HAIR AND BODY,111.6002,279,QAR,204,A,,020425804925
001,020415804926,9815,BEAUTY SET,1988,OCC:L'OCCITANE,3997,BEAUTY SET,01HCPED22:SHEA HAND AND PETIT DUO 2022,35.5999,89,QAR,204,A,,020425804926
001,020415804927,9815,BEAUTY SET,1988,OCC:L'OCCITANE,3997,BEAUTY SET,11HESET22:HERBAE SAUGE KIT 2022,175.6,439,QAR,204,A,,020425804927
001,020415804934,9801,SKINCARE,1988,OCC:L'OCCITANE,6749,SET,27RELUR22:RESET LUXURY ROUTINE,231.6,579,QAR,204,A,,020425804934
001,020415804935,9828,TOILETRIES,1988,OCC:L'OCCITANE,6749,SET,10TRIHCR22:RAMADAN TRIO HAND CREAM 2022,47.6,119,QAR,204,A,,020425804935
001,020415804936,9828,TOILETRIES,1988,OCC:L'OCCITANE,6749,SET,29ALMSB22:ALMOND STARBOX 2022,19.6001,49,QAR,204,A,,020425804936
001,020415804937,9828,TOILETRIES,1988,OCC:L'OCCITANE,6749,SET,15VERDS22:VERBENA DISCOVERY SET 2022,51.6,129,QAR,204,A,,020425804937
001,020415804938,9801,SKINCARE,1988,OCC:L'OCCITANE,6749,SET,10HYBOX22:HYDRATION BOX 2022,55.5999,139,QAR,204,A,,020425804938
001,020415804939,9815,BEAUTY SET,1988,OCC:L'OCCITANE,3997,BEAUTY SET,29ALSUSTK22:ALMOND SUPERSTAR KIT 2022,119.6,299,QAR,204,A,,020425804939
001,020415804940,9828,TOILETRIES,1988,OCC:L'OCCITANE,6749,SET,01MVSOD22:MILK VERBENA SOAP DUO 20200,34,85,QAR,204,A,,020425804940
001,020415804941,9828,TOILETRIES,1988,OCC:L'OCCITANE,6749,SET,01MLSOD22:MILK LAVENDER SOAP DUO 20200,34,85,QAR,204,A,,020425804941
001,020415804942,9828,TOILETRIES,1988,OCC:L'OCCITANE,6749,SET,01VLSOD22:VERBENA LAVENDER SOAP DUO 2022,34.0002,85,QAR,204,A,,020425804942
001,020415804943,9828,TOILETRIES,1988,OCC:L'OCCITANE,6749,SET,11RUPSOD22:RELAXING UPLIFTING SOAP DUO 2022,39.6001,99,QAR,204,A,,020425804943
001,020415804944,9828,TOILETRIES,1988,OCC:L'OCCITANE,6749,SET,11RHASOD22:RELAXING HARMONY SOAP DUO 2022,39.6001,99,QAR,204,A,,020425804944
001,020415804945,9828,TOILETRIES,1988,OCC:L'OCCITANE,6749,SET,10SHNERD22:SHEA NEROLI HAND CREAM DUO 22,34,85,QAR,204,A,,020425804945
001,020415804946,9828,TOILETRIES,1988,OCC:L'OCCITANE,6749,SET,10SHRJD22:SHEA ROSE J HAND CREAM DUO 22,34.0002,85,QAR,204,A,,020425804946
001,020415804947,9828,TOILETRIES,1988,OCC:L'OCCITANE,6749,SET,10SHALMD22:SHEA ALMOND HAND CREAM DUO 22,34,85,QAR,204,A,,020425804947
001,020415804949,9828,TOILETRIES,1988,OCC:L'OCCITANE,6749,SET,01SHHFD22:SHEA HAND AND FOOT DUO 22,34,85,QAR,204,A,,020425804949
001,020415804950,9834,PLV,1988,OCC:L'OCCITANE,6640,PROMOTIONAL MATERIALS,01MAYGWP22:MAY 2022 GWP,0,.01,QAR,204,A,,020425804950
001,020415804951,9834,PLV,1988,OCC:L'OCCITANE,6722,SAMPLES,52RBR1B22:RB ROUTINE 1 B,0,.01,QAR,204,A,,020425804951
001,020415804952,9834,PLV,1988,OCC:L'OCCITANE,6722,SAMPLES,52RBR1NB22:RB ROUTINE 1 NB,0,.01,QAR,204,A,,020425804952
001,020415804953,9834,PLV,1988,OCC:L'OCCITANE,6722,SAMPLES,52RSR2NB22:RESET ROUTINE 2 NB,0,.01,QAR,204,A,,020425804953
001,020415804954,9834,PLV,1988,OCC:L'OCCITANE,6722,SAMPLES,52HCR1B22:HAIR CARE ROUTINE 1 B,0,.01,QAR,204,A,,020425804954
001,020415804955,9834,PLV,1988,OCC:L'OCCITANE,6722,SAMPLES,52HCR1NB22:HAIR CARE ROUTINE 1 NB,0,.01,QAR,204,A,,020425804955
001,020415804956,9834,PLV,1988,OCC:L'OCCITANE,6722,SAMPLES,52BSR1B22:BEST SELLER ROUTINE 1 B,0,.01,QAR,204,A,,020425804956
001,020415804971,9834,PLV,1988,OCC:L'OCCITANE,6722,SAMPLES,52BSR1NB22:BEST SELLER ROUTINE 1 NB,0,.01,QAR,204,A,,020425804971
001,020412905923,9828,TOILETRIES,1988,OCC:L'OCCITANE,4634,HAND & FOOT CARE,01MA030K16A:SHEA 40 YRS HAND CR 30ML,19.6,49,QAR,204,A,,3253581439517
001,020412905926,9828,TOILETRIES,1988,OCC:L'OCCITANE,3991,BATH & BODY,12SA075NO:NEROLI ORCH SOAP RSPO-SG 75G,11.6,29,QAR,204,A,,3253581358696
001,020412905931,9828,TOILETRIES,1988,OCC:L'OCCITANE,4634,HAND & FOOT CARE,24MA030C16A:CH BL 40 YRS HAND CR 30ML,19.6,49,QAR,204,A,,3253581440254
001,020412905932,9828,TOILETRIES,1988,OCC:L'OCCITANE,4634,HAND & FOOT CARE,24MA030RO16A:ROSE 40 YRS HAND CR 30ML,19.6,49,QAR,204,A,,3253581440230
001,020412905934,9801,SKINCARE,1988,OCC:L'OCCITANE,6929,TONERS,39EP200P16:PEO PERFECTING TONER 200ML,35.6,95,QAR,204,C,,3253581432846
001,020412905936,9801,SKINCARE,1988,OCC:L'OCCITANE,5955,MAKE-UP REMOVERS,39GD200P16:PEO GEL MAKE UP REMOVER 200ML,39.6,99,QAR,204,C,,3253581432877
001,020412905941,9834,PLV,1988,OCC:L'OCCITANE,6640,PROMOTIONAL MATERIALS,49ACAHC16:2016 AROMACHO HC ACCESSORY,0,0,QAR,204,C,,3253581424797
001,020412918724,9834,PLV,1988,OCC:L'OCCITANE,4523,DISPLAY FURNITURE,55HOALIMBLAR:WHITE ELECTRICAL BOX FOR RAIL,28.7679,0,QAR,204,C,,3253581363409
001,020412918725,9834,PLV,1988,OCC:L'OCCITANE,4523,DISPLAY FURNITURE,55HOEMBBLAR:WHITE END PIECE FOR RAIL,3.7143,0,QAR,204,C,,3253581363416
001,020412918726,9834,PLV,1988,OCC:L'OCCITANE,4524,DISPLAY MATERIALS,55HOFIXABLAR:WHITE FIXATION CEILING RAIL,9.0673,0,QAR,204,C,,3253581363423
001,020412918727,9834,PLV,1988,OCC:L'OCCITANE,4524,DISPLAY MATERIALS,55HOJONCDRAR:JOIN WHITE RIGHT FOR RAIL,16.496,0,QAR,204,C,,3253581363430
001,020412955216,9828,TOILETRIES,1988,OCC:L'OCCITANE,4634,HAND & FOOT CARE,15LR015VB6:44G VERB FRESH TOW X15,17.9996,45,QAR,204,C,,3253581432914
001,020412955217,9828,TOILETRIES,1988,OCC:L'OCCITANE,3991,BATH & BODY,20GD075CD16:CEDRAT SHOWER GEL 75ML,11.6,29,QAR,204,A,,3253581345122
001,020412955218,9828,TOILETRIES,1988,OCC:L'OCCITANE,3991,BATH & BODY,20SA100O14:OCCITAN SOAP 100G RSPO SG,7.59,35,QAR,204,A,,3253581314951
001,020412977229,9815,BEAUTY SET,1988,OCC:L'OCCITANE,3997,BEAUTY SET,10MA40Y16:40 YEARS HAND CREAMS TIN,55.5999,139,QAR,204,A,,020422977229
001,020412977233,9815,BEAUTY SET,1988,OCC:L'OCCITANE,3997,BEAUTY SET,10TRUCK16:40 YEARS TRUCK,51.6001,129,QAR,204,A,,020422977233
001,020412977234,9815,BEAUTY SET,1988,OCC:L'OCCITANE,3997,BEAUTY SET,24PEODS16:PEONY 2016 DISCOVERY SET,47.5999,119,QAR,204,A,,020422977234
001,020412977235,9815,BEAUTY SET,1988,OCC:L'OCCITANE,3997,BEAUTY SET,10PEOTIN16:PEONY 2016 HC MINI TIN,21.5999,27,QAR,204,A,,020422977235
001,020412977236,9812,GWP,1988,OCC:L'OCCITANE,4624,GWP,24PEGWP16:PEONY 2016 GWP,0,.01,QAR,204,A,,020422977236
001,020412978390,9815,BEAUTY SET,1988,OCC:L'OCCITANE,3997,BEAUTY SET,12SSNO16:NEROLI SS 16 SET,99.6001,249,QAR,204,A,,020422978390
001,020412978612,9815,BEAUTY SET,1988,OCC:L'OCCITANE,3997,BEAUTY SET,15SSVB16:VERBENA SS 16 SET,46.0002,115,QAR,204,A,,020422978612
001,020412978615,9815,BEAUTY SET,1988,OCC:L'OCCITANE,3997,BEAUTY SET,01SSSHEA16:SHEA BUTTER SS 16 SET,51.6001,129,QAR,204,A,,020422978615
001,020412978616,9815,BEAUTY SET,1988,OCC:L'OCCITANE,3997,BEAUTY SET,27SSDIV16:DIVINE SS 16 SET,198,495,QAR,204,A,,020422978616
001,020412978617,9815,BEAUTY SET,1988,OCC:L'OCCITANE,3997,BEAUTY SET,20SSCEDR16:CEDRAT SS 16 SET,43.6,109,QAR,204,A,,020422978617
001,020412978618,9815,BEAUTY SET,1988,OCC:L'OCCITANE,3997,BEAUTY SET,20SSOCC16:LOCCITANE SS 16 SET,43.6,109,QAR,204,A,,020422978618
001,020413017252,9801,SKINCARE,1988,OCC:L'OCCITANE,4552,EYE CREAMS,38EC015A16:RB ILLU EYE CARE & MASK 15ML,79.6,219,QAR,204,C,,3253581379233
001,020413017254,9828,TOILETRIES,1988,OCC:L'OCCITANE,4634,HAND & FOOT CARE,49MA010L16:10ML LAV HAND CREAM,6.0001,15,QAR,204,A,,3253581439654
001,020413017261,9834,PLV,1988,OCC:L'OCCITANE,6722,SAMPLES,52DB001I16:SAMP IM DIV EYE BALM 1ML 50,0,0,QAR,204,C,,3253581433614
001,020413017263,9834,PLV,1988,OCC:L'OCCITANE,4524,DISPLAY MATERIALS,52K10POSP:SET OF 10 HOME SPATULE HOLDER,0,.01,QAR,204,C,,3253581303306
001,020413058658,9834,PLV,1988,OCC:L'OCCITANE,6640,PROMOTIONAL MATERIALS,OUDROSECP16:EID COIN PURSE,31.1712,.01,QAR,204,A,,020423058658
001,020413061750,9850,HAIR CARE,1988,OCC:L'OCCITANE,4627,HAIR & SCALP TREATMENTS,17HB100G16:100ML BIPHASIC REPAIRING OIL,55.5999,119,QAR,204,A,,3253581439968
001,020413061754,9828,TOILETRIES,1988,OCC:L'OCCITANE,4634,HAND & FOOT CARE,24MA030RO16:RR ROSE ORIG HAND BALM 30ML,19.6,49,QAR,204,A,,3253581439722
001,020413061756,9801,SKINCARE,1988,OCC:L'OCCITANE,4508,DAY CREAMS,27HC050I16:IM HARMONY CREAM 50ML,279.6,715,QAR,204,A,,3253581433539
001,020413061763,9834,PLV,1988,OCC:L'OCCITANE,6722,SAMPLES,52CPS015I16:SAMP IM PREC CR SPF20 1.5ML 50,0,0,QAR,204,C,,3253581388662
001,020413061767,9834,PLV,1988,OCC:L'OCCITANE,6957,UNIFORMS,52TABJAMN:NEW GENERIC APRON YELLOW M,69.3706,.01,QAR,204,C,,3253581328644
001,020413061768,9834,PLV,1988,OCC:L'OCCITANE,6957,UNIFORMS,52TABJASN:NEW GENERIC APRON YELLOW S,69.2613,.01,QAR,204,C,,3253581348093
001,020413061769,9834,PLV,1988,OCC:L'OCCITANE,6722,SAMPLES,52WC0015A15:RB SAM. WHITE CREAM 1.5ML X 50,0,0,QAR,204,C,,3253581324363
001,020413061770,9834,PLV,1988,OCC:L'OCCITANE,6722,SAMPLES,52WS001A15:RB SAM. WHITENING SERUM 1MLX50,0,0,QAR,204,C,,3253581324370
001,020413083251,9834,PLV,1988,OCC:L'OCCITANE,6977,WRAPPING MATERIALS,52MOCOL116:GEN SILK PAPER COLOR 1 16 X480,0,.01,QAR,204,C,,3253581461600
001,020413083254,9834,PLV,1988,OCC:L'OCCITANE,6722,SAMPLES,52FM0015P16:PEO SP MATTIF FLUID 1.5ML 50,0,0,QAR,204,C,,3253581433751
001,020413085104,9815,BEAUTY SET,1988,OCC:L'OCCITANE,3997,BEAUTY SET,10MASST16:SPRING SUMMER 2016 HAND CREAM TIN,58.79,147,QAR,204,A,,020423085104
001,020413085167,9815,BEAUTY SET,1988,OCC:L'OCCITANE,3997,BEAUTY SET,15VERDS16:VERBENA 2016 DISCOVERY SET,46.0002,115,QAR,204,A,,020423085167
001,020413085222,9815,BEAUTY SET,1988,OCC:L'OCCITANE,3997,BEAUTY SET,24DISCR16:ROSE 2016 DISCOVERY SET,51.6001,129,QAR,204,A,,020423085222
001,020413085225,9812,GWP,1988,OCC:L'OCCITANE,4624,GWP,24GWPR16:ROSE 2016 GWP,0,.01,QAR,204,A,,020423085225
001,020413107681,9801,SKINCARE,1988,OCC:L'OCCITANE,5647,LIP BALMS/FILLERS/MOISTURISER,01BL012K16B:SHEA COLL LIP BALM 12ML,19.6,49,QAR,204,A,,3253581440544
001,020413107682,9801,SKINCARE,1988,OCC:L'OCCITANE,5647,LIP BALMS/FILLERS/MOISTURISER,01BL012V16:SHEA VIOLET LIP BALM 12ML,19.6,49,QAR,204,A,,3253581440575
001,020413107689,9828,TOILETRIES,1988,OCC:L'OCCITANE,4634,HAND & FOOT CARE,01MA030K16B:SHEA COLL HAND CREAM 30ML,19.6,49,QAR,204,A,,3253581440537
001,020413107690,9828,TOILETRIES,1988,OCC:L'OCCITANE,4634,HAND & FOOT CARE,01MA030V16:SHEA VIOLET HAND CREAM 30ML,19.6,49,QAR,204,A,,3253581440568
001,020413107701,9828,TOILETRIES,1988,OCC:L'OCCITANE,6754,SHAVING,20AR030HC6:HOMME COL CED AFTER-SHAVE 30ML,27.6002,69,QAR,204,A,,3253581434628
001,020413107702,9828,TOILETRIES,1988,OCC:L'OCCITANE,6754,SHAVING,20AR075HC6:HOMME COL CED AFT-SHAVE 75ML,47.6,139,QAR,204,A,,3253581434598
001,020413107703,9813,FRAGRANCES,1988,OCC:L'OCCITANE,4538,EAU DE TOILETTE,20ET075HC6:HOMME CEDRAT EDT 75ML,99.6,285,QAR,204,A,,3253581454893
001,020413107704,9828,TOILETRIES,1988,OCC:L'OCCITANE,3991,BATH & BODY,20GD075HC6:HOMME COL CED SH GEL 75ML,14.0002,35,QAR,204,A,,3253581434635
001,020413107705,9828,TOILETRIES,1988,OCC:L'OCCITANE,3991,BATH & BODY,20SA050HC6:HOMME CED RSPO SG/IP SOAP 50G,11.6,29,QAR,204,A,,3253581434604
001,020413107706,9813,FRAGRANCES,1988,OCC:L'OCCITANE,4536,EAU DE PARFUM,23EP075A16:AMBRE EDP CLASSIQUES 75ML,119.5999,309,QAR,204,C,,3253581450628
001,020413107707,9813,FRAGRANCES,1988,OCC:L'OCCITANE,4536,EAU DE PARFUM,23EP075I16:EAU D'IPARIE EDP CLASS 75ML,119.6,309,QAR,204,C,,3253581450611
001,020413107708,9813,FRAGRANCES,1988,OCC:L'OCCITANE,4538,EAU DE TOILETTE,23ET075V16:EAU 4 VOLEURS EDT CLASS 75ML,119.5972,150,QAR,204,C,,3253581450635
001,020413107711,9813,FRAGRANCES,1988,OCC:L'OCCITANE,4538,EAU DE TOILETTE,24ET075S6:ARLESIENNE EDT 75ML,119.6,290,QAR,204,A,,3253581451557
001,020413107713,9828,TOILETRIES,1988,OCC:L'OCCITANE,3991,BATH & BODY,24LC250S6:ARLESIENNE BODY MILK 250ML,47.6,135,QAR,204,A,,3253581451564
001,020413107716,9828,TOILETRIES,1988,OCC:L'OCCITANE,4634,HAND & FOOT CARE,24MA030S6:ARLESIENNE HAND CREAM 30ML,19.6,49,QAR,204,A,,3253581451595
001,020413107718,9801,SKINCARE,1988,OCC:L'OCCITANE,6744,SERUM,27HS030I16:IM HARMONY SERUM 30ML,319.6,845,QAR,204,A,,3253581433546
001,020413107719,9801,SKINCARE,1988,OCC:L'OCCITANE,6744,SERUM,27HSR030I16:REFILL IM HARMONY SERUM 30ML,266,699,QAR,204,A,,3253581433553
001,020413107728,9801,SKINCARE,1988,OCC:L'OCCITANE,4508,DAY CREAMS,49DC004I16:GWP DIVINE CREAM 4ML,0,49,QAR,204,A,,3253581388990
001,020413107730,9801,SKINCARE,1988,OCC:L'OCCITANE,6744,SERUM,49HS004I16:GWP IM HARMONY SERUM 4ML,27.6,149,QAR,204,A,,3253581433577
001,020413107735,9828,TOILETRIES,1988,OCC:L'OCCITANE,4634,HAND & FOOT CARE,49MA010V16:SHEA VIOLET HAND CR 10ML,6.0001,15,QAR,204,A,,3253581440612
001,020413107750,9834,PLV,1988,OCC:L'OCCITANE,6722,SAMPLES,52ET002S6:ARLESIENNE VIAL 1.2ML,0,.01,QAR,204,C,,3253581453360
001,020413107758,9834,PLV,1988,OCC:L'OCCITANE,6957,UNIFORMS,52HBDHAR16:2016 HARMONIE HEADBAND,0,.01,QAR,204,A,,3253581435502
001,020413107760,9834,PLV,1988,OCC:L'OCCITANE,4524,DISPLAY MATERIALS,52KHYGHAR16:2016 HARMONIE HYGIENE SET,0,.01,QAR,204,A,,3253581435496
001,020413107764,9834,PLV,1988,OCC:L'OCCITANE,4524,DISPLAY MATERIALS,52PTKAR16:16 OCT SHEA BUTTER TABLE PAPER,24.5801,.01,QAR,204,C,,3253581440018
001,020413134172,9815,BEAUTY SET,1988,OCC:L'OCCITANE,3997,BEAUTY SET,15LAVDS16:LAVENDER 2016 DISCOVERY SET,47.5999,119,QAR,204,A,,020423134172
001,020413134600,9815,BEAUTY SET,1988,OCC:L'OCCITANE,3997,BEAUTY SET,01SHOCT16:SHEA OCTOBER 2016 SET,35.6,89,QAR,204,A,,020423134600
001,020413134613,9815,BEAUTY SET,1988,OCC:L'OCCITANE,3997,BEAUTY SET,01SHOCTG16:SHEA OCTOBER 2016 GWP,0,.01,QAR,204,A,,020423134613
001,020413134670,9815,BEAUTY SET,1988,OCC:L'OCCITANE,3997,BEAUTY SET,01SBCHK16:SHEA BUTTER CLASSIC DUO,31.5998,79,QAR,204,A,,020423134670
001,020413134671,9815,BEAUTY SET,1988,OCC:L'OCCITANE,3997,BEAUTY SET,01SBVHK16:SHEA BUTTER VIOLET DUO,31.5998,79,QAR,204,A,,020423134671
001,020413134672,9815,BEAUTY SET,1988,OCC:L'OCCITANE,3997,BEAUTY SET,10CHARTIN16:CHARLOTTE GASTAUTE HC TIN,67.59,169,QAR,204,A,,020423134672
001,020413134679,9815,BEAUTY SET,1988,OCC:L'OCCITANE,3997,BEAUTY SET,15LAVHC16:LAVENDER HAND CARE DUO,79.5999,199,QAR,204,A,,020423134679
001,020413134684,9815,BEAUTY SET,1988,OCC:L'OCCITANE,3997,BEAUTY SET,15VERHC16:VERBENA HAND CARE DUO,79.6,199,QAR,204,A,,020423134684
001,020413163498,9828,TOILETRIES,1988,OCC:L'OCCITANE,3991,BATH & BODY,20GD250HC6:HOMME CEDRAT SHOWER GEL 250ML,31.6,85,QAR,204,A,,3253581453377
001,020413163499,9828,TOILETRIES,1988,OCC:L'OCCITANE,3991,BATH & BODY,20GD250OC16:250ML L'OCCITAN SHOWER GEL,35.6,89,QAR,204,A,,3253581440223
001,020413163501,9828,TOILETRIES,1988,OCC:L'OCCITANE,3991,BATH & BODY,24GD250S6:ARLESIENNE SHOWER GEL 250ML,31.6,85,QAR,204,A,,3253581451540
001,020413163502,9801,SKINCARE,1988,OCC:L'OCCITANE,5647,LIP BALMS/FILLERS/MOISTURISER,24GL012S16:ARLESIENNE GLOSS 12ML,15.5998,49,QAR,204,A,,3253581451533
001,020413163503,9828,TOILETRIES,1988,OCC:L'OCCITANE,3991,BATH & BODY,24SA050S6:ARLESIENNE SOAP 50G RSPO SG,11.6,29,QAR,204,A,,3253581451588
001,020413163504,9801,SKINCARE,1988,OCC:L'OCCITANE,4508,DAY CREAMS,27HCR050I16:REFILL IM HARMONY CREAM 50ML,247.6,599,QAR,204,A,,3253581438831
001,020413163511,9834,PLV,1988,OCC:L'OCCITANE,6640,PROMOTIONAL MATERIALS,49CLENO16:2016 XMAS KEY,0,.01,QAR,204,C,,3253581453865
001,020413163513,9813,FRAGRANCES,1988,OCC:L'OCCITANE,4538,EAU DE TOILETTE,49ET007S6:ARLESIENNE MINI EDT 7.5ML,17.1999,49,QAR,204,A,,3253581451748
001,020413163514,9828,TOILETRIES,1988,OCC:L'OCCITANE,4634,HAND & FOOT CARE,49MA010S6:ARLESIENNE HAND CREAM 10ML,6.0001,15,QAR,204,A,,3253581451687
001,020413170763,9815,BEAUTY SET,1988,OCC:L'OCCITANE,3997,BEAUTY SET,24ARLDSH16:ARLESIENNE DISCOVERY SET H 16,43.6,109,QAR,204,A,,020423170763
001,020413170764,9815,BEAUTY SET,1988,OCC:L'OCCITANE,3997,BEAUTY SET,24ARLDUO16:ARLESIENNE LIPS AND HAND DUO,31.5998,79,QAR,204,A,,020423170764
001,020413170764,9815,BEAUTY SET,1988,OCC:L'OCCITANE,3997,BEAUTY SET,24ARLDUO16:ARLESIENNE LIPS AND HAND DUO,31.5998,79,QAR,204,A,,20423170764
001,020413170765,9815,BEAUTY SET,1988,OCC:L'OCCITANE,3997,BEAUTY SET,01HKVSB16:SHEA VANILLA LIPS AND HANDS 16,31.5998,79,QAR,204,A,,020423170765
001,020413170765,9815,BEAUTY SET,1988,OCC:L'OCCITANE,3997,BEAUTY SET,01HKVSB16:SHEA VANILLA LIPS AND HANDS 16,31.5998,79,QAR,204,A,,20423170765
001,020413170766,9815,BEAUTY SET,1988,OCC:L'OCCITANE,3997,BEAUTY SET,20CHCTRI16:CEDRAT HOMME TRIO 16,34,85,QAR,204,A,,020423170766
001,020413170767,9815,BEAUTY SET,1988,OCC:L'OCCITANE,3997,BEAUTY SET,01HKCSB16:SHEA CLASSIC LIPS AND HANDS 16,31.5998,79,QAR,204,A,,020423170767
001,020413170767,9815,BEAUTY SET,1988,OCC:L'OCCITANE,3997,BEAUTY SET,01HKCSB16:SHEA CLASSIC LIPS AND HANDS 16,31.5998,79,QAR,204,A,,20423170767
001,020413170768,9815,BEAUTY SET,1988,OCC:L'OCCITANE,3997,BEAUTY SET,01HKRSB16:SHEA ROSE LIPS AND HANDS 16,31.5998,79,QAR,204,A,,020423170768
001,020413170768,9815,BEAUTY SET,1988,OCC:L'OCCITANE,3997,BEAUTY SET,01HKRSB16:SHEA ROSE LIPS AND HANDS 16,31.5998,79,QAR,204,A,,20423170768
001,020413170769,9834,PLV,1988,OCC:L'OCCITANE,6640,PROMOTIONAL MATERIALS,24ARLGWP16:ARLESIENNE GWP 2016,0,0,QAR,204,A,,020423170769
001,020413170770,9815,BEAUTY SET,1988,OCC:L'OCCITANE,3997,BEAUTY SET,10HOL2DS16:BEST OF PROVENCE DISCOVERY SET 2016,51.6001,129,QAR,204,A,,020423170770
001,020413170772,9813,FRAGRANCES,1988,OCC:L'OCCITANE,6749,SET,24MINIEDT16:MINI FLORAL EDT SET 2016,35.6,89,QAR,204,A,,020423170772
001,020413185564,9813,FRAGRANCES,1988,OCC:L'OCCITANE,4536,EAU DE PARFUM,18EP090TL17:EDP TERRE DE LUMIERE 90ML,151.5935,379,QAR,204,A,,3253581462157
001,020413185569,9834,PLV,1988,OCC:L'OCCITANE,4524,DISPLAY MATERIALS,52RECHPARPIV:PEONY FRAGRANCE DIFF REFILL,0,.01,QAR,204,C,,3253581431818
001,020413244599,9828,TOILETRIES,1988,OCC:L'OCCITANE,4634,HAND & FOOT CARE,01BM150K17:SHEA INTENSE HAND BALM 150ML,55.6,139,QAR,204,C,,3253581453735
001,020413244601,9801,SKINCARE,1988,OCC:L'OCCITANE,4344,CLEANSERS,01ML125K17:SHEA FOAMING CLEANSER 125ML,39.6,99,QAR,204,A,,3253581453407
001,020413244604,9828,TOILETRIES,1988,OCC:L'OCCITANE,3991,BATH & BODY,18LC250TL17:BODY LOTION TDE LUMIERE 250ML,47.5934,135,QAR,204,A,,3253581462171
001,020413244605,9828,TOILETRIES,1988,OCC:L'OCCITANE,6754,SHAVING,20AR075H16:CADE AFTER SHAVE BALM 75ML,47.6,139,QAR,204,C,,3253581434437
001,020413244606,9828,TOILETRIES,1988,OCC:L'OCCITANE,6754,SHAVING,20AR075O16:OCCITAN AFTER SHAVE BALM 75ML,47.6,139,QAR,204,A,,3253581434451
001,020413244613,9834,PLV,1988,OCC:L'OCCITANE,6722,SAMPLES,52HC015I16:SAMP IM HARMONY CREAM 1.5ML X50,0,0,QAR,204,C,,3253581438763
001,020413244616,9834,PLV,1988,OCC:L'OCCITANE,6722,SAMPLES,52RC0015A17:RB SAM. WHI RICH CR 1.5ML X 50,0,0,QAR,204,C,,3253581455210
001,020413278140,9834,PLV,1988,OCC:L'OCCITANE,6640,PROMOTIONAL MATERIALS,01SHGWP17:SHEA JANUARY 2017 GWP,0,0,QAR,204,A,,020423278140
001,020413361622,9813,FRAGRANCES,1988,OCC:L'OCCITANE,4538,EAU DE TOILETTE,12ET075NO2:NEROLI & ORCHIDEE EDT 75ML,123.6,350,QAR,204,A,,3253581462225
001,020413361624,9828,TOILETRIES,1988,OCC:L'OCCITANE,3991,BATH & BODY,12GD250NO1:NEROLI ORCH SHOWER GEL 245ML,33.9998,90,QAR,204,A,,3253581462232
001,020413361625,9828,TOILETRIES,1988,OCC:L'OCCITANE,3991,BATH & BODY,12LC250NO1:NEROLI ORCHID BODY MILK 245ML,53.5997,140,QAR,204,A,,3253581462249
001,020413361626,9828,TOILETRIES,1988,OCC:L'OCCITANE,4634,HAND & FOOT CARE,12MA030NO1:NEROLI ORCHID HAND CREAM 30ML,19.6,49,QAR,204,A,,3253581462256
001,020413361627,9828,TOILETRIES,1988,OCC:L'OCCITANE,3991,BATH & BODY,15BA500L16A:LAVENDER FOAMING BATH 500ML,55.6,150,QAR,204,A,,3253581451311
001,020413361628,9828,TOILETRIES,1988,OCC:L'OCCITANE,4634,HAND & FOOT CARE,18BI030TL17:TDL RADIANT BALM 30ML,19.5999,49,QAR,204,A,,3253581462188
001,020413361630,9828,TOILETRIES,1988,OCC:L'OCCITANE,3991,BATH & BODY,18GD250TL17:TDL GENTLE SHOWER GEL 250ML,31.6,85,QAR,204,A,,3253581462164
001,020413361636,9828,TOILETRIES,1988,OCC:L'OCCITANE,4634,HAND & FOOT CARE,29MA030A17:ALMOND DELICIOUS HANDS 30ML,19.6,49,QAR,204,A,,3253581471838
001,020413361637,9801,SKINCARE,1988,OCC:L'OCCITANE,4562,FACE MASK & PEELS & TREATMENTS,38EV075A17:RB ILLUMINATING SCRUB 75ML,59.6,169,QAR,204,C,,3253581455197
001,020413361638,9801,SKINCARE,1988,OCC:L'OCCITANE,4508,DAY CREAMS,38RC050A17:RB WHITENING RICH CREAM 50ML,119.6,299,QAR,204,C,,3253581434062
001,020413361640,9813,FRAGRANCES,1988,OCC:L'OCCITANE,4536,EAU DE PARFUM,49EP005TL17:TERRE DE LUMIERE EDP 5ML,0,35,QAR,204,A,,3253581470084
001,020413361653,9834,PLV,1988,OCC:L'OCCITANE,6722,SAMPLES,52ET002NO17:NEROLI ORCHID SAMP EDT 1.2ML X1,0,.01,QAR,204,A,,3253581462270
001,020413361654,9834,PLV,1988,OCC:L'OCCITANE,4523,DISPLAY FURNITURE,52ETALCAIPH:PH CASHDESK STALL,0,.01,QAR,204,C,,3253581469590
001,020413361656,9834,PLV,1988,OCC:L'OCCITANE,6977,WRAPPING MATERIALS,52MOCOL216:GEN SILK PAPER BLUE 16 X480,0,.01,QAR,204,C,,3253581461617
001,020413361657,9834,PLV,1988,OCC:L'OCCITANE,6977,WRAPPING MATERIALS,52MOCOL316:GEN SILK PAPER YELLOW 16 X480,0,.01,QAR,204,C,,3253581461624
001,020413361667,9834,PLV,1988,OCC:L'OCCITANE,6757,SHOPPING BAGS,52SACMMN15:2015 NEW MEDIUM GENERIC BAG,0,.01,QAR,204,C,,3253581388112
001,020413361670,9834,PLV,1988,OCC:L'OCCITANE,6722,SAMPLES,52SP0012TL17:TERRE DE LUMIERE SPRAY 1.2ML,0,.01,QAR,204,C,,3253581475744
001,020413361671,9834,PLV,1988,OCC:L'OCCITANE,4523,DISPLAY FURNITURE,55HOCONPEI:SMALL CONSULTING TABLE,0,.01,QAR,204,C,,3253581475454
001,020413372587,9834,PLV,1988,OCC:L'OCCITANE,6640,PROMOTIONAL MATERIALS,10NOGWP17:FEB 2017 GWP FOAMING BATH,0,0,QAR,204,A,,020423372587
001,020413376931,9834,PLV,1988,OCC:L'OCCITANE,4523,DISPLAY FURNITURE,55HONOUPEI:SMALL NOVELTIES TABLE,0,.01,QAR,204,C,,3253581475461
001,020416523703,9815,BEAUTY SET,1988,OCC:L'OCCITANE,3997,BEAUTY SET,29ALBCVS23:ALMOND BODY CARE COLLECTION 2023,228.0002,580,QAR,204,A,,020426523703
001,020416524059,9834,PLV,1988,OCC:L'OCCITANE,6977,WRAPPING MATERIALS,80SATRB23:SHEA ALMOND TRIO BOX 2023,0,.02,QAR,204,A,,020426524059
001,020416524060,9834,PLV,1988,OCC:L'OCCITANE,6977,WRAPPING MATERIALS,80STARB23:STORES AROMA BOX 2023,0,.02,QAR,204,A,,020426524060
001,020416524063,9834,PLV,1988,OCC:L'OCCITANE,6977,WRAPPING MATERIALS,80STVED23:STORES VERBENA DUO 2023,.0394,.02,QAR,204,A,,020426524063
001,020416524065,9834,PLV,1988,OCC:L'OCCITANE,6977,WRAPPING MATERIALS,80STRED23:STORES RELAXING DUO 2023,0,0,QAR,204,A,,020426524065
001,020416524066,9834,PLV,1988,OCC:L'OCCITANE,6977,WRAPPING MATERIALS,80STHCT23:STORES HAND CARE TRIO 2023,.0397,.02,QAR,204,A,,020426524066
001,020416524067,9834,PLV,1988,OCC:L'OCCITANE,6977,WRAPPING MATERIALS,80STALB23:STORES ALMOND BOX 2023,0,.01,QAR,204,A,,020426524067
001,020416524071,9834,PLV,1988,OCC:L'OCCITANE,6977,WRAPPING MATERIALS,80WPQAB23:WP QAT ALMOND BOX 2023,.0397,.02,QAR,204,A,,020426524071
001,020416524079,9834,PLV,1988,OCC:L'OCCITANE,6977,WRAPPING MATERIALS,80ARTDU23:STORES ARTICHOKE DUO 2023,0,.01,QAR,204,A,,020426524079
001,020416524081,9834,PLV,1988,OCC:L'OCCITANE,6977,WRAPPING MATERIALS,80WPWLB23:WP WHITE LAVENDER BOX 2023,.0397,.02,QAR,204,A,,020426524081
001,020416524082,9834,PLV,1988,OCC:L'OCCITANE,6977,WRAPPING MATERIALS,80FUTR23:FOREVER TRIO BOX 2023,.0397,.02,QAR,204,A,,020426524082
001,020416524083,9834,PLV,1988,OCC:L'OCCITANE,6977,WRAPPING MATERIALS,80STALMS23:STORES ALMOND SET 2023,0,0,QAR,204,A,,020426524083
001,020416524084,9834,PLV,1988,OCC:L'OCCITANE,6977,WRAPPING MATERIALS,80STSBB23:STORES SHEA BUTTER BOX 2023,0,.01,QAR,204,A,,020426524084
001,020416524088,9834,PLV,1988,OCC:L'OCCITANE,6977,WRAPPING MATERIALS,80WPQSB23:WP QAT SHEA BOX 2023,.0397,.02,QAR,204,A,,020426524088
001,020416524090,9834,PLV,1988,OCC:L'OCCITANE,6977,WRAPPING MATERIALS,80STRBB23:STORE RB BOX 2023,.0397,.02,QAR,204,A,,020426524090
001,020416531687,9828,TOILETRIES,1988,OCC:L'OCCITANE,3991,BATH & BODY,29RC200A22:ALM ECO-REFILL MILK CONC 200ML,82.4524,225,QAR,204,A,,3253581766408
001,020416531691,9843,AMBIENT SCENTS,1988,OCC:L'OCCITANE,6733,SCENTED LIQUID,11SMR100O23:OSMANTHUS REFILL HOME 100ML,30,90,QAR,204,A,,3253581765159
001,020416531692,9813,FRAGRANCES,1988,OCC:L'OCCITANE,4536,EAU DE PARFUM,11PH050O23:OSMANTHUS PERFUME OIL 50ML,99.6,315,QAR,204,A,,3253581761335
001,020416531693,9828,TOILETRIES,1988,OCC:L'OCCITANE,4634,HAND & FOOT CARE,11CM030O23:OSMANTHUS MELTING HC 30ML,19.6,49,QAR,204,A,,3253581765142
001,020416531694,9828,TOILETRIES,1988,OCC:L'OCCITANE,3991,BATH & BODY,11MD200O23:OSMANTHUS SHOWER FOAM 200ML,35.6,99,QAR,204,A,,3253581765135
001,020416531695,9828,TOILETRIES,1988,OCC:L'OCCITANE,4634,HAND & FOOT CARE,01RL500K23:SHEA LAV LIQ SOAP EC REF 500ML,43.4762,110,QAR,204,A,,3253581766699
001,020416531696,9828,TOILETRIES,1988,OCC:L'OCCITANE,4634,HAND & FOOT CARE,01RV500K23:SHEA VER LIQ SOAP EC REF 500ML,44,110,QAR,204,A,,3253581766682
001,020416531697,9834,PLV,1988,OCC:L'OCCITANE,6722,SAMPLES,52DC001I23:IMMORTELLE DIVINE CREAM 1ML,0,.01,QAR,204,A,,3253581763629
001,020416531698,9834,PLV,1988,OCC:L'OCCITANE,6640,PROMOTIONAL MATERIALS,49POUYCS23:2023 YELLOW COLLECTION POUCH,5.2386,2.68,QAR,204,A,,3253581865224
001,020416531699,9834,PLV,1988,OCC:L'OCCITANE,6640,PROMOTIONAL MATERIALS,49POURCS23:2023 RED COLLECTION POUCH,5.2825,2.68,QAR,204,A,,3253581865217
001,020416540479,9834,PLV,1988,OCC:L'OCCITANE,6722,SAMPLES,52NC001I23:IMM SHEA NECK CREAM 1ML,0,.01,QAR,204,A,,3253581767764
001,020416540481,9828,TOILETRIES,1988,OCC:L'OCCITANE,3991,BATH & BODY,11GD250BA23:GOLDEN BUTTON SHOWER GEL 250ML,35.6,99,QAR,204,A,,3253581765616
001,020416540482,9801,SKINCARE,1988,OCC:L'OCCITANE,6744,SERUM,27HS030I23:IMM HARMONIE SERUM 30ML,328.75,825,QAR,204,A,,3253581764299
001,020416540483,9828,TOILETRIES,1988,OCC:L'OCCITANE,3991,BATH & BODY,11LC250NO23:NO BODY MILK 250ML,59.1794,155,QAR,204,A,,3253581765012
001,020416540484,9828,TOILETRIES,1988,OCC:L'OCCITANE,3991,BATH & BODY,15GD250VB23:VER SHOWER GEL 250ML,39.6,99,QAR,204,A,,3253581766859
001,020416540485,9801,SKINCARE,1988,OCC:L'OCCITANE,5647,LIP BALMS/FILLERS/MOISTURISER,98BBL002KA22:KA ULTRA RICH LIP BALM 2G,6,15,QAR,204,A,,3253581767450
001,020416540486,9828,TOILETRIES,1988,OCC:L'OCCITANE,4634,HAND & FOOT CARE,15MA075VB23:VERBENA HAND CREAM 75ML,39.6,99,QAR,204,A,,3253581764572
001,020416540487,9850,HAIR CARE,1988,OCC:L'OCCITANE,3903,AFTER SHAMPOO,29ASH075A21:ALMOND CONDITIONER 75ML,14,43,QAR,204,A,,3253581758557
001,020416549110,9834,PLV,1988,OCC:L'OCCITANE,6977,WRAPPING MATERIALS,88WPSAC23:WONDERFUL PLACES SACHET 2023,0,.01,QAR,204,A,,020426549110
001,020416558041,9815,BEAUTY SET,1988,OCC:L'OCCITANE,3997,BEAUTY SET,10SHALTR23:SHEA ALMOND TRIO 2023,200,499,QAR,204,A,,020426558041
001,020416558042,9815,BEAUTY SET,1988,OCC:L'OCCITANE,3997,BEAUTY SET,17ARTRI23:AROMA REPAIRING TRIO 2023,103.6,350,QAR,204,A,,020426558042
001,020416558046,9815,BEAUTY SET,1988,OCC:L'OCCITANE,3997,BEAUTY SET,17ARDUO23:AROMA REPAIRING DUO 2023,59.6,190,QAR,204,A,,020426558046
001,020416558047,9815,BEAUTY SET,1988,OCC:L'OCCITANE,3997,BEAUTY SET,12NODUO23:NEROLI & ORCHIDEE DUO 2023,79.6,200,QAR,204,A,,781005621208
001,020416558047,9815,BEAUTY SET,1988,OCC:L'OCCITANE,3997,BEAUTY SET,12NODUO23:NEROLI & ORCHIDEE DUO 2023,79.6,200,QAR,204,A,,020426558047
001,020416558048,9815,BEAUTY SET,1988,OCC:L'OCCITANE,3997,BEAUTY SET,24RODUO23:ROSE DUO 2023,79.6,215,QAR,204,A,,020426558048
001,020416558049,9815,BEAUTY SET,1988,OCC:L'OCCITANE,3997,BEAUTY SET,15WLDUO23:WHITE LAVENDER DUO 2023,79.6,215,QAR,204,A,,020426558049
001,020416558050,9815,BEAUTY SET,1988,OCC:L'OCCITANE,3997,BEAUTY SET,24CBDUO23:CHERRY BLOSSOM DUO 2023,79.6,215,QAR,204,A,,020426558050
001,020416558051,9815,BEAUTY SET,1988,OCC:L'OCCITANE,3997,BEAUTY SET,15CVBDUO23:CITRUS VERBENA BODY DUO 2023,79.6,215,QAR,204,A,,020426558051
001,020416558052,9815,BEAUTY SET,1988,OCC:L'OCCITANE,3997,BEAUTY SET,15VEBDUO23:VERBENA BODY DUO 2023,79.6,215,QAR,204,A,,020426558052
001,020416558053,9815,BEAUTY SET,1988,OCC:L'OCCITANE,3997,BEAUTY SET,15CVHDUO23:CITRUS VERBENA HAIR DUO 2023,51.6,155,QAR,204,A,,020426558053
001,020416558054,9815,BEAUTY SET,1988,OCC:L'OCCITANE,3997,BEAUTY SET,11RELDUO23:RELAXING DUO 2023,91.9722,240,QAR,204,A,,020426558054
001,020416558056,9815,BEAUTY SET,1988,OCC:L'OCCITANE,3997,BEAUTY SET,29ALSHCOL23:ALMOND SHOWER COLLECTION 2023,131.6,360,QAR,204,A,,020426558056
001,020416558058,9815,BEAUTY SET,1988,OCC:L'OCCITANE,3997,BEAUTY SET,29ALSHUWP23:ALMOND UAE WONDERFUL PLACES COLLECTION 2023,131.6,329,QAR,204,A,,020426558058
001,020416558059,9815,BEAUTY SET,1988,OCC:L'OCCITANE,3997,BEAUTY SET,29ALSHSWP23:ALMOND KSA WONDERFUL PLACES COLLECTION 2023,131.6,330,QAR,204,A,,020426558059
001,020416558060,9815,BEAUTY SET,1988,OCC:L'OCCITANE,3997,BEAUTY SET,29ALSHSKWP23:ALMOND KWT WONDERFUL PLACES COLLECTION 2023,131.6,329,QAR,204,A,,020426558060
001,020416558061,9815,BEAUTY SET,1988,OCC:L'OCCITANE,3997,BEAUTY SET,29ALSHSQWP23:ALMOND QAT WONDERFUL PLACES COLLECTION 2023,131.6,329,QAR,204,A,,020426558061
001,020416558062,9815,BEAUTY SET,1988,OCC:L'OCCITANE,3997,BEAUTY SET,10FLTRI23:FLORAL TRIO HAND CREAM 2023,47.6,120,QAR,204,A,,020426558062
001,020416558063,9815,BEAUTY SET,1988,OCC:L'OCCITANE,3997,BEAUTY SET,10BSTRI23:BEST SELLING TRIO HAND CREAM 2023,47.6,119,QAR,204,A,,020426558063
001,020416558068,9815,BEAUTY SET,1988,OCC:L'OCCITANE,3997,BEAUTY SET,10BSQWPTRI23:QAT WONDERFUL PLACES TRIO HAND CREAM 2023,47.6,119,QAR,204,A,,020426558068
001,020416558069,9815,BEAUTY SET,1988,OCC:L'OCCITANE,3997,BEAUTY SET,10TRHCS23:TRIO HAND CREAM SEPHORA 2023,47.6,120,QAR,204,A,,781005621000
001,020416558069,9815,BEAUTY SET,1988,OCC:L'OCCITANE,3997,BEAUTY SET,10TRHCS23:TRIO HAND CREAM SEPHORA 2023,47.6,120,QAR,204,A,,0781005621000
001,020416558069,9815,BEAUTY SET,1988,OCC:L'OCCITANE,3997,BEAUTY SET,10TRHCS23:TRIO HAND CREAM SEPHORA 2023,47.6,120,QAR,204,A,,020426558069
001,020416558070,9815,BEAUTY SET,1988,OCC:L'OCCITANE,3997,BEAUTY SET,11ARTDUO23:ARTICHOKE BODY DUO 2023,154.8661,350,QAR,204,A,,020426558070
001,020416558071,9815,BEAUTY SET,1988,OCC:L'OCCITANE,3997,BEAUTY SET,15WLTRI23:WHITE LAVENDER TRIO 2023,176,460,QAR,204,A,,020426558071
001,020416558072,9815,BEAUTY SET,1988,OCC:L'OCCITANE,3997,BEAUTY SET,15WLWPTRI23:WHITE LAVENDER WONDERFUL PLACES TRIO 2023,154,385,QAR,204,A,,020426558072
001,020416558313,9815,BEAUTY SET,1988,OCC:L'OCCITANE,3997,BEAUTY SET,29GLCOLL23:ALMOND GLOW COLLECTION 2023,158,400,QAR,204,A,,020426558313
001,020416558314,9815,BEAUTY SET,1988,OCC:L'OCCITANE,3997,BEAUTY SET,01GLCOLL23:SHEA GLOW COLLECTION 2023,119.1429,299,QAR,204,A,,020426558314
001,020416558315,9815,BEAUTY SET,1988,OCC:L'OCCITANE,3997,BEAUTY SET,01WPCOLL23:SHEA WONDERFUL PLACES COLLECTION 2023,111.5999,280,QAR,204,A,,020426558315
001,020416558316,9815,BEAUTY SET,1988,OCC:L'OCCITANE,3997,BEAUTY SET,01UWPCOLL23:SHEA UAE WONDERFUL PLACES COLLECTION 2023,111.6,280,QAR,204,A,,020426558316
001,020416558317,9815,BEAUTY SET,1988,OCC:L'OCCITANE,3997,BEAUTY SET,01SWPCOLL23:SHEA KSA WONDERFUL PLACES COLLECTION 2023,111.6,280,QAR,204,A,,020426558317
001,020416558318,9815,BEAUTY SET,1988,OCC:L'OCCITANE,3997,BEAUTY SET,01KWPCOLL23:SHEA KWT WONDERFUL PLACES COLLECTION 2023,111.6,280,QAR,204,A,,020426558318
001,020416558319,9815,BEAUTY SET,1988,OCC:L'OCCITANE,3997,BEAUTY SET,01QWPCOLL23:SHEA QAT WONDERFUL PLACES COLLECTION 2023,111.6,280,QAR,204,A,,020426558319
001,020416558320,9801,SKINCARE,1988,OCC:L'OCCITANE,6749,SET,38RBTRI23:BRIGHTENING COLLECTION 2023,171.6,440,QAR,204,A,,020426558320
001,020416558321,9815,BEAUTY SET,1988,OCC:L'OCCITANE,3997,BEAUTY SET,10KNDB23:KSA NATIONAL DAY DISCOVERY BOX 2023,0,.01,QAR,204,A,,020426558321
001,020416558562,9815,BEAUTY SET,1988,OCC:L'OCCITANE,3997,BEAUTY SET,11MPFFCOL23:MAY BLOSSOM COLLECTION 2023,179.6,440,QAR,204,A,,020426558562
001,020416558563,9815,BEAUTY SET,1988,OCC:L'OCCITANE,3997,BEAUTY SET,11SCFFCOL23:SWEET CLOVER COLLECTION 2023,174.96,440,QAR,204,A,,020426558563
001,020416558619,9815,BEAUTY SET,1988,OCC:L'OCCITANE,3997,BEAUTY SET,11GBFFCOL23:GOLDEN BUTTON COLLECTION 2023,171.8667,440,QAR,204,A,,020426558619
001,020416558621,9815,BEAUTY SET,1988,OCC:L'OCCITANE,3997,BEAUTY SET,01URBHS23:ULTRA RICH BODY AND HAND SET 2023,59.6001,155,QAR,204,A,,781005621017
001,020416558621,9815,BEAUTY SET,1988,OCC:L'OCCITANE,3997,BEAUTY SET,01URBHS23:ULTRA RICH BODY AND HAND SET 2023,59.6001,155,QAR,204,A,,0781005621017
001,020416558621,9815,BEAUTY SET,1988,OCC:L'OCCITANE,3997,BEAUTY SET,01URBHS23:ULTRA RICH BODY AND HAND SET 2023,59.6001,155,QAR,204,A,,020426558621
001,020416558622,9815,BEAUTY SET,1988,OCC:L'OCCITANE,3997,BEAUTY SET,29ALSHSE23:ALMOND SHOWER SET SEPHORA 2023,99.5998,249,QAR,204,A,,0781005621024
001,020416558622,9815,BEAUTY SET,1988,OCC:L'OCCITANE,3997,BEAUTY SET,29ALSHSE23:ALMOND SHOWER SET SEPHORA 2023,99.5998,249,QAR,204,A,,020426558622
001,020416563009,9828,TOILETRIES,1988,OCC:L'OCCITANE,3991,BATH & BODY,01LC250K24:SHEA RICH BODY LOTION 250ML,64,160,QAR,204,A,,3253581768334
001,020416563011,9828,TOILETRIES,1988,OCC:L'OCCITANE,4634,HAND & FOOT CARE,29MA075A22:ALM CR MAIN A CROQUER 75 ML,39.6,99,QAR,204,A,,3253581764640
001,020416574753,9834,PLV,1988,OCC:L'OCCITANE,6640,PROMOTIONAL MATERIALS,27GWPSEP23:GWP SEPTEMBER 2023,0,.01,QAR,204,A,,020426574753
001,020416574754,9815,BEAUTY SET,1988,OCC:L'OCCITANE,3997,BEAUTY SET,12NOCOLL23:NEROLI ORCHIDEE COLLECTION 2023,178,510,QAR,204,A,,020426574754
001,020416574755,9815,BEAUTY SET,1988,OCC:L'OCCITANE,3997,BEAUTY SET,29ALMIRVS223:ALMOND IRRESISTABLE COLLECTION 2023 V2,147.6,380,QAR,204,A,,020426574755
001,020416574756,9815,BEAUTY SET,1988,OCC:L'OCCITANE,3997,BEAUTY SET,29ALMEXVS23:ALMOND EXFOLIATING SET 2023,175.6,460,QAR,204,A,,020426574756
001,020416574757,9801,SKINCARE,1988,OCC:L'OCCITANE,6749,SET,27DIVCOLL23:DIVINE FACE CARE COLLECTION 2023,418.4,1045,QAR,204,A,,020426574757
001,020416587281,9828,TOILETRIES,1988,OCC:L'OCCITANE,3991,BATH & BODY,01BB018KF23H:SHEA LEAVE BATH CUBE 18G,6,17,QAR,204,A,,3253581765890
001,020416587284,9828,TOILETRIES,1988,OCC:L'OCCITANE,3991,BATH & BODY,01CD250KP23H:SHEA POWD SHOWER CREAM 250ML,27.6,90,QAR,204,A,,3253581765975
001,020416587285,9828,TOILETRIES,1988,OCC:L'OCCITANE,3991,BATH & BODY,01CL200KF23H:SHEA LEAVE LIGHT BODY CR 200ML,59.6,190,QAR,204,A,,3253581765845
001,020416587286,9828,TOILETRIES,1988,OCC:L'OCCITANE,3991,BATH & BODY,01GC200KF23H:SHEA LEAVE BODY SCRUB 200ML,51.6,160,QAR,204,A,,3253581765876
001,020416587287,9828,TOILETRIES,1988,OCC:L'OCCITANE,3991,BATH & BODY,01GD250KF23H:SHEA LEAVE SHOWER GEL 250ML,27.6,99,QAR,204,A,,3253581767221
001,020416587288,9828,TOILETRIES,1988,OCC:L'OCCITANE,4634,HAND & FOOT CARE,01HN075KF23H:SHEA LEAVE NAIL OIL 75ML,0,85,QAR,204,A,,3253581765838
001,020416587289,9828,TOILETRIES,1988,OCC:L'OCCITANE,3991,BATH & BODY,01LC250KP23H:SHEA POWD BODY LOTION 250ML,47.6,160,QAR,204,A,,3253581765951
001,020416587290,9828,TOILETRIES,1988,OCC:L'OCCITANE,4634,HAND & FOOT CARE,01MA030KF23H:SHEA LEAVE LIGHT HAND CR 30ML,14,49,QAR,204,A,,3253581765807
001,020416587291,9828,TOILETRIES,1988,OCC:L'OCCITANE,4634,HAND & FOOT CARE,01MA030KP23H:SHEA POWD LIGHT HAND CR 30ML,14,49,QAR,204,A,,3253581765920
001,020416587292,9828,TOILETRIES,1988,OCC:L'OCCITANE,4634,HAND & FOOT CARE,01MA150KF23H:SHEA LEAVE LIGHT HAND CR 150ML,39.6,150,QAR,204,A,,3253581765784
001,020416587293,9828,TOILETRIES,1988,OCC:L'OCCITANE,4634,HAND & FOOT CARE,01MA150KP23H:SHEA POWD LIGHT HAND CR 150ML,28.9548,150,QAR,204,A,,3253581765906
001,020416587294,9828,TOILETRIES,1988,OCC:L'OCCITANE,3991,BATH & BODY,11CCD250NE23:MAY BLOSSOM SHOWER CREAM 250ML,.1914,99,QAR,204,A,,3253581767016
001,020416587295,9828,TOILETRIES,1988,OCC:L'OCCITANE,4634,HAND & FOOT CARE,11CM030BA23:GOLDEN BUTTON HAND CREAM 30ML,19.6,49,QAR,204,A,,3253581765630
001,020416587296,9828,TOILETRIES,1988,OCC:L'OCCITANE,4634,HAND & FOOT CARE,11CM030NE22:MAY BLOSSOM HAND CREAM 30ML,19.6,49,QAR,204,A,,3253581761144
001,020416587297,9828,TOILETRIES,1988,OCC:L'OCCITANE,4634,HAND & FOOT CARE,11CR030ME22:SWEET CLOVER HAND CREAM 30ML,19.6,49,QAR,204,A,,3253581761274
001,020416587298,9813,FRAGRANCES,1988,OCC:L'OCCITANE,4536,EAU DE PARFUM,11EDP50BA23:GOLDEN BUTTON EDP 50ML,133.3354,335,QAR,204,A,,3253581765562
001,020416587299,9828,TOILETRIES,1988,OCC:L'OCCITANE,3991,BATH & BODY,11GD075BA23:GOLDEN BUTTON SHOWER GEL 75ML,14,32,QAR,204,A,,3253581765623
001,020416587300,9828,TOILETRIES,1988,OCC:L'OCCITANE,3991,BATH & BODY,11GD250ME22:SWEET CLOVER SHOWER GEL 250ML,35.6,99,QAR,204,A,,3253581761229
001,020416587301,9828,TOILETRIES,1988,OCC:L'OCCITANE,3991,BATH & BODY,11LC075NE22:MAY BLOSSOM BODY LOTION 75ML,19.6,55,QAR,204,A,,3253581761120
001,020416587302,9828,TOILETRIES,1988,OCC:L'OCCITANE,3991,BATH & BODY,11SA050NE22:MAY BLOSSOM SOAP 50GR,11.6,30,QAR,204,A,,3253581767023
001,020416587303,9828,TOILETRIES,1988,OCC:L'OCCITANE,3991,BATH & BODY,15GD070VB23:VER SHOWER GEL 70ML,12.8,32,QAR,204,A,,3253581766866
001,020416587304,9828,TOILETRIES,1988,OCC:L'OCCITANE,3991,BATH & BODY,15GD250VA23:CIT VER SHOWER GEL 250ML,39.6,99,QAR,204,A,,3253581766989
001,020416587305,9828,TOILETRIES,1988,OCC:L'OCCITANE,3991,BATH & BODY,15GD500VB23:VER SHOWER GEL 500ML,64,160,QAR,204,A,,3253581766880
001,020416587306,9828,TOILETRIES,1988,OCC:L'OCCITANE,3991,BATH & BODY,15LC250VB23:VER BODY MILK 250ML,61.8218,155,QAR,204,A,,3253581766941
001,020416587307,9828,TOILETRIES,1988,OCC:L'OCCITANE,3991,BATH & BODY,15RC500VB23:VER SHOWER GEL REFILL 500ML,50,135,QAR,204,A,,3253581766897
001,020416587308,9828,TOILETRIES,1988,OCC:L'OCCITANE,3991,BATH & BODY,24BB018R23H:ROSE V PEACH BATH CUBE 18G,4.951,17,QAR,204,A,,3253581766040
001,020416587309,9828,TOILETRIES,1988,OCC:L'OCCITANE,3991,BATH & BODY,24CC150R23H:ROSE V PEACH LIG BODY CR 150ML,47.6,160,QAR,204,A,,3253581766002
001,020416587310,9828,TOILETRIES,1988,OCC:L'OCCITANE,4634,HAND & FOOT CARE,24CM030R23H:ROSE V PEACH LIG HAND CR 30ML,14,49,QAR,204,A,,3253581766019
001,020416587311,9813,FRAGRANCES,1988,OCC:L'OCCITANE,4538,EAU DE TOILETTE,24ET050R23H:ROSE VINE PEACH EDT 50ML,65.4865,315,QAR,204,A,,3253581765982
001,020416587312,9828,TOILETRIES,1988,OCC:L'OCCITANE,3991,BATH & BODY,24GD250R23H:ROSE V PEACH SHOWER GEL 250ML,27.6,99,QAR,204,A,,3253581766033
001,020416587313,9828,TOILETRIES,1988,OCC:L'OCCITANE,3991,BATH & BODY,29BB018A23H:ALM FLOWERS BATH CUBE 18G,6,17,QAR,204,A,,3253581765777
001,020416587315,9828,TOILETRIES,1988,OCC:L'OCCITANE,3991,BATH & BODY,29HD250A23H:ALM FLOWERS SHOWER OIL 250ML,39.6,130,QAR,204,A,,3253581765722
001,020416587316,9828,TOILETRIES,1988,OCC:L'OCCITANE,3991,BATH & BODY,29LC200A23H:ALM FLOWERS MILK CONCENT 200ML,91.6,270,QAR,204,A,,3253581765746
001,020416587319,9801,SKINCARE,1988,OCC:L'OCCITANE,4508,DAY CREAMS,49CP004I23:PRECIEUSE CREAM 4ML,0,30,QAR,204,A,,3253581770023
001,020416587320,9834,PLV,1988,OCC:L'OCCITANE,6640,PROMOTIONAL MATERIALS,49DISCBNO23:2023 HOLIDAY DISCOVERY POUCH B,0,.01,QAR,204,A,,3253581865859
001,020416587321,9834,PLV,1988,OCC:L'OCCITANE,6640,PROMOTIONAL MATERIALS,49DISCGNO23:2023 HOLIDAY DISCOVERY POUCH G,0,.01,QAR,204,A,,3253581865866
001,020416587322,9834,PLV,1988,OCC:L'OCCITANE,6640,PROMOTIONAL MATERIALS,49DISCRNO23:2023 HOLIDAY DISCOVERY POUCH R,0,.01,QAR,204,A,,3253581865842
001,020416587323,9801,SKINCARE,1988,OCC:L'OCCITANE,4344,CLEANSERS,49LD020KV23:SHEA CLEANSING MILK 20ML,0,17,QAR,204,A,,3253581765173
001,020416587329,9834,PLV,1988,OCC:L'OCCITANE,6640,PROMOTIONAL MATERIALS,49POBFNO23:2023 HOLIDAY BIGGER POUCH,0,.01,QAR,204,A,,3253581865910
001,020416587330,9834,PLV,1988,OCC:L'OCCITANE,4524,DISPLAY MATERIALS,52CERJUG22:DECORATIVE JUG,0,.01,QAR,204,A,,3253581866344
001,020416587331,9834,PLV,1988,OCC:L'OCCITANE,4524,DISPLAY MATERIALS,52CERPITCHER22:DECORATIVE CERAMIC PITCHER,0,.01,QAR,204,A,,3253581866351
001,020416587332,9834,PLV,1988,OCC:L'OCCITANE,4524,DISPLAY MATERIALS,52CERPOT22:DECORATIVE POT,0,.01,QAR,204,A,,3253581866238
001,020416590318,9815,BEAUTY SET,1988,OCC:L'OCCITANE,3997,BEAUTY SET,29ALSHWP223:ALMOND WONDERFUL PLACES COLLECTION 23,131.6,330,QAR,204,A,,020426590318
001,020416627223,9834,PLV,1988,OCC:L'OCCITANE,6640,PROMOTIONAL MATERIALS,11GWPLBA23:GB LOTION GWP 2023,0,.01,QAR,204,A,,020426627223
001,020416627224,9834,PLV,1988,OCC:L'OCCITANE,6640,PROMOTIONAL MATERIALS,11GWPLME23:SC LOTION GWP 2023,0,.01,QAR,204,A,,020426627224
001,020416627226,9834,PLV,1988,OCC:L'OCCITANE,6640,PROMOTIONAL MATERIALS,11GWPLNE23:MB LOTION GWP 2023,0,.01,QAR,204,A,,020426627226
001,020416627227,9834,PLV,1988,OCC:L'OCCITANE,6640,PROMOTIONAL MATERIALS,11GWPGNE23:MB SHOWER GWP 2023,0,.01,QAR,204,A,,020426627227
001,020416627228,9834,PLV,1988,OCC:L'OCCITANE,6640,PROMOTIONAL MATERIALS,11GWPGME23:SC SHOWER GWP 2023,0,.01,QAR,204,A,,020426627228
001,020416627229,9834,PLV,1988,OCC:L'OCCITANE,6640,PROMOTIONAL MATERIALS,11GWPGBA23:GB SHOWER GWP 2023,0,.01,QAR,204,A,,020426627229
001,020416637301,9828,TOILETRIES,1988,OCC:L'OCCITANE,3991,BATH & BODY,15LC070VB23:VERBENA BODY LOTION 70ML,21.712,55,QAR,204,A,,3253581767863
001,020416637303,9801,SKINCARE,1988,OCC:L'OCCITANE,4344,CLEANSERS,27MP150I23:PRECIOUS FOAM 150ML,53.9926,135,QAR,204,A,,3253581770566
001,020416637304,9828,TOILETRIES,1988,OCC:L'OCCITANE,3991,BATH & BODY,49LC020A23:ALM MILK CONCENTRATE 20ML,2.424,30,QAR,204,A,,3253581770047
001,020416637306,9850,HAIR CARE,1988,OCC:L'OCCITANE,3903,AFTER SHAMPOO,24AS240R23:ROSE CONDITIONER 240ML,32,90,QAR,204,A,,3253581767917
001,020416637307,9828,TOILETRIES,1988,OCC:L'OCCITANE,3991,BATH & BODY,29HD500A22:ALM SHOWER OIL 500ML,79.6,199,QAR,204,A,,3253581764688
001,020416637308,9813,FRAGRANCES,1988,OCC:L'OCCITANE,4538,EAU DE TOILETTE,20ET075HC21:CAP CEDRAT EDT 75ML,122.1785,315,QAR,204,A,,3253581768006
001,020416637309,9828,TOILETRIES,1988,OCC:L'OCCITANE,3991,BATH & BODY,24RG500CB22:CB BATHSHOWER GEL REFILL 500ML,50,135,QAR,204,A,,3253581766651
001,020416637337,9815,BEAUTY SET,1988,OCC:L'OCCITANE,3997,BEAUTY SET,01HNDUO23H:NEROLI HAND CARE DUO H2023,35.6,89,QAR,204,A,,020426637337
001,020416637349,9815,BEAUTY SET,1988,OCC:L'OCCITANE,3997,BEAUTY SET,01HADUO23H:ALMOND HAND CARE DUO H2023,35.6,89,QAR,204,A,,020426637349
001,020416637350,9815,BEAUTY SET,1988,OCC:L'OCCITANE,3997,BEAUTY SET,01HCDUO23H:SHEA HAND CARE DUO H2023,35.6,89,QAR,204,A,,020426637350
001,020416637351,9815,BEAUTY SET,1988,OCC:L'OCCITANE,3997,BEAUTY SET,01HPDUO23H:SHEA & PETIT DUO H2023,35.6,89,QAR,204,A,,020426637351
001,020416637352,9815,BEAUTY SET,1988,OCC:L'OCCITANE,3997,BEAUTY SET,10SDAYO123H:SINGLE'S DAY OFFER V1 2023,44.3998,111,QAR,204,A,,020426637352
001,020416637353,9815,BEAUTY SET,1988,OCC:L'OCCITANE,3997,BEAUTY SET,10SDAYO223H:SINGLE'S DAY OFFER V2 2023,44.3998,111,QAR,204,A,,020426637353
001,020416637354,9815,BEAUTY SET,1988,OCC:L'OCCITANE,3997,BEAUTY SET,10SDAYO323H:SINGLE'S DAY OFFER V3 2023,44.3998,111,QAR,204,A,,020426637354
001,020416637355,9834,PLV,1988,OCC:L'OCCITANE,6640,PROMOTIONAL MATERIALS,01SSGWP23H:SUPER SALE NOV GWP 2023,0,.01,QAR,204,A,,020426637355
001,020416637356,9815,BEAUTY SET,1988,OCC:L'OCCITANE,3997,BEAUTY SET,12NOFESH23:NEROLI FESTIVE SET H2023,79.6,199,QAR,204,A,,020426637356
001,020416637356,9815,BEAUTY SET,1988,OCC:L'OCCITANE,3997,BEAUTY SET,12NOFESH23:NEROLI FESTIVE SET H2023,79.6,199,QAR,204,A,,0781005621055
001,020416637357,9815,BEAUTY SET,1988,OCC:L'OCCITANE,3997,BEAUTY SET,49BSMARB23:BEST SELLER MARKETING BOX 2023,0,0,QAR,204,A,,020426637357
001,020416637359,9815,BEAUTY SET,1988,OCC:L'OCCITANE,3997,BEAUTY SET,24RPKIT23H:ROSE PEACH FESTIVE KIT,79.6,199,QAR,204,A,,020426637359
001,020416637360,9815,BEAUTY SET,1988,OCC:L'OCCITANE,3997,BEAUTY SET,01SHSLKIT23H:SHEA LEAVES FESTIVE KIT,119.6,299,QAR,204,A,,020426637360
001,020416637361,9815,BEAUTY SET,1988,OCC:L'OCCITANE,3997,BEAUTY SET,01SHPWKIT23H:SHEA POWDER FESTIVE KIT 2023,95.6,240,QAR,204,A,,020426637361
001,020416637362,9812,GWP,1988,OCC:L'OCCITANE,4624,GWP,49CRMGWP23:CRM FESTIVE GWP 2023,0,.01,QAR,204,A,,020426637362
001,020416637438,9815,BEAUTY SET,1988,OCC:L'OCCITANE,3997,BEAUTY SET,29ALFES23H:ALMOND BEST FESTIVE GIFT 2023,87.6,220,QAR,204,A,,020426637438
001,020416637439,9815,BEAUTY SET,1988,OCC:L'OCCITANE,3997,BEAUTY SET,20BAUXKIT23H:BAUX FESTIVE KIT 2023,62,160,QAR,204,A,,020426637439
001,020416637447,9815,BEAUTY SET,1988,OCC:L'OCCITANE,3997,BEAUTY SET,24CBFESH23:CHERRY BLOSSOM FESTIVE SET H2023,87.6,219,QAR,204,A,,020426637447
001,020416637448,9815,BEAUTY SET,1988,OCC:L'OCCITANE,3997,BEAUTY SET,15VEFESH23:VERBENA FESTIVE SET H2023,87.6,240,QAR,204,A,,020426637448
001,020416637449,9815,BEAUTY SET,1988,OCC:L'OCCITANE,3997,BEAUTY SET,01SBFESH23:SHEA BUTTER FESTIVE SET H2023,114,285,QAR,204,A,,020426637449
001,020416637450,9815,BEAUTY SET,1988,OCC:L'OCCITANE,3997,BEAUTY SET,29ALMFESH23:ALMOND FESTIVE SET H2023,219.6,580,QAR,204,A,,020426637450
001,020416637451,9815,BEAUTY SET,1988,OCC:L'OCCITANE,3997,BEAUTY SET,29ALMLEFESH23:ALMOND LIMITED FESTIVE SET H2023,131.6,329,QAR,204,A,,020426637451
001,020416637452,9815,BEAUTY SET,1988,OCC:L'OCCITANE,3997,BEAUTY SET,10BSFEKIT23H:BEST SELER FESTIVE KIT 2023,95.6,250,QAR,204,A,,020426637452
001,020416637453,9828,TOILETRIES,1988,OCC:L'OCCITANE,6749,SET,10HCCLTR23H:HAND CREAM CLASSIC TRIO 2023,47.6,119,QAR,204,A,,020426637453
001,020416637454,9828,TOILETRIES,1988,OCC:L'OCCITANE,6749,SET,10HCFLTR23H:HAND CREAM FLORAL TRIO 2023,47.6,119,QAR,204,A,,020426637454
001,020416637455,9828,TOILETRIES,1988,OCC:L'OCCITANE,6749,SET,10HCSETR23H:HAND CREAM SEASON TRIO 2023,47.6,119,QAR,204,A,,020426637455
001,020416637456,9815,BEAUTY SET,1988,OCC:L'OCCITANE,3997,BEAUTY SET,10QUATR23H:QUATRO TRAVEL KIT H2023,51.6,129,QAR,204,A,,020426637456
001,020416637457,9815,BEAUTY SET,1988,OCC:L'OCCITANE,3997,BEAUTY SET,01LAHCDUH23:LAVENDER HAND CARE DUO H2023,59.6,149,QAR,204,A,,020426637457
001,020416637459,9834,PLV,1988,OCC:L'OCCITANE,6640,PROMOTIONAL MATERIALS,49NOVGWP23:NOVEMBER 2023 GWP STORES,0,.01,QAR,204,A,,020426637459
001,020416638303,9834,PLV,1988,OCC:L'OCCITANE,4524,DISPLAY MATERIALS,84RAINSL23:RANGE INSTERTS LOCAL 2023,0,.01,QAR,204,A,,020426638303
001,020416638305,9834,PLV,1988,OCC:L'OCCITANE,4524,DISPLAY MATERIALS,84SGLOL23:SHELF GLORIFIER LOCAL 2023,0,.01,QAR,204,A,,020426638305
001,020416638306,9834,PLV,1988,OCC:L'OCCITANE,4524,DISPLAY MATERIALS,84ANIHOL23:BIG ANIMATION HOLDER LOCAL 2023,0,.01,QAR,204,A,,020426638306
001,020416638307,9834,PLV,1988,OCC:L'OCCITANE,4524,DISPLAY MATERIALS,84SANHOL23:SMALL ANIMATION HOLDER LOCAL 2023,0,.01,QAR,204,A,,020426638307
001,020416638308,9834,PLV,1988,OCC:L'OCCITANE,4524,DISPLAY MATERIALS,84GWPHOL23:GWP HOLDER LOCAL 2023,0,.01,QAR,204,A,,020426638308
001,020416638309,9834,PLV,1988,OCC:L'OCCITANE,4524,DISPLAY MATERIALS,84TRBIWL23:TRASH BIN LOCAL 2023,0,.01,QAR,204,A,,020426638309
001,020416638310,9834,PLV,1988,OCC:L'OCCITANE,4524,DISPLAY MATERIALS,84VANKIL23:VANITY KIT LOCAL 2023,0,.01,QAR,204,A,,020426638310
001,020416655331,9801,SKINCARE,1988,OCC:L'OCCITANE,4344,CLEANSERS,20NV150H23:DAILY EXFO CLEANSER 150ML,43.6521,110,QAR,204,A,,3253581768891
001,020416655333,9801,SKINCARE,1988,OCC:L'OCCITANE,5647,LIP BALMS/FILLERS/MOISTURISER,01BL012K23:SHEA LIP BALM 12ML,19.6,49,QAR,204,A,,3253581770269
001,020416655334,9828,TOILETRIES,1988,OCC:L'OCCITANE,3991,BATH & BODY,01LTV300K23:SHEA VER HAND BOD LOT 300ML,60.5369,155,QAR,204,A,,3253581767542
001,020416655335,9828,TOILETRIES,1988,OCC:L'OCCITANE,3991,BATH & BODY,10EST250V122:250ML FOREVER BOTTLE V1,8,20,QAR,204,A,,3253581864029
001,020416655336,9850,HAIR CARE,1988,OCC:L'OCCITANE,3903,AFTER SHAMPOO,15AS250VA23:CITRUS VER CONDITIONER 250ML,34.6769,90,QAR,204,A,,3253581717530
001,020416655337,9850,HAIR CARE,1988,OCC:L'OCCITANE,6753,SHAMPOO,15SH250VA23:CIT VER SHAMPOO 250ML,30,90,QAR,204,A,,3253581766996
001,020416655338,9828,TOILETRIES,1988,OCC:L'OCCITANE,3991,BATH & BODY,24RG500R23:ROSE SHOWER GEL REFILL 500ML,50,135,QAR,204,A,,3253581767955
001,020416655339,9828,TOILETRIES,1988,OCC:L'OCCITANE,3991,BATH & BODY,01CM300K23:SHEA UR HAND BODY WASH 300ML,32,90,QAR,204,A,,3253581767535
001,020416655340,9828,TOILETRIES,1988,OCC:L'OCCITANE,3991,BATH & BODY,01HD250K23:SHEA SHOWER OIL 250ML,48,130,QAR,204,A,,3253581768259
001,020416655342,9834,PLV,1988,OCC:L'OCCITANE,6722,SAMPLES,52LC006K24:SHEA RICH BODY LOTION 6ML,0,.01,QAR,204,A,,3253581768358
001,020416655343,9850,HAIR CARE,1988,OCC:L'OCCITANE,4627,HAIR & SCALP TREATMENTS,11BC045G23:HAIR STYLING BALM REPAIR 45GR,39.6,135,QAR,204,A,,3253581764992
001,020416655344,9801,SKINCARE,1988,OCC:L'OCCITANE,4508,DAY CREAMS,38CV050A24:RDP CREAM 50ML,123.9783,310,QAR,204,A,,3253581766163
001,020416655345,9801,SKINCARE,1988,OCC:L'OCCITANE,6929,TONERS,38LV200A24:RDP LOTION 200ML,79.6,199,QAR,204,A,,3253581766194
001,020416655346,9834,PLV,1988,OCC:L'OCCITANE,6957,UNIFORMS,52UNIFORMSM22:UNIFORM SMALL MEDIUM,0,.01,QAR,204,A,,3253581866221
001,020416655347,9834,PLV,1988,OCC:L'OCCITANE,6957,UNIFORMS,52UNIFORMLXL22:UNIFORM LARGE EXTRA LARGE,0,.01,QAR,204,A,,3253581866320
001,020416655350,9834,PLV,1988,OCC:L'OCCITANE,6722,SAMPLES,52LC006A22:ALMOND MILK CONCENTRATE 6ML,0,.01,QAR,204,A,,3253581766415
001,020416660420,9815,BEAUTY SET,1988,OCC:L'OCCITANE,3997,BEAUTY SET,29ALSOBS23:ALMOND SUPPLE SKIN OIL VALUE PACK 2023,91.6,230,QAR,204,A,,781005621031
001,020416660420,9815,BEAUTY SET,1988,OCC:L'OCCITANE,3997,BEAUTY SET,29ALSOBS23:ALMOND SUPPLE SKIN OIL VALUE PACK 2023,91.6,230,QAR,204,A,,0781005621031
001,020416663317,9828,TOILETRIES,1988,OCC:L'OCCITANE,3991,BATH & BODY,15LC250VA23:CIT VER BODY MILK 250ML,59.75,155,QAR,204,A,,3253581766972
001,020416663319,9828,TOILETRIES,1988,OCC:L'OCCITANE,6754,SHAVING,20GR150H23:REFRESHING SHAVE GEL 150ML,32,80,QAR,204,A,,3253581779101
001,020417757797,9828,TOILETRIES,1988,OCC:L'OCCITANE,3991,BATH & BODY,27CCJ200IK26:IMM SHEA YOUTH BALM 200ML,140,350,QAR,204,A,,3253581786574
001,020417757799,9828,TOILETRIES,1988,OCC:L'OCCITANE,3991,BATH & BODY,15GD250VB26:VERB SHOWER GEL 250ML,39.6,99,QAR,204,A,,3253581787120
001,020417757800,9828,TOILETRIES,1988,OCC:L'OCCITANE,3991,BATH & BODY,15GD500VB26:VERB SHOWER GEL 500ML,68,170,QAR,204,A,,3253581787144
001,020417757801,9828,TOILETRIES,1988,OCC:L'OCCITANE,3991,BATH & BODY,15LC250VB26:VERB BODY LOTION 250ML,62,155,QAR,204,A,,3253581787229
001,020417757802,9834,PLV,1988,OCC:L'OCCITANE,6977,WRAPPING MATERIALS,52LGEBOX26:LARGE GENERIC BOX 2026,0,.01,QAR,204,A,,3253581874523
001,020417757803,9828,TOILETRIES,1988,OCC:L'OCCITANE,3991,BATH & BODY,15GD250VA26:CIT VERB SHOWER GEL 250ML,39.6,99,QAR,204,A,,3253581787113
001,020417757804,9828,TOILETRIES,1988,OCC:L'OCCITANE,3991,BATH & BODY,15GDR500VA26:CIT VERB REFILL SHOWER 500ML,60,150,QAR,204,A,,3253581787151
001,020417757805,9828,TOILETRIES,1988,OCC:L'OCCITANE,3991,BATH & BODY,15GDR500VB26:VERB SHOWER GEL REFILL 500ML,60,150,QAR,204,A,,3253581787168
001,020417757806,9834,PLV,1988,OCC:L'OCCITANE,6722,SAMPLES,52NC001IK26:IMM SHEA NECK CREAM 1ML,0,.01,QAR,204,A,,3253581786680
001,020417757807,9828,TOILETRIES,1988,OCC:L'OCCITANE,4634,HAND & FOOT CARE,27CMJ075IK26:IMM SHEA HAND CREAM 75ML,64,160,QAR,204,A,,3253581786598
001,020417757808,9850,HAIR CARE,1988,OCC:L'OCCITANE,6753,SHAMPOO,11SH300AD26:ANTI DANDRUFF SHAMPOO 300ML,45.9998,115,QAR,204,A,,3253581787991
001,020417757809,9834,PLV,1988,OCC:L'OCCITANE,6977,WRAPPING MATERIALS,52PAPSOI26:GEN SILK PAPER BEIGE 16X480,0,.01,QAR,204,A,,3253581874585
001,020417757810,9828,TOILETRIES,1988,OCC:L'OCCITANE,3991,BATH & BODY,29BR100A26:ALMOND HAIR BODY MIST 100ML,79.6,199,QAR,204,A,,3253581786758
001,020417757811,9813,FRAGRANCES,1988,OCC:L'OCCITANE,4538,EAU DE TOILETTE,15ET075VB26:VERB EDT 75ML,125.9999,315,QAR,204,A,,3253581787069
001,020417757812,9813,FRAGRANCES,1988,OCC:L'OCCITANE,4538,EAU DE TOILETTE,15ET075VA26:CIT VERB EDT 75ML,125.9999,315,QAR,204,A,,3253581787052
001,020417757813,9843,AMBIENT SCENTS,1988,OCC:L'OCCITANE,6690,ROOM FRAGRANCE SPRAYS,15BR100VB26:VERB HOME FRAGRANCE 100ML,64.0001,160,QAR,204,A,,3253581787014
001,020417757814,9828,TOILETRIES,1988,OCC:L'OCCITANE,3991,BATH & BODY,15GC150VBL26:VERB ICY BODY GEL 150ML,64.0001,160,QAR,204,A,,3253581787755
001,020417757815,9813,FRAGRANCES,1988,OCC:L'OCCITANE,4538,EAU DE TOILETTE,49ET007VB26:VERB EDT 7 5ML,15.9999,40,QAR,204,A,,3253581787328
001,020417757817,9801,SKINCARE,1988,OCC:L'OCCITANE,4508,DAY CREAMS,27NC050IK26:IMM SHEA NECK CREAM 50ML,139.9999,350,QAR,204,A,,3253581786635
001,020417757818,9828,TOILETRIES,1988,OCC:L'OCCITANE,3991,BATH & BODY,27HC100IK26:IMM SHEA BODY OIL 100ML,143.9999,360,QAR,204,A,,3253581786611
001,020417757819,9828,TOILETRIES,1988,OCC:L'OCCITANE,3991,BATH & BODY,15LC250VA26:CIT VERB BODY LOTION 250ML,62,155,QAR,204,A,,3253581787212
001,020417757820,9828,TOILETRIES,1988,OCC:L'OCCITANE,3991,BATH & BODY,15GD075VB26:VERB SHOWER GEL 75ML,14,35,QAR,204,A,,3253581787090
001,020417757821,9828,TOILETRIES,1988,OCC:L'OCCITANE,4512,DEODORANTS & ANTIPERSPIRANTS,15DB050VB26:VERB BALM DEODORANT 50G,39.6,99,QAR,204,A,,3253581787021
001,020417757822,9828,TOILETRIES,1988,OCC:L'OCCITANE,4634,HAND & FOOT CARE,15MA030VA26:CIT VERB HAND CREAM 30ML,19.6,49,QAR,204,A,,3253581787267
001,020417757823,9828,TOILETRIES,1988,OCC:L'OCCITANE,3991,BATH & BODY,15LC075VB26:VERB BODY LOTION 75ML,22,55,QAR,204,A,,3253581787199
001,020417757824,9843,AMBIENT SCENTS,1988,OCC:L'OCCITANE,4153,CANDLES,15BG180VB26:VERB CANDLE 180G,79.6,199,QAR,204,A,,3253581786970
001,020417757825,9828,TOILETRIES,1988,OCC:L'OCCITANE,4634,HAND & FOOT CARE,15MA030VB26:VERB HAND CREAM 30ML,19.6,49,QAR,204,A,,3253581787274
001,020417757826,9828,TOILETRIES,1988,OCC:L'OCCITANE,4634,HAND & FOOT CARE,15MA075VB26:VERB HAND CREAM 75ML,39.6,99,QAR,204,A,,3253581787298
001,020417757827,9828,TOILETRIES,1988,OCC:L'OCCITANE,4512,DEODORANTS & ANTIPERSPIRANTS,15DO070VA26:CITRUS VERB DEO 70GR,39.6,99,QAR,204,A,,3253581787731
001,020417757828,9801,SKINCARE,1988,OCC:L'OCCITANE,6812,SKINCARE ACCESSORIES,49SFCI25:FACE CARE SPATULA 3 IN 1,0,.01,QAR,204,A,,3253581872130
001,020417757829,9850,HAIR CARE,1988,OCC:L'OCCITANE,3903,AFTER SHAMPOO,11RC500E25:GB CONDI REFILL 500ML,76,190,QAR,204,A,,3253581785560
001,020417767408,9812,GWP,1988,OCC:L'OCCITANE,4624,GWP,29APRGWP26:APRIL 2026 GWP,0,.01,QAR,204,A,,020427767408
001,020417767409,9815,BEAUTY SET,1988,OCC:L'OCCITANE,3997,BEAUTY SET,29ALRLIRC26:ALMOND IRRESISTABLE COLLECTION 2026,160,400,QAR,204,A,,020427767409
001,020417767410,9815,BEAUTY SET,1988,OCC:L'OCCITANE,3997,BEAUTY SET,01SBRLNO26:SHEA BUTTER NOURISHING COLLECTION 2026,180,450,QAR,204,A,,020427767410
001,020417767411,9815,BEAUTY SET,1988,OCC:L'OCCITANE,3997,BEAUTY SET,10SBALRLT26:SHEA BUTTER ALMOND TRIO 2026,200,500,QAR,204,A,,020427767411
001,020417767412,9815,BEAUTY SET,1988,OCC:L'OCCITANE,3997,BEAUTY SET,01SBRLTC26:SHEA BUTTER TRAVEL COLLECTION 2026,120,300,QAR,204,A,,020427767412
001,020417767416,9815,BEAUTY SET,1988,OCC:L'OCCITANE,3997,BEAUTY SET,10HCTRI26:ICONIC HAND CREAM TRIO 2026,48,120,QAR,204,A,,020427767416
001,020417767417,9815,BEAUTY SET,1988,OCC:L'OCCITANE,3997,BEAUTY SET,01SBHCTRI26:SHEA BUTTER HAND CARE COLLECTION 2026,64,160,QAR,204,A,,020427767417
001,020417767418,9815,BEAUTY SET,1988,OCC:L'OCCITANE,3997,BEAUTY SET,01SBRLC26:SHEA BUTTER COLLECTION 2026,160,400,QAR,204,A,,020427767418
001,020417767420,9815,BEAUTY SET,1988,OCC:L'OCCITANE,3997,BEAUTY SET,29ALRLEXC26:ALMOND EXFOLIATING COLLECTION,160,400,QAR,204,A,,020427767420
001,020417767421,9815,BEAUTY SET,1988,OCC:L'OCCITANE,3997,BEAUTY SET,29ALRLRC26:ALMOND RECRUITMENT COLLECTION 2026,140,350,QAR,204,A,,020427767421
001,020417767423,9815,BEAUTY SET,1988,OCC:L'OCCITANE,3997,BEAUTY SET,29ALSHRLC26:ALMOND SHOWER COLLECTION 2026,159.9999,400,QAR,204,A,,020427767423
001,020417767425,9815,BEAUTY SET,1988,OCC:L'OCCITANE,3997,BEAUTY SET,27DIVFNC26:IMMORTELLE DIVINE FACE CARE COLLECTION 2026,290,725,QAR,204,A,,020427767425
001,020417768086,9815,BEAUTY SET,1988,OCC:L'OCCITANE,3997,BEAUTY SET,27IMMREC26:IMMORTELLE RESEST DUO 2026,220,550,QAR,204,A,,020427768086
001,020417768087,9815,BEAUTY SET,1988,OCC:L'OCCITANE,3997,BEAUTY SET,12NOAOSC26:NEROLI ORCHIDEE COLLECTION 2026,180,450,QAR,204,A,,020427768087
001,020417768088,9815,BEAUTY SET,1988,OCC:L'OCCITANE,3997,BEAUTY SET,24CBAOSC26:CHERRY BLOSSOM COLLECTION 2026,180,450,QAR,204,A,,020427768088
001,020417796876,9843,AMBIENT SCENTS,1988,OCC:L'OCCITANE,4520,DIFFUSERS,11BAT13HO25:13 RATTAN REEDS DIFFU 2500ML,39.6002,99,QAR,204,A,,3253581788080
001,020417796878,9843,AMBIENT SCENTS,1988,OCC:L'OCCITANE,4520,DIFFUSERS,11DI2500HEG25:HOMEDIFF BARONNIES 2350ML,979.9998,2450,QAR,204,A,,3253581787885
001,020417796879,9843,AMBIENT SCENTS,1988,OCC:L'OCCITANE,4520,DIFFUSERS,11DI2500HEM25:HOMEDIFF MANE 2350ML,979.9998,2450,QAR,204,A,,3253581788059
001,020417796880,9843,AMBIENT SCENTS,1988,OCC:L'OCCITANE,4520,DIFFUSERS,11DI2500HEW25:HOMEDIFF FORCALQUIER 2350ML,979.9998,2450,QAR,204,A,,3253581787878
001,020417841130,9812,GWP,1988,OCC:L'OCCITANE,4624,GWP,29JUNGWP26:JUNE 2026 GWP,0,0,QAR,204,A,,020427841130
001,020417841146,9812,GWP,1988,OCC:L'OCCITANE,4624,GWP,10GWPSS26:SUMMER SALE GWP 2026,0,.01,QAR,204,A,,020427841146
001,020417903246,9844,SPA,1988,OCC:L'OCCITANE,3955,AROMATHERAPY,11BO100CS26:COCON PILLOW MIST 100ML,44,110,QAR,204,A,,3253581786963
001,020417903248,9813,FRAGRANCES,1988,OCC:L'OCCITANE,4538,EAU DE TOILETTE,15ET075L26:LAVENDER EDT 75ML,126,315,QAR,204,A,,3253581787045
001,020417903249,9813,FRAGRANCES,1988,OCC:L'OCCITANE,4538,EAU DE TOILETTE,23ET050NOR25:NERO ORCH EAU INTENSE EDT 50ML,116,290,QAR,204,A,,3253581782903
001,020417904717,9828,TOILETRIES,1988,OCC:L'OCCITANE,3991,BATH & BODY,15BM500L26:LAVENDER BUBBLE BATH 500ML,60,150,QAR,204,A,,3253581786987
001,020417904719,9843,AMBIENT SCENTS,1988,OCC:L'OCCITANE,4153,CANDLES,11BG180CS26:COCON CANDLE 180G,79.6,199,QAR,204,A,,3253581786956
001,020417904720,9834,PLV,1988,OCC:L'OCCITANE,6977,WRAPPING MATERIALS,52NGERIB26:NATURAL GENERIC RIBBON 2026,0,.01,QAR,204,A,,3253581874578
001,020417904728,9828,TOILETRIES,1988,OCC:L'OCCITANE,3991,BATH & BODY,15LC250L26:LAVENDER BODY LOTION 250ML,62,155,QAR,204,A,,3253581787205
001,020417904729,9828,TOILETRIES,1988,OCC:L'OCCITANE,3991,BATH & BODY,15BMR500L26:LAV BUBBLE BATH REFILL 500ML,54,135,QAR,204,A,,3253581786994
001,020417904730,9828,TOILETRIES,1988,OCC:L'OCCITANE,4634,HAND & FOOT CARE,15MA075L26:LAVENDER HAND CREAM 75ML,39.6,99,QAR,204,A,,3253581787281
001,020417904731,9828,TOILETRIES,1988,OCC:L'OCCITANE,3991,BATH & BODY,15GD250L26:LAVENDER SHOWER GEL 250ML,39.6,99,QAR,204,A,,3253581787106
001,020417904732,9828,TOILETRIES,1988,OCC:L'OCCITANE,3991,BATH & BODY,15GD075L26:LAVENDER SHOWER GEL 75ML,14,35,QAR,204,A,,3253581787083
001,020417904733,9828,TOILETRIES,1988,OCC:L'OCCITANE,4634,HAND & FOOT CARE,15MA030L26:LAVENDER HAND CREAM 30ML,19.6,49,QAR,204,A,,3253581787250
001,020417904734,9828,TOILETRIES,1988,OCC:L'OCCITANE,3991,BATH & BODY,15LC075L26:LAVENDER BODY LOTION 75ML,22,55,QAR,204,A,,3253581787182
001,020417904735,9828,TOILETRIES,1988,OCC:L'OCCITANE,3991,BATH & BODY,20HB030H26:CADE BEARD OIL 30ML,54.0002,135,QAR,204,A,,3253581787786
001,020417904743,9828,TOILETRIES,1988,OCC:L'OCCITANE,4512,DEODORANTS & ANTIPERSPIRANTS,15RO010L26:LAVENDER ROLL ON 10ML,39.6002,99,QAR,204,A,,3253581787304
001,020417904744,9844,SPA,1988,OCC:L'OCCITANE,3955,AROMATHERAPY,49BO015CS26:COCON PILLOW MIST 15ML,8,20,QAR,204,A,,3253581787311
001,020417904746,9834,PLV,1988,OCC:L'OCCITANE,6977,WRAPPING MATERIALS,52CARDENV26:GENERIC CARDS 2026,0,.01,QAR,204,A,,3253581874493
001,020417904747,9834,PLV,1988,OCC:L'OCCITANE,6977,WRAPPING MATERIALS,52GIFTAG26:GENERIC GIFT TAGS 2026,0,.01,QAR,204,A,,3253581874806
001,020417904748,9834,PLV,1988,OCC:L'OCCITANE,4524,DISPLAY MATERIALS,52CERVASE25:DECORATIVE CERAMIC VASE STRAW,0,.01,QAR,204,A,,3253581874912
001,020417917078,9834,PLV,1988,OCC:L'OCCITANE,6722,SAMPLES,52SC006A26:ALMOND BODY SERUM 6ML,0,.01,QAR,204,A,,3253581787700
001,020417917108,9801,SKINCARE,1988,OCC:L'OCCITANE,6865,SUNCARE,27UV030I26:PRECIOUS UV SHIELD SPF50 30ML,84.0001,210,QAR,204,A,,3253581786857
001,020417917109,9828,TOILETRIES,1988,OCC:L'OCCITANE,3991,BATH & BODY,29SC100A26:ALMOND BODY SERUM 100ML,117.9999,295,QAR,204,A,,3253581786352
001,182715017912,9801,SKINCARE,1296,FOR:FOREO,6812,SKINCARE ACCESSORIES,F9458:LUNA MINI 3 SUNFLOWER YELLOW,0,780,QAR,1827,A,,7350092139458
001,187813163901,9842,MAKE UP,1155,EBR:ERBORIAN,4561,FACE,6AA30052:CC CREME 45ML DORE,82.9333,220,QAR,1878,A,,8809255780185
001,187813163902,9842,MAKE UP,1155,EBR:ERBORIAN,4561,FACE,6AA30051:CC CREME 15ML DORE,39.4363,99,QAR,1878,A,,8809255780178
001,187813163905,9801,SKINCARE,1155,EBR:ERBORIAN,4508,DAY CREAMS,6AA30054:BB CREME NUDE 45ML,75.6,220,QAR,1878,A,,8809255780215
001,187813163906,9801,SKINCARE,1155,EBR:ERBORIAN,4508,DAY CREAMS,6AA30067:BB CREME NUDE 15ML,35.6,99,QAR,1878,A,,8809255780369
001,187813163907,9801,SKINCARE,1155,EBR:ERBORIAN,4508,DAY CREAMS,6AA30055:BB CREME DORE 45ML,75.6,220,QAR,1878,A,,8809255780222
001,187813163908,9801,SKINCARE,1155,EBR:ERBORIAN,4508,DAY CREAMS,6AA30070:BB CREME DORE 15ML,35.6,99,QAR,1878,A,,8809255780390
001,187813163909,9801,SKINCARE,1155,EBR:ERBORIAN,4508,DAY CREAMS,6AA30069:BB CREME CLAIR 45ML,75.6,220,QAR,1878,A,,8809255780383
001,187813163910,9801,SKINCARE,1155,EBR:ERBORIAN,4508,DAY CREAMS,6AA30068:BB CREME CLAIR 15ML,35.6,99,QAR,1878,A,,8809255780376
001,187813163946,9842,MAKE UP,1155,EBR:ERBORIAN,4561,FACE,6AA30056:CC CREME CLAIR 15ML,39.2379,99,QAR,1878,A,,8809255780253
001,187813283587,9834,PLV,1155,EBR:ERBORIAN,6905,TESTERS,6AA10175:CC CREME 15ML TEST,0,.01,QAR,1878,A,,8809255781571
001,187813283593,9834,PLV,1155,EBR:ERBORIAN,6905,TESTERS,6AA30117:BB CREME DORE 15ML RENO14 TEST,0,.01,QAR,1878,A,,8809255781601
001,187813283594,9834,PLV,1155,EBR:ERBORIAN,6905,TESTERS,6AA30118:BB CREME NUDE 15ML RENO14 TEST,0,.01,QAR,1878,A,,8809255781618
001,187813335109,9834,PLV,1155,EBR:ERBORIAN,6722,SAMPLES,6AA30059:BB CREME DORE ECH X25 RENO14,0,.01,QAR,1878,A,,8809255780284
001,187813335110,9834,PLV,1155,EBR:ERBORIAN,6722,SAMPLES,6AA30060:BB CREME NUDE SPL  RENO14,0,.01,QAR,1878,A,,8809255780291
001,187813335111,9834,PLV,1155,EBR:ERBORIAN,6722,SAMPLES,6AA30061:CC CREME INTERNATIONAL ECH X25,0,.01,QAR,1878,A,,8809255780307
001,187813335113,9834,PLV,1155,EBR:ERBORIAN,6722,SAMPLES,6AA30071:CC CREME CLAIR SPL X25,0,.01,QAR,1878,A,,8809255780406
001,187813335116,9834,PLV,1155,EBR:ERBORIAN,6722,SAMPLES,6AA30106:BB CREME NUDE MPP 5ML,2.7507,1.4,QAR,1878,A,,8809255781243
001,187813335117,9834,PLV,1155,EBR:ERBORIAN,6722,SAMPLES,6AA30108:CC CREME MPP 5ML,2.7507,1.4,QAR,1878,A,,8809255781267
001,187813445478,9801,SKINCARE,1155,EBR:ERBORIAN,4508,DAY CREAMS,6AA30147:GLOW CREME 15ML,34,99,QAR,1878,A,,8809255782240
001,187813445480,9801,SKINCARE,1155,EBR:ERBORIAN,4508,DAY CREAMS,6AA30143:GLOW CREME 45ML,74,199,QAR,1878,A,,8809255782189
001,187813566507,9801,SKINCARE,1155,EBR:ERBORIAN,4508,DAY CREAMS,6AA30144:GLOW CREME MPP 5ML,10,25,QAR,1878,A,,8809255782196
001,187813566509,9834,PLV,1155,EBR:ERBORIAN,6722,SAMPLES,6AA30145:GLOW CREME SAMPLE 1.5ML,0,.01,QAR,1878,A,,8809255782202
001,020416174680,9815,BEAUTY SET,1988,OCC:L'OCCITANE,3997,BEAUTY SET,01HNDUO22H:NEROLI HAND CARE DUO H2022,35.6,89,QAR,204,A,,020426174680
001,020416174681,9815,BEAUTY SET,1988,OCC:L'OCCITANE,3997,BEAUTY SET,01HADUO22H:ALMOND HAND CARE DUO H2022,35.6,89,QAR,204,A,,020426174681
001,020416174682,9815,BEAUTY SET,1988,OCC:L'OCCITANE,3997,BEAUTY SET,01HCDUO22H:SHEA HAND CARE DUO H2022,35.6,89,QAR,204,A,,020426174682
001,020416174683,9815,BEAUTY SET,1988,OCC:L'OCCITANE,3997,BEAUTY SET,01HPDUO22H:SHEA & PETIT DUO H2022,35.6,89,QAR,204,A,,020426174683
001,020416174684,9815,BEAUTY SET,1988,OCC:L'OCCITANE,3997,BEAUTY SET,10SDAYO122H:SINGLE'S DAY OFFER V1 2022,44.4,111,QAR,204,A,,020426174684
001,020416174685,9815,BEAUTY SET,1988,OCC:L'OCCITANE,3997,BEAUTY SET,10SDAYO222H:SINGLE'S DAY OFFER V2 2022,44.4,111,QAR,204,A,,020426174685
001,020416174686,9815,BEAUTY SET,1988,OCC:L'OCCITANE,3997,BEAUTY SET,10SDAYO322H:SINGLE'S DAY OFFER V3 2022,44.4,111,QAR,204,A,,020426174686
001,020416174687,9815,BEAUTY SET,1988,OCC:L'OCCITANE,3997,BEAUTY SET,12NOCOLL22:NEROLI ORCHIDEE COLLECTION 2022,178,510,QAR,204,A,,020426174687
001,020416174688,9815,BEAUTY SET,1988,OCC:L'OCCITANE,3997,BEAUTY SET,29ALBCVS22:ALMOND BODY CARE COLLECTION 2022,216.76,580,QAR,204,A,,020426174688
001,020416174689,9815,BEAUTY SET,1988,OCC:L'OCCITANE,3997,BEAUTY SET,29ALMIRVS22:ALMOND IRRESISTABLE COLLECTION 2022,147.6,380,QAR,204,A,,020426174689
001,020416174690,9815,BEAUTY SET,1988,OCC:L'OCCITANE,3997,BEAUTY SET,29ALMEXVS22:ALMOND EXFOLIATING SET 2022,175.6,460,QAR,204,A,,020426174690
001,020416174691,9815,BEAUTY SET,1988,OCC:L'OCCITANE,3997,BEAUTY SET,24CBVCOLL22:CHERRY BLOSSOM COLLECTION 2022,170,480,QAR,204,A,,020426174691
001,020416174692,9815,BEAUTY SET,1988,OCC:L'OCCITANE,3997,BEAUTY SET,01SBCOLL22:SHEA BUTTER BODY CARE COLLECTION 2022,191.5999,479,QAR,204,A,,020426174692
001,020416174693,9815,BEAUTY SET,1988,OCC:L'OCCITANE,3997,BEAUTY SET,11INBERBOX22:INCENSE BERMGAMOT COLLECTION 2022,259.6,699,QAR,204,A,,020426174693
001,020416174694,9828,TOILETRIES,1988,OCC:L'OCCITANE,6749,SET,01LAHCDUH22:LAVENDER HAND CARE DUO H2022,59.6,149,QAR,204,A,,020426174694
001,020416174695,9828,TOILETRIES,1988,OCC:L'OCCITANE,6749,SET,01VEHCDUH22:VERBENA HAND CARE DUO H2022,59.6,149,QAR,204,A,,020426174695
001,020416174792,9828,TOILETRIES,1988,OCC:L'OCCITANE,6749,SET,10HCCLTR22H:HAND CREAM CLASSIC TRIO 2022,47.6,119,QAR,204,A,,020426174792
001,020416174793,9828,TOILETRIES,1988,OCC:L'OCCITANE,6749,SET,10HCFLTR22H:HAND CREAM FLORAL TRIO 2022,47.6,119,QAR,204,A,,020426174793
001,020416174794,9815,BEAUTY SET,1988,OCC:L'OCCITANE,3997,BEAUTY SET,10HCSETR22H:HAND CREAM SEASON TRIO 2022,47.6,119,QAR,204,A,,020426174794
001,020416174795,9815,BEAUTY SET,1988,OCC:L'OCCITANE,3997,BEAUTY SET,10QUASG22H:QUATRO SHOWER GEL H2022,47.6,119,QAR,204,A,,020426174795
001,020416174796,9815,BEAUTY SET,1988,OCC:L'OCCITANE,3997,BEAUTY SET,29ALMFESH22:ALMOND FESTIVE SET H2022,127.6,319,QAR,204,A,,020426174796
001,020416174830,9828,TOILETRIES,1988,OCC:L'OCCITANE,6749,SET,29ALMBFEH22:ALMOND BOUTIQAAT FESTIVE SET H2022,127.6,319,QAR,204,A,,020426174830
001,020416174831,9815,BEAUTY SET,1988,OCC:L'OCCITANE,3997,BEAUTY SET,24CBFESH22:CHERRY BLOSSOM FESTIVE SET H2022,91.6,229,QAR,204,A,,020426174831
001,020416174832,9828,TOILETRIES,1988,OCC:L'OCCITANE,6749,SET,15VEFESH22:VERBENA FESTIVE SET H2022,91.6,229,QAR,204,A,,020426174832
001,020416174833,9828,TOILETRIES,1988,OCC:L'OCCITANE,6749,SET,01SBFESH22:SHEA BUTTER FESTIVE SET H2022,115.6,289,QAR,204,A,,020426174833
001,020416174834,9815,BEAUTY SET,1988,OCC:L'OCCITANE,3997,BEAUTY SET,12NOFESH22:NEROLI FESTIVE SET H2022,79.6,199,QAR,204,A,,020426174834
001,020416174835,9815,BEAUTY SET,1988,OCC:L'OCCITANE,3997,BEAUTY SET,29ALTRSE22:ALMOND TRAVEL SET,51.6,130,QAR,204,A,,781005621192
001,020416174835,9815,BEAUTY SET,1988,OCC:L'OCCITANE,3997,BEAUTY SET,29ALTRSE22:ALMOND TRAVEL SET,51.6,130,QAR,204,A,,020426174835
001,020416174836,9815,BEAUTY SET,1988,OCC:L'OCCITANE,3997,BEAUTY SET,10HCPRTS22:HAND PROTECTION TRAVEL KITS,39.6,99,QAR,204,A,,020426174836
001,020416174837,9834,PLV,1988,OCC:L'OCCITANE,6640,PROMOTIONAL MATERIALS,10GWPHQH22:SEASON GWP H2022,0,.01,QAR,204,A,,020426174837
001,020416174838,9834,PLV,1988,OCC:L'OCCITANE,6640,PROMOTIONAL MATERIALS,10GWPCRM22:SEASON CRM GWP H2022,0,.01,QAR,204,A,,020426174838
001,020416174839,9834,PLV,1988,OCC:L'OCCITANE,6640,PROMOTIONAL MATERIALS,10GWPECE22:SEASON ECOMMERCE GWP H2022,0,.01,QAR,204,A,,020426174839
001,020416178667,9834,PLV,1988,OCC:L'OCCITANE,6640,PROMOTIONAL MATERIALS,80FIPOQ22:L'OCCITANE TRAIN CASE 2023,0,.01,QAR,204,A,,020426178667
001,020416183961,9834,PLV,1988,OCC:L'OCCITANE,6977,WRAPPING MATERIALS,52RBO2NO22:2022 HOLIDAY ROUND BOX 2,0,.01,QAR,204,A,,3253581863558
001,020416183963,9828,TOILETRIES,1988,OCC:L'OCCITANE,3991,BATH & BODY,24CC150R22H:R. PEAR BODY CREAM 150ML,55.6,160,QAR,204,A,,3253581761489
001,020416183964,9834,PLV,1988,OCC:L'OCCITANE,6977,WRAPPING MATERIALS,52RBO3NO22:2022 HOLIDAY ROUND BOX 3,0,.01,QAR,204,A,,3253581863541
001,020416183965,9834,PLV,1988,OCC:L'OCCITANE,6977,WRAPPING MATERIALS,52MMBBNO22F:2022 HOLIDAY MEDIUM BOX 1F,0,.01,QAR,204,A,,3253581862995
001,020416183966,9815,BEAUTY SET,1988,OCC:L'OCCITANE,3997,BEAUTY SET,15ORVER22:2022 HOLIDAY VERBENA ORNAMENT,27.6,50,QAR,204,A,,3253581762301
001,020416183967,9834,PLV,1988,OCC:L'OCCITANE,6977,WRAPPING MATERIALS,52MMBYNO22F:2022 HOLIDAY MEDIUM BOX 3F,0,.01,QAR,204,A,,3253581862971
001,020416183969,9801,SKINCARE,1988,OCC:L'OCCITANE,4344,CLEANSERS,27MII150I22:IMM PREC INTENSE FOAM 150ML,52.9339,135,QAR,204,A,,3253581760178
001,020416183970,9828,TOILETRIES,1988,OCC:L'OCCITANE,4634,HAND & FOOT CARE,49BM010K23:SHEA INTENSIVE HAND BALM 10ML,5.2001,15,QAR,204,A,,3253581761601
001,020416183971,9801,SKINCARE,1988,OCC:L'OCCITANE,4508,DAY CREAMS,49CP004I22:PRECIEUSE CREAM 4ML,11.6001,30,QAR,204,A,,3253581758182
001,020416183972,9834,PLV,1988,OCC:L'OCCITANE,6977,WRAPPING MATERIALS,52RIB1NO22:2022 HOLIDAY RIBBON 1,0,.01,QAR,204,A,,3253581862711
001,020416208235,9834,PLV,1988,OCC:L'OCCITANE,6640,PROMOTIONAL MATERIALS,10GWPLQH22:SEASON GWP LQ2022,0,.01,QAR,204,A,,020426208235
001,020416208236,9815,BEAUTY SET,1988,OCC:L'OCCITANE,3997,BEAUTY SET,01SBCOLL222:SHEA BUTTER BODY CARE COLLECTION 2022,179.6,480,QAR,204,A,,020426208236
001,020416208259,9815,BEAUTY SET,1988,OCC:L'OCCITANE,3997,BEAUTY SET,24ROSCOL22:ROSE COLLECTION 2022,175.6,480,QAR,204,A,,020426208259
001,020416208260,9815,BEAUTY SET,1988,OCC:L'OCCITANE,3997,BEAUTY SET,24ROPCOL22H:ROSE PEAR COLLECTION 2022,155.6,425,QAR,204,A,,020426208260
001,020416208269,9815,BEAUTY SET,1988,OCC:L'OCCITANE,3997,BEAUTY SET,01GLSBS22H:GOLDEN LATTE COLLECTION 1,106,265,QAR,204,A,,020426208269
001,020416208270,9815,BEAUTY SET,1988,OCC:L'OCCITANE,3997,BEAUTY SET,01GLSBB22H:GOLDEN LATTE COLLECTION 2,146,365,QAR,204,A,,020426208270
001,020416208271,9815,BEAUTY SET,1988,OCC:L'OCCITANE,3997,BEAUTY SET,01CNSBS22H:CHESTNUT COLLECTION 1,106,265,QAR,204,A,,020426208271
001,020416208272,9815,BEAUTY SET,1988,OCC:L'OCCITANE,3997,BEAUTY SET,01CNSBB22H:CHESTNUT COLLECTION 2,146,365,QAR,204,A,,020426208272
001,020416208646,9813,FRAGRANCES,1988,OCC:L'OCCITANE,4538,EAU DE TOILETTE,20ET075CD21:EAU DE TOILETTE CEDRAT 75ML,107.6,315,QAR,204,A,,3253581765395
001,020416208647,9850,HAIR CARE,1988,OCC:L'OCCITANE,3903,AFTER SHAMPOO,98BBAS035AR4:5 ESSENT OILS CONDIT 35ML,5.2,15,QAR,204,A,,3253581749470
001,020416208648,9850,HAIR CARE,1988,OCC:L'OCCITANE,6753,SHAMPOO,98BBSH050AR4:5 ESSENT OILS SHAMP 50ML,0,.01,QAR,204,A,,3253581749371
001,020416208650,9850,HAIR CARE,1988,OCC:L'OCCITANE,3903,AFTER SHAMPOO,98BBAS050AR4:5 ESSENT OILS CONDIT 50ML,0,.01,QAR,204,A,,3253581749487
001,020416208660,9828,TOILETRIES,1988,OCC:L'OCCITANE,4634,HAND & FOOT CARE,01HN0075K23:SHEA NOUR NAIL CUT OIL 75ML,34.0005,85,QAR,204,A,,3253581753019
001,020416208661,9834,PLV,1988,OCC:L'OCCITANE,6977,WRAPPING MATERIALS,52MGENSA21GPS:MEDIUM GENERIC SACHET GPS,0,.01,QAR,204,A,,3253581864708
001,020416208662,9834,PLV,1988,OCC:L'OCCITANE,6977,WRAPPING MATERIALS,52RIBOXNO22:2022 HOLIDAY RIBBON MEDIUM BOX,0,.01,QAR,204,A,,3253581863909
001,020416276861,9828,TOILETRIES,1988,OCC:L'OCCITANE,3991,BATH & BODY,01HD0500K22:SHEA ROSE SHOWER OIL 500ML,67.6,199,QAR,204,A,,3253581759967
001,020416276863,9828,TOILETRIES,1988,OCC:L'OCCITANE,4634,HAND & FOOT CARE,01SA500KN22:SHEA NEROL LIQ SOAP QVC 500ML,16.3477,8.32,QAR,204,A,,3253581761663
001,020416276864,9828,TOILETRIES,1988,OCC:L'OCCITANE,4634,HAND & FOOT CARE,01SA1000KVB22:SB VERB LIQ SOAP RE QVC 1000ML,70,190,QAR,204,A,,3253581761649
001,020416276865,9828,TOILETRIES,1988,OCC:L'OCCITANE,4634,HAND & FOOT CARE,01BM150K23:SHEA INTENSIVE HAND BALM 150ML,63.6318,160,QAR,204,A,,3253581765227
001,020416276866,9828,TOILETRIES,1988,OCC:L'OCCITANE,4634,HAND & FOOT CARE,01SA1000KA22:SB ALM LIQ SOAP RE QVC 1000ML,70,190,QAR,204,A,,3253581761656
001,020416276867,9850,HAIR CARE,1988,OCC:L'OCCITANE,6753,SHAMPOO,11SH300AD22:ANTI DANDRUFF SH 300ML,46,115,QAR,204,A,,3253581759837
001,020416276868,9828,TOILETRIES,1988,OCC:L'OCCITANE,4634,HAND & FOOT CARE,11CM030H23:HERBAE 23 HAND CREAM 30ML,19.6,49,QAR,204,A,,3253581762707
001,020416276869,9828,TOILETRIES,1988,OCC:L'OCCITANE,3991,BATH & BODY,11SA100H23:HERBAE 23 SOAP 100GR,14,35,QAR,204,A,,3253581762714
001,020416276870,9828,TOILETRIES,1988,OCC:L'OCCITANE,3991,BATH & BODY,01CD250K23:SHEA SHOWER CREAM 250ML,39.6,99,QAR,204,A,,3253581761588
001,020416276871,9828,TOILETRIES,1988,OCC:L'OCCITANE,4634,HAND & FOOT CARE,01BM050K23:SHEA INTENSIVE HAND BALM 50ML,39.6,99,QAR,204,A,,3253581742662
001,020416276875,9813,FRAGRANCES,1988,OCC:L'OCCITANE,4538,EAU DE TOILETTE,24EDT050CBL23:CHERRY 23 EAU DE TOILETTE 50ML,91.6,315,QAR,204,A,,3253581762547
001,020416276876,9813,FRAGRANCES,1988,OCC:L'OCCITANE,4538,EAU DE TOILETTE,49ET007R22:ROSE EAU DE TOILETTE 75ML,14,40,QAR,204,A,,3253581760604
001,020416276877,9828,TOILETRIES,1988,OCC:L'OCCITANE,3991,BATH & BODY,01CCJ200K22:SHEA IMM YOUTH BALM 200ML,131.1951,330,QAR,204,A,,3253581742020
001,020416276878,9828,TOILETRIES,1988,OCC:L'OCCITANE,3991,BATH & BODY,01SAR500KA20:SHEA ALMOND SOAP REFILL 500ML,35.6,110,QAR,204,A,,3253581754665
001,020416276879,9828,TOILETRIES,1988,OCC:L'OCCITANE,3991,BATH & BODY,11LC250H23:HERBAE 23 BODY LOTION 250ML,54,155,QAR,204,A,,3253581762677
001,020416276880,9828,TOILETRIES,1988,OCC:L'OCCITANE,3991,BATH & BODY,11GD250H23:HERBAE 23 SHOWER GEL 250ML,35.6,99,QAR,204,A,,3253581762653
001,020416276881,9828,TOILETRIES,1988,OCC:L'OCCITANE,3991,BATH & BODY,24LC250CBL23:CHERRY 23 SHIM BODY MILK 250ML,54,155,QAR,204,A,,3253581762585
001,020416276882,9828,TOILETRIES,1988,OCC:L'OCCITANE,3991,BATH & BODY,24GD250CBL23:CHERRY 23 SHOWER GEL 250ML,35.6,99,QAR,204,A,,3253581762561
001,020416276883,9828,TOILETRIES,1988,OCC:L'OCCITANE,4634,HAND & FOOT CARE,24CM030CBL23:CHERRY 23 HAND CREAM 30ML,19.6,49,QAR,204,A,,3253581762608
001,020416276884,9828,TOILETRIES,1988,OCC:L'OCCITANE,4634,HAND & FOOT CARE,01EM030K23:SHEA HAND SCRUB 30ML,19.6,60,QAR,204,A,,3253581762028
001,020416276888,9801,SKINCARE,1988,OCC:L'OCCITANE,4344,CLEANSERS,27MP150I22:PRECIOUS FOAM 150ML,51.6,135,QAR,204,A,,3253581758519
001,020416276892,9828,TOILETRIES,1988,OCC:L'OCCITANE,3991,BATH & BODY,98BBSA025VE4:VERBENA SOAP 25GR RSPO MB,5,15,QAR,204,A,,3253581764787
001,020416276893,9828,TOILETRIES,1988,OCC:L'OCCITANE,4634,HAND & FOOT CARE,24MA030CB21:CHE BLOSSOM HAND CREAM 30ML,19.6,49,QAR,204,A,,3253581754085
001,020416276895,9834,PLV,1988,OCC:L'OCCITANE,6640,PROMOTIONAL MATERIALS,98BBPOUGEN22:B2B GENERIC POUCH,0,.01,QAR,204,A,,3253581864609
001,020416277844,9834,PLV,1988,OCC:L'OCCITANE,6977,WRAPPING MATERIALS,80RACALBX23:RAMADAN CALENDAR BIG BOX 2023,0,0,QAR,204,A,,020426277844
001,020416277846,9834,PLV,1988,OCC:L'OCCITANE,6977,WRAPPING MATERIALS,80RASPB123:RAMADAN CALENDAR SMALL BOX NO. 1,0,0,QAR,204,A,,020426277846
001,020416277847,9834,PLV,1988,OCC:L'OCCITANE,6977,WRAPPING MATERIALS,80RASPB223:RAMADAN CALENDAR SMALL BOX NO. 2,0,0,QAR,204,A,,020426277847
001,020416277848,9834,PLV,1988,OCC:L'OCCITANE,6977,WRAPPING MATERIALS,80RASPB323:RAMADAN CALENDAR SMALL BOX NO. 3,0,0,QAR,204,A,,020426277848
001,020416277849,9834,PLV,1988,OCC:L'OCCITANE,6977,WRAPPING MATERIALS,80RASPB423:RAMADAN CALENDAR SMALL BOX NO. 4,0,0,QAR,204,A,,020426277849
001,020416277850,9834,PLV,1988,OCC:L'OCCITANE,6977,WRAPPING MATERIALS,80RASPB523:RAMADAN CALENDAR SMALL BOX NO. 5,0,0,QAR,204,A,,020426277850
001,020416277851,9834,PLV,1988,OCC:L'OCCITANE,6977,WRAPPING MATERIALS,80RASPB623:RAMADAN CALENDAR SMALL BOX NO. 6,0,0,QAR,204,A,,020426277851
001,020416277852,9834,PLV,1988,OCC:L'OCCITANE,6977,WRAPPING MATERIALS,80RASPB723:RAMADAN CALENDAR SMALL BOX NO. 7,0,0,QAR,204,A,,020426277852
001,020416277853,9834,PLV,1988,OCC:L'OCCITANE,6977,WRAPPING MATERIALS,80RASPB823:RAMADAN CALENDAR SMALL BOX NO. 8,0,0,QAR,204,A,,020426277853
001,020416277854,9834,PLV,1988,OCC:L'OCCITANE,6977,WRAPPING MATERIALS,80RASPB923:RAMADAN CALENDAR SMALL BOX NO. 9,0,0,QAR,204,A,,020426277854
001,020416277855,9834,PLV,1988,OCC:L'OCCITANE,6977,WRAPPING MATERIALS,80RASPB1023:RAMADAN CALENDAR SMALL BOX NO. 10,0,0,QAR,204,A,,020426277855
001,020416277856,9834,PLV,1988,OCC:L'OCCITANE,6977,WRAPPING MATERIALS,80RASPB1123:RAMADAN CALENDAR SMALL BOX NO. 11,0,0,QAR,204,A,,020426277856
001,020416277857,9834,PLV,1988,OCC:L'OCCITANE,6977,WRAPPING MATERIALS,80RASPB1223:RAMADAN CALENDAR SMALL BOX NO. 12,0,0,QAR,204,A,,020426277857
001,020416277858,9834,PLV,1988,OCC:L'OCCITANE,6977,WRAPPING MATERIALS,80RASPB1323:RAMADAN CALENDAR SMALL BOX NO. 13,0,0,QAR,204,A,,020426277858
001,020416277859,9834,PLV,1988,OCC:L'OCCITANE,6977,WRAPPING MATERIALS,80RASPB1423:RAMADAN CALENDAR SMALL BOX NO. 14,0,0,QAR,204,A,,020426277859
001,020416277860,9834,PLV,1988,OCC:L'OCCITANE,6977,WRAPPING MATERIALS,80RASPB1523:RAMADAN CALENDAR SMALL BOX NO. 15,0,0,QAR,204,A,,020426277860
001,020416277861,9834,PLV,1988,OCC:L'OCCITANE,6977,WRAPPING MATERIALS,80RASPB1623:RAMADAN CALENDAR SMALL BOX NO. 16,0,0,QAR,204,A,,020426277861
001,020416277862,9834,PLV,1988,OCC:L'OCCITANE,6977,WRAPPING MATERIALS,80RASPB1723:RAMADAN CALENDAR SMALL BOX NO. 17,0,0,QAR,204,A,,020426277862
001,020416277863,9834,PLV,1988,OCC:L'OCCITANE,6977,WRAPPING MATERIALS,80RASPB1823:RAMADAN CALENDAR SMALL BOX NO. 18,0,0,QAR,204,A,,020426277863
001,020416277864,9834,PLV,1988,OCC:L'OCCITANE,6977,WRAPPING MATERIALS,80RASPB1923:RAMADAN CALENDAR SMALL BOX NO. 19,0,0,QAR,204,A,,020426277864
001,020416277865,9834,PLV,1988,OCC:L'OCCITANE,6977,WRAPPING MATERIALS,80RASPB2023:RAMADAN CALENDAR SMALL BOX NO. 20,0,0,QAR,204,A,,020426277865
001,020416277866,9834,PLV,1988,OCC:L'OCCITANE,6977,WRAPPING MATERIALS,80RASPB2123:RAMADAN CALENDAR SMALL BOX NO. 21,0,0,QAR,204,A,,020426277866
001,020416277867,9834,PLV,1988,OCC:L'OCCITANE,6977,WRAPPING MATERIALS,80RASPB2223:RAMADAN CALENDAR SMALL BOX NO. 22,0,0,QAR,204,A,,020426277867
001,020416277868,9834,PLV,1988,OCC:L'OCCITANE,6977,WRAPPING MATERIALS,80RASPB2323:RAMADAN CALENDAR SMALL BOX NO. 23,0,0,QAR,204,A,,020426277868
001,020416277869,9834,PLV,1988,OCC:L'OCCITANE,6977,WRAPPING MATERIALS,80RASPB2423:RAMADAN CALENDAR SMALL BOX NO. 24,0,0,QAR,204,A,,020426277869
001,020416277870,9834,PLV,1988,OCC:L'OCCITANE,6977,WRAPPING MATERIALS,80RASPB2523:RAMADAN CALENDAR SMALL BOX NO. 25,0,0,QAR,204,A,,020426277870
001,020416277871,9834,PLV,1988,OCC:L'OCCITANE,6977,WRAPPING MATERIALS,80RASPB2623:RAMADAN CALENDAR SMALL BOX NO. 26,0,0,QAR,204,A,,020426277871
001,020416277872,9834,PLV,1988,OCC:L'OCCITANE,6977,WRAPPING MATERIALS,80RASPB2723:RAMADAN CALENDAR SMALL BOX NO. 27,0,0,QAR,204,A,,020426277872
001,020416277873,9834,PLV,1988,OCC:L'OCCITANE,6977,WRAPPING MATERIALS,80RASPB2823:RAMADAN CALENDAR SMALL BOX NO. 28,0,0,QAR,204,A,,020426277873
001,020416277874,9834,PLV,1988,OCC:L'OCCITANE,6977,WRAPPING MATERIALS,80RASPB2923:RAMADAN CALENDAR SMALL BOX NO. 29,0,0,QAR,204,A,,020426277874
001,020416277875,9834,PLV,1988,OCC:L'OCCITANE,6977,WRAPPING MATERIALS,80RASPB3023:RAMADAN CALENDAR SMALL BOX NO. 30,0,0,QAR,204,A,,020426277875
001,020416277876,9834,PLV,1988,OCC:L'OCCITANE,6977,WRAPPING MATERIALS,80VERAB23:VERBENA FESTIVE BOX 2023,0,0,QAR,204,A,,020426277876
001,020416277878,9834,PLV,1988,OCC:L'OCCITANE,6977,WRAPPING MATERIALS,80SBRAB23:SHEA BUTTER FESTIVE BOX 2023,0,0,QAR,204,A,,020426277878
001,020416277879,9834,PLV,1988,OCC:L'OCCITANE,6977,WRAPPING MATERIALS,80NORAB23:NEROLI FESTIVE BOX 2023,0,0,QAR,204,A,,020426277879
001,020416277880,9834,PLV,1988,OCC:L'OCCITANE,6977,WRAPPING MATERIALS,80CBRAB23:CHERRY BLOSSOM FESTIVE BOX 2023,0,0,QAR,204,A,,020426277880
001,020416277881,9834,PLV,1988,OCC:L'OCCITANE,6977,WRAPPING MATERIALS,80CRABOX623:CRACKER BOX 6 PCS 2023,0,0,QAR,204,A,,020426277881
001,020416277882,9834,PLV,1988,OCC:L'OCCITANE,6977,WRAPPING MATERIALS,80CRABOX823:CRACKER BOX 8 PCS 2023,0,0,QAR,204,A,,020426277882
001,020416287106,9828,TOILETRIES,1988,OCC:L'OCCITANE,3991,BATH & BODY,98BBSA050A1:ALMOND SOAP 50GR RSPO MB,1.4933,.76,QAR,204,A,,3253581590133
001,020416287108,9801,SKINCARE,1988,OCC:L'OCCITANE,4508,DAY CREAMS,38SC015RB23:RB TARGETED CARE 15ML,122.0628,310,QAR,204,A,,3253581762516
001,020416287109,9801,SKINCARE,1988,OCC:L'OCCITANE,4508,DAY CREAMS,49CP008I22:PRECIOUS CREAM 8ML,2.9865,50,QAR,204,A,,3253581760932
001,020416287110,9801,SKINCARE,1988,OCC:L'OCCITANE,4508,DAY CREAMS,49EV030I22:ESSENTIAL WATER 30ML,3.3403,20,QAR,204,A,,3253581758687
001,020416287486,9815,BEAUTY SET,1988,OCC:L'OCCITANE,3997,BEAUTY SET,29ALBCVS222:ALMOND BODY CARE COLLECTION 2022 V2,179.6,580,QAR,204,A,,020426287486
001,020414212746,9815,BEAUTY SET,1988,OCC:L'OCCITANE,3997,BEAUTY SET,15VERSET18:VERBENA CLASSIC SET 2018,175.6,439,QAR,204,A,,020424212746
001,020414212747,9815,BEAUTY SET,1988,OCC:L'OCCITANE,3997,BEAUTY SET,15CVERSET18:CITRUS VERBENA SET 2018,175.6,439,QAR,204,A,,020424212747
001,020414212748,9828,TOILETRIES,1988,OCC:L'OCCITANE,6749,SET,10HCTRIO18:HAND CREAM TRIO 2018,51.6001,129,QAR,204,A,,020424212748
001,020414216545,9812,GWP,1988,OCC:L'OCCITANE,4624,GWP,49DECGWP18:DECEMBER 2018 GWP,0,.01,QAR,204,C,,020424216545
001,020414220800,9834,PLV,1988,OCC:L'OCCITANE,4523,DISPLAY FURNITURE,55HOCAVITS:HANGING FRAME FOR WINDOW,0,.01,QAR,204,C,,3253581507711
001,020414220802,9834,PLV,1988,OCC:L'OCCITANE,4523,DISPLAY FURNITURE,55HOGRIVIS:GRID AND PULLEY FOR WINDOW,0,.01,QAR,204,C,,3253581507728
001,020414231802,9834,PLV,1988,OCC:L'OCCITANE,6977,WRAPPING MATERIALS,80NOBOX18:NEROLI SET BOX 2018,6.6639,3.66,QAR,204,A,,020424231802
001,020414231804,9834,PLV,1988,OCC:L'OCCITANE,6977,WRAPPING MATERIALS,80TDLINBX18:TDL INTENSE BOX (BURGUNDY COLOUR),8.5203,4.68,QAR,204,A,,020424231804
001,020414231805,9834,PLV,1988,OCC:L'OCCITANE,6977,WRAPPING MATERIALS,80TDLLEBX18:TDL L'EAU BOX (PINK COLOUR),8.5211,4.68,QAR,204,A,,020424231805
001,020414231806,9834,PLV,1988,OCC:L'OCCITANE,6977,WRAPPING MATERIALS,80TDLCLBX18:TDL CLASSIC BOX (GOLD COLOUR),8.5211,4.68,QAR,204,A,,020424231806
001,020414231807,9834,PLV,1988,OCC:L'OCCITANE,6977,WRAPPING MATERIALS,80BOXDI18:DIVINE BOX 2018,10.0141,5.5,QAR,204,A,,020424231807
001,020414236407,9801,SKINCARE,1988,OCC:L'OCCITANE,4344,CLEANSERS,20NV150CD16A:CEDRAT FACE CLEANSER 150ML,39.6,99,QAR,204,C,,3253581453094
001,020414236409,9801,SKINCARE,1988,OCC:L'OCCITANE,6744,SERUM,49OR005I18:IMM OVERN RESET SERUM 5ML,9.52,40,QAR,204,A,,3253581521397
001,020414236410,9834,PLV,1988,OCC:L'OCCITANE,6640,PROMOTIONAL MATERIALS,49PO1NH18:2018 OVERNIGHT POUCH 1,0,.01,QAR,204,A,,3253581521540
001,020414236411,9834,PLV,1988,OCC:L'OCCITANE,6640,PROMOTIONAL MATERIALS,49POURE18:2018 REOTIER POUCH,0,.01,QAR,204,A,,3253581506929
001,020414236412,9834,PLV,1988,OCC:L'OCCITANE,6977,WRAPPING MATERIALS,52GIFTAG18:KIT 300 GENERIC GIFT TAG 2018,0,.01,QAR,204,A,,3253581506424
001,020414236413,9834,PLV,1988,OCC:L'OCCITANE,4524,DISPLAY MATERIALS,52KITTNI18:TABLE KIT NIGHT OIL SERUM 2018,0,.01,QAR,204,C,,3253581521496
001,020414236414,9834,PLV,1988,OCC:L'OCCITANE,4524,DISPLAY MATERIALS,52KTROSE18:TABLE KIT ROSE 2018,0,.01,QAR,204,C,,3253581542040
001,020414236415,9834,PLV,1988,OCC:L'OCCITANE,4524,DISPLAY MATERIALS,54BIGLIGHT018:2018 N OIL SERUM BIG LIGHT,0,.01,QAR,204,C,,3253581550380
001,020414236416,9834,PLV,1988,OCC:L'OCCITANE,4524,DISPLAY MATERIALS,54FA018NI:2018 N. OIL SERUM GIANT DUMMY,0,.01,QAR,204,C,,3253581521458
001,020414236417,9834,PLV,1988,OCC:L'OCCITANE,4524,DISPLAY MATERIALS,54WK018NI:2018 N. OIL SERUM WINDOW KIT,0,.01,QAR,204,C,,3253581521588
001,020414236418,9834,PLV,1988,OCC:L'OCCITANE,4524,DISPLAY MATERIALS,54WKROSE2018:WINDOW KIT ROSE 2018,0,.01,QAR,204,C,,3253581542026
001,020414236419,9834,PLV,1988,OCC:L'OCCITANE,4523,DISPLAY FURNITURE,55HOCA100S:1000X600MM VISUAL METAL FRAME,0,.01,QAR,204,C,,3253581507650
001,020414236420,9834,PLV,1988,OCC:L'OCCITANE,4523,DISPLAY FURNITURE,55HOCAKARS:900X500MM SHEA BUTTER FRAME,0,.01,QAR,204,C,,3253581507469
001,020414236421,9834,PLV,1988,OCC:L'OCCITANE,4523,DISPLAY FURNITURE,55HODICADS:DIVINE TRIPTYCH CENTRAL FRAME,0,.01,QAR,204,A,,3253581508015
001,020414236422,9834,PLV,1988,OCC:L'OCCITANE,4523,DISPLAY FURNITURE,55HOTAEMBS:1071MM FULDING WRAPPING TABLE,0,.01,QAR,204,A,,3253581507599
001,020414237699,9815,BEAUTY SET,1988,OCC:L'OCCITANE,3997,BEAUTY SET,12NOSETN18:NEROLI & ORCHIDEE NEW SET 2018,159.6,445,QAR,204,A,,020424237699
001,020414237700,9815,BEAUTY SET,1988,OCC:L'OCCITANE,3997,BEAUTY SET,18TDLSETN18:TERRE DE LUMIERE NEW SET 2018,199.6,499,QAR,204,A,,020424237700
001,020414237706,9815,BEAUTY SET,1988,OCC:L'OCCITANE,3997,BEAUTY SET,18TDLINSET18:TDL INTENSE SET 2018,259.6,649,QAR,204,A,,020424237706
001,020414237823,9815,BEAUTY SET,1988,OCC:L'OCCITANE,3997,BEAUTY SET,18TDLLSETN18:TERRE DE LUMIERE L'EAU NEW SET 2018,194,485,QAR,204,A,,020424237823
001,020414253179,9801,SKINCARE,1988,OCC:L'OCCITANE,6749,SET,27DIVSETN18:DIVINE FACE CARE NEW SET 2018,399.6,1045,QAR,204,A,,020424253179
001,020414253180,9834,PLV,1988,OCC:L'OCCITANE,6640,PROMOTIONAL MATERIALS,29SEPGWP18:SEPTEMBER 2018 GWP,0,0,QAR,204,A,,020424253180
001,020414254999,9801,SKINCARE,1988,OCC:L'OCCITANE,5647,LIP BALMS/FILLERS/MOISTURISER,01BL012K18H:SHEA L.E. LIP BALM 12ML,22,55,QAR,204,A,,3253581548776
001,020414255001,9801,SKINCARE,1988,OCC:L'OCCITANE,5647,LIP BALMS/FILLERS/MOISTURISER,01BR012K18H:SHEA LE ROSE LIP BALM 12ML,22,55,QAR,204,A,,3253581542927
001,020414255002,9801,SKINCARE,1988,OCC:L'OCCITANE,5647,LIP BALMS/FILLERS/MOISTURISER,01BW012K18H:SHEA LE TEA LIP BALM 12ML,22,55,QAR,204,A,,3253581542934
001,020414255003,9828,TOILETRIES,1988,OCC:L'OCCITANE,3991,BATH & BODY,01CL050K18H:SHEA LE UL BODY CR TEA 50ML,22.0001,55,QAR,204,A,,3253581543023
001,020414255005,9828,TOILETRIES,1988,OCC:L'OCCITANE,3991,BATH & BODY,01CP050K18H:SHEA L.E. UR BODY CREAM 50ML,22.0001,55,QAR,204,A,,3253581543030
001,020414255011,9828,TOILETRIES,1988,OCC:L'OCCITANE,4634,HAND & FOOT CARE,01MA030K18H:SHEA L.E. HAND CREAM 30ML,19.6,49,QAR,204,A,,3253581542897
001,020414255013,9828,TOILETRIES,1988,OCC:L'OCCITANE,4634,HAND & FOOT CARE,01MF030K18H:SHEA LE WHIP TEA HAND CR 30ML,19.6,49,QAR,204,A,,3253581542910
001,020414255014,9828,TOILETRIES,1988,OCC:L'OCCITANE,4634,HAND & FOOT CARE,01MF150K18H:SHEA LE WHIP TEA HAND C 150ML,51.6,135,QAR,204,C,,3253581542989
001,020414255015,9828,TOILETRIES,1988,OCC:L'OCCITANE,4634,HAND & FOOT CARE,01MR030K18H:SHEA LE ROSE HAND CREAM 30ML,19.6,49,QAR,204,A,,3253581542903
001,020414255016,9828,TOILETRIES,1988,OCC:L'OCCITANE,4634,HAND & FOOT CARE,12MA075NO18:NEROLI ORCHID HAND CREAM 75ML,38,99,QAR,204,A,,3253581542668
001,020414255017,9801,SKINCARE,1988,OCC:L'OCCITANE,6744,SERUM,27DS030I17A:IMM DIVINE SERUM 30ML,199.6,499,QAR,204,A,,3253581506998
001,020414255020,9801,SKINCARE,1988,OCC:L'OCCITANE,5647,LIP BALMS/FILLERS/MOISTURISER,49BL004K18H:SHEA L.E. LIP BALM 4ML,6.0001,15,QAR,204,A,,3253581543078
001,020414255021,9801,SKINCARE,1988,OCC:L'OCCITANE,5647,LIP BALMS/FILLERS/MOISTURISER,49BR004K18H:SHEA LE ROSE LIP BALM 4ML,6.0001,15,QAR,204,A,,3253581543085
001,020414255022,9834,PLV,1988,OCC:L'OCCITANE,6640,PROMOTIONAL MATERIALS,49CLUNO18:2018 HOLIDAY WOMEN CLUTCH,0,.01,QAR,204,A,,3253581548950
001,020414255023,9828,TOILETRIES,1988,OCC:L'OCCITANE,3991,BATH & BODY,49HD035K18H:SHEA L.E.SHOWER OIL 35ML,6.0001,15,QAR,204,A,,3253581543184
001,020414255024,9834,PLV,1988,OCC:L'OCCITANE,6640,PROMOTIONAL MATERIALS,49LIMNO18:2018 HOLIDAY NAIL FILE,0,.01,QAR,204,A,,3253581548707
001,020414255025,9828,TOILETRIES,1988,OCC:L'OCCITANE,4634,HAND & FOOT CARE,49MA010K18H:SHEA L.E. HAND CREAM 10ML,6.0001,15,QAR,204,A,,3253581543047
001,020414255026,9828,TOILETRIES,1988,OCC:L'OCCITANE,4634,HAND & FOOT CARE,49MR010K18H:SHEA LE ROSE HAND CREAM 10ML,6.0001,15,QAR,204,A,,3253581543054
001,020414255027,9834,PLV,1988,OCC:L'OCCITANE,6977,WRAPPING MATERIALS,49QAMCA18:2018 HOLIDAY TIN ALMOND QUATUO,0,.01,QAR,204,A,,3253581549315
001,020414255028,9834,PLV,1988,OCC:L'OCCITANE,6977,WRAPPING MATERIALS,49QKACA18:2018 HOLIDAY TIN SHEA QUATUOR,0,.01,QAR,204,A,,3253581549308
001,020414255029,9834,PLV,1988,OCC:L'OCCITANE,6640,PROMOTIONAL MATERIALS,49TRCNO18:2018 HOLIDAY CONVERSION POUCH,0,.01,QAR,204,A,,3253581507001
001,020414255030,9834,PLV,1988,OCC:L'OCCITANE,6957,UNIFORMS,52ABANO18:2018 HOLIDAY BA SET OF 3 PINS,0,.01,QAR,204,C,,3253581550304
001,020414255031,9834,PLV,1988,OCC:L'OCCITANE,6977,WRAPPING MATERIALS,52HAKCA18:2018 HOLIDAY HUGS & KISSES,0,.01,QAR,204,A,,3253581507087
001,020414255032,9834,PLV,1988,OCC:L'OCCITANE,6977,WRAPPING MATERIALS,52SAVCA18:2018 HOLIDAY SOAP DUO,0,.01,QAR,204,A,,3253581507100
001,020414255033,9834,PLV,1988,OCC:L'OCCITANE,6957,UNIFORMS,52SBANO18:2018 HOLIDAY BA SCARF,0,.01,QAR,204,C,,3253581507070
001,020414255034,9834,PLV,1988,OCC:L'OCCITANE,4524,DISPLAY MATERIALS,52SCEDIF17:SCENT DIFFUSER 2017,0,.01,QAR,204,C,,3253581507285
001,020414255035,9834,PLV,1988,OCC:L'OCCITANE,6640,PROMOTIONAL MATERIALS,52SSROSE18:300 SCENT STRIP ROSE 2018,0,.01,QAR,204,C,,3253581542033
001,020414255036,9834,PLV,1988,OCC:L'OCCITANE,6977,WRAPPING MATERIALS,52TRICA18:2018 HOLIDAY CASTEL HAND TRIO,0,.01,QAR,204,A,,3253581507094
001,020414255037,9843,AMBIENT SCENTS,1988,OCC:L'OCCITANE,6733,SCENTED LIQUID,52VERREF17:VERBENA PERFUME REFILL 2017,0,.01,QAR,204,A,,3253581507292
001,020414267193,9834,PLV,1988,OCC:L'OCCITANE,4524,DISPLAY MATERIALS,52TKHHH18:HOLIDAY18 TABLE KIT P1,85.0702,.01,QAR,204,C,,3253581550083
001,020414267199,9815,BEAUTY SET,1988,OCC:L'OCCITANE,3997,BEAUTY SET,24KTCBL18:XMAS 2018 CHERRY BLOSSOM WHS KIT,91.6,165,QAR,204,C,,3253581550274
001,020414267201,9828,TOILETRIES,1988,OCC:L'OCCITANE,6749,SET,15KTVER18:XMAS 2018 VERBENA WHS KIT,91.6,165,QAR,204,C,,3253581550281
001,020414267202,9815,BEAUTY SET,1988,OCC:L'OCCITANE,3997,BEAUTY SET,29BLALM18:2018 ALMOND XMAS BAUBLE,27.6,49,QAR,204,C,,3253581550335
001,020414267208,9828,TOILETRIES,1988,OCC:L'OCCITANE,6749,SET,01BLKAR18:2018 SHEA BUTTER XMAS STAR,23.6,49,QAR,204,C,,3253581550373
001,020414267210,9850,HAIR CARE,1988,OCC:L'OCCITANE,3903,AFTER SHAMPOO,98BBAS035AR3:AROMACHO CONDITIONER 35ML,5.2001,15,QAR,204,A,,3253581532997
001,020414278063,9828,TOILETRIES,1988,OCC:L'OCCITANE,4634,HAND & FOOT CARE,01HN0075K19:SHEA NOUR NAIL CUT OIL 7.5ML,35.6,85,QAR,204,A,,3253581556139
001,020414278065,9828,TOILETRIES,1988,OCC:L'OCCITANE,4634,HAND & FOOT CARE,01HNR0075K19:SHEA ROS NOU NAI CU OIL 7.5ML,35.6,89,QAR,204,A,,3253581556214
001,020410048870,9850,HAIR CARE,1988,OCC:L'OCCITANE,3903,AFTER SHAMPOO,17AS250G13:AROMA REPAIRING CONDITI 250ML,38,89,QAR,204,A,,3253581271278
001,020410051638,9828,TOILETRIES,1988,OCC:L'OCCITANE,3991,BATH & BODY,01BK150K0:ORG PURE SHEA BUTTER ESR  150ML,79.6,199,QAR,204,A,,3253581171899
001,020410051663,9828,TOILETRIES,1988,OCC:L'OCCITANE,3991,BATH & BODY,01EC200K1:SHEA UL RICH BODY SCRUB 200ML,59.6,149,QAR,204,A,,3253581172094
001,020410051684,9828,TOILETRIES,1988,OCC:L'OCCITANE,4634,HAND & FOOT CARE,01MA030K7:SHEA HANDS CREAM 30ML,18,49,QAR,204,A,,3253581087107
001,020410051697,9828,TOILETRIES,1988,OCC:L'OCCITANE,4634,HAND & FOOT CARE,01PI030KA:FOOT CREAM 30ML,18,49,QAR,204,A,,3253581087428
001,020410051698,9828,TOILETRIES,1988,OCC:L'OCCITANE,4634,HAND & FOOT CARE,01PI075KA:SHEA FOOT CREAM /BOX 75ML,38.0001,95,QAR,204,A,,3253581107294
001,020410051699,9828,TOILETRIES,1988,OCC:L'OCCITANE,4634,HAND & FOOT CARE,01PI150KA:SHEA FOOT CREAM  150ML,51.6587,150,QAR,204,C,,3253581021286
001,020410051711,9828,TOILETRIES,1988,OCC:L'OCCITANE,3991,BATH & BODY,01SA100LT:SHEA SOAP MILK 100GM,10,35,QAR,204,A,,3253581000090
001,020410051713,9828,TOILETRIES,1988,OCC:L'OCCITANE,3991,BATH & BODY,01SA100LV:SHEA SOAP LAVENDER 100GM,10,35,QAR,204,A,,3253581000106
001,020410051715,9828,TOILETRIES,1988,OCC:L'OCCITANE,3991,BATH & BODY,01SA100VE:SHEA SOAP VERBENA 100GM,10,35,QAR,204,A,,3253581000151
001,020410051719,9828,TOILETRIES,1988,OCC:L'OCCITANE,3991,BATH & BODY,01SA250VE:SHEA SOAP VERBENA  250GM,17.989,49,QAR,204,C,,3253581000250
001,020410051735,9802,DECORATION,1988,OCC:L'OCCITANE,6959,VANITY ACCESSORIES,13PS012BM:BONNE MERE SOAP HOLDER,17.9999,45,QAR,204,C,,3253581071298
001,020410051743,9828,TOILETRIES,1988,OCC:L'OCCITANE,3991,BATH & BODY,15BA500VB3:VERBENA FOAMING BATH 500ML,50,129,QAR,204,C,,3253581263822
001,020410051751,9843,AMBIENT SCENTS,1988,OCC:L'OCCITANE,4153,CANDLES,15BG100VB3:VERBENA CANDLE 100GM,50,125,QAR,204,C,,3253581264263
001,020410051775,9813,FRAGRANCES,1988,OCC:L'OCCITANE,4534,EAU DE COLOGNE,15EC300L11:OCC LAVENDER PERFUME 300ML,115.6,315,QAR,204,A,,3253581206942
001,020410051779,9813,FRAGRANCES,1988,OCC:L'OCCITANE,4538,EAU DE TOILETTE,15ET100VB3:VERBENA EDT 100ML,109.9875,315,QAR,204,A,,3253581264362
001,020410051793,9828,TOILETRIES,1988,OCC:L'OCCITANE,3991,BATH & BODY,15GD250VB3:VERBENA SHOWER GEL 250ML,35.6,89,QAR,204,A,,3253581264089
001,020410051804,9828,TOILETRIES,1988,OCC:L'OCCITANE,4634,HAND & FOOT CARE,15GN300L11:OCC LAVENDER CLEAN HAND WASH300ML,31.6,85,QAR,204,A,,3253581206997
001,020410051821,9828,TOILETRIES,1988,OCC:L'OCCITANE,4634,HAND & FOOT CARE,15LM300L11:OCC LAVEND MOIST HAND LOTION 300,50,135,QAR,204,A,,3253581207017
001,020410051823,9828,TOILETRIES,1988,OCC:L'OCCITANE,3991,BATH & BODY,15LC250VB3:VERBENA BODY MILK 250ML,54,155,QAR,204,A,,3253581264096
001,020410051827,9828,TOILETRIES,1988,OCC:L'OCCITANE,4634,HAND & FOOT CARE,15LH300VB3:VERB HAND MOIST LOTION 300ML,50,135,QAR,204,A,,3253581264072
001,020410051830,9828,TOILETRIES,1988,OCC:L'OCCITANE,4634,HAND & FOOT CARE,15MA030L11:OCC LAVENDER HAND CREAM 30ML,19.6,49,QAR,204,A,,3253581207031
001,020410051837,9828,TOILETRIES,1988,OCC:L'OCCITANE,4634,HAND & FOOT CARE,15MA075L11:OCC LAVENDER HAND CREAM 75 ML,38,95,QAR,204,A,,3253581207048
001,020410051870,9828,TOILETRIES,1988,OCC:L'OCCITANE,4634,HAND & FOOT CARE,15SL300VB3:VERBENA HAND WASH 300ML,31.6,85,QAR,204,A,,3253581264065
001,020410051889,9828,TOILETRIES,1988,OCC:L'OCCITANE,6754,SHAVING,20AR030O9:OCCITAN AFTER SHAVE BALM 30ML,30.01,75,QAR,204,A,,3253581057988
001,020410051895,9828,TOILETRIES,1988,OCC:L'OCCITANE,6754,SHAVING,20CR150H1:OCC CADE SHAVING CREAM 150ML,44,109,QAR,204,C,,3253581164853
001,020410051903,9828,TOILETRIES,1988,OCC:L'OCCITANE,4512,DEODORANTS & ANTIPERSPIRANTS,20DO075BX:BAUX STICK DEO  75GM,39.5999,99,QAR,204,A,,3253581109892
001,020410051948,9843,AMBIENT SCENTS,1988,OCC:L'OCCITANE,4153,CANDLES,24BG100R9:ROSE 4 REINES CANDLE  100GM,50,125,QAR,204,C,,3253581164037
001,020410052124,9843,AMBIENT SCENTS,1988,OCC:L'OCCITANE,4153,CANDLES,26BG100FB0:OCC WHITE FLOWERS CANDLE 100GR,35.6,89,QAR,204,C,,3253581156209
001,020410052140,9843,AMBIENT SCENTS,1988,OCC:L'OCCITANE,4520,DIFFUSERS,26CF100DP:M- GENERIC PREF.DIFF.SET,43.9999,110,QAR,204,C,,3253581155929
001,020410052142,9843,AMBIENT SCENTS,1988,OCC:L'OCCITANE,6732,SCENTED ACCENTS,26FAG15BA:OCC BOUQUET OF 15 STICKS,7.9199,21,QAR,204,C,,3253581155936
001,020410052150,9843,AMBIENT SCENTS,1988,OCC:L'OCCITANE,6733,SCENTED LIQUID,26PM100FC8:CANDIED FRUIT HOME PERF.  100ML,38.0001,95,QAR,204,C,,3253581155837
001,020410052152,9843,AMBIENT SCENTS,1988,OCC:L'OCCITANE,6733,SCENTED LIQUID,26PM100RH9:WINTER FOREST HOME PERF.  100ML,38.0001,95,QAR,204,C,,3253581156018
001,020410052153,9843,AMBIENT SCENTS,1988,OCC:L'OCCITANE,6732,SCENTED ACCENTS,26PP001EB8:HOME SPRAY PEAR PUMP,19.6,25,QAR,204,A,,3253581155882
001,020410052344,9834,PLV,1988,OCC:L'OCCITANE,4524,DISPLAY MATERIALS,52PANIEST:SHOPPING BASKET IN THE SHOP,38.0001,0,QAR,204,C,,3253581084014
001,020410052423,9834,PLV,1988,OCC:L'OCCITANE,6622,PRINTED MATERIALS,CRMCARDS12:OCC GENERIC CUSTOMER CARDS 2012,0,.01,QAR,204,A,,020420052423
001,020410163748,9828,TOILETRIES,1988,OCC:L'OCCITANE,4634,HAND & FOOT CARE,01EM100K1:SHEA 1 MINUTE HAND SCRUB 100ML,38,95,QAR,204,C,,3253581172100
001,020411056643,9828,TOILETRIES,1988,OCC:L'OCCITANE,6754,SHAVING,20SB100H11:CADE SHAVING SOAP 100G,27.5998,69,QAR,204,C,,3253581230831
001,020411122905,9828,TOILETRIES,1988,OCC:L'OCCITANE,4634,HAND & FOOT CARE,29MA030A12:ALM DELICIOUS HANDS 30ML,19.59,49,QAR,204,A,,3253581246504
001,020411137365,9843,AMBIENT SCENTS,1988,OCC:L'OCCITANE,4153,CANDLES,15BG250L12:LAVENDER RELAXING CANDLE 250G,71.5999,179,QAR,204,C,,3253581244647
001,020411137367,9843,AMBIENT SCENTS,1988,OCC:L'OCCITANE,4153,CANDLES,24BG250CB2:CHERRY BLOSSOM GOURMAND CANDLE 250G,71.5999,179,QAR,204,C,,3253581244487
001,020411137368,9843,AMBIENT SCENTS,1988,OCC:L'OCCITANE,4153,CANDLES,24BG250P12:PEONY ROMANTIC CANDLE 250G,71.5999,179,QAR,204,C,,3253581249086
001,020411156145,9850,HAIR CARE,1988,OCC:L'OCCITANE,6753,SHAMPOO,17SH300G13:REPAIRING SHAMPOO 300ML,39.6,89,QAR,204,A,,3253581271339
001,020411279792,9828,TOILETRIES,1988,OCC:L'OCCITANE,4512,DEODORANTS & ANTIPERSPIRANTS,20DO050O12:LOCCITAN ROLL ON 50ML,38.0001,95,QAR,204,C,,3253581267554
001,020411326325,9834,PLV,1988,OCC:L'OCCITANE,6640,PROMOTIONAL MATERIALS,49ET007JB:JASMIN BERGAMOTE EDT 7.5ML,15.74,0,QAR,204,C,,3253581258965
001,020411376213,9801,SKINCARE,1988,OCC:L'OCCITANE,4344,CLEANSERS,27MP150I13:IMMORTELLE PRECIOUS CLEANSING FOAM 150ML,47.6,129,QAR,204,C,,3253581255711
001,020411380744,9801,SKINCARE,1988,OCC:L'OCCITANE,4344,CLEANSERS,27MP050I13:IMMORTLLE PRECIOUS CLEANSING FOAM 50ML,22.0001,49,QAR,204,C,,3253581255681
001,020411398647,9828,TOILETRIES,1988,OCC:L'OCCITANE,4634,HAND & FOOT CARE,01MA075K7:SHEA HANDS CREAM 75ML,38.0001,95,QAR,204,A,,3253581128947
001,020411405871,9828,TOILETRIES,1988,OCC:L'OCCITANE,4634,HAND & FOOT CARE,15MA030VB3:VERBENA 30ML HAND CREAM,19.6,49,QAR,204,A,,3253581264102
001,020411419629,9850,HAIR CARE,1988,OCC:L'OCCITANE,4627,HAIR & SCALP TREATMENTS,17HR100G13:ARO REPAIRING OIL 100ML,63.6,135,QAR,204,A,,3253581271926
001,020411435078,9828,TOILETRIES,1988,OCC:L'OCCITANE,4512,DEODORANTS & ANTIPERSPIRANTS,17DO050F13:REFRESH AROMA DEODORANT 50ML,39.6,99,QAR,204,A,,3253581286074
001,020411503174,9834,PLV,1988,OCC:L'OCCITANE,6722,SAMPLES,52AS006G13:ARO REPAIR COND SMP,0,0,QAR,204,C,,291301015405
001,020411503174,9834,PLV,1988,OCC:L'OCCITANE,6722,SAMPLES,52AS006G13:ARO REPAIR COND SMP,0,0,QAR,204,C,,3253581270936
001,020411506061,9834,PLV,1988,OCC:L'OCCITANE,6722,SAMPLES,52BY001I12:IMM EYE BLM SAM 1 50,0,0,QAR,204,C,,3253581241141
001,020411506061,9834,PLV,1988,OCC:L'OCCITANE,6722,SAMPLES,52BY001I12:IMM EYE BLM SAM 1 50,0,0,QAR,204,C,,291301015338
001,020411508814,9834,PLV,1988,OCC:L'OCCITANE,6640,PROMOTIONAL MATERIALS,49MA010K0:S.BUTTER H.CREAM GWP,5.2001,0,QAR,204,A,,3253581171820
001,020411508816,9828,TOILETRIES,1988,OCC:L'OCCITANE,4634,HAND & FOOT CARE,49PI010K1:SHEA FOOT CREAM 10ML,4.95,15,QAR,204,A,,3253581191200
001,020411508828,9834,PLV,1988,OCC:L'OCCITANE,6977,WRAPPING MATERIALS,52RUBGE113:GEN RIBN COLR 1 13,0,.01,QAR,204,C,,3253581271285
001,020411508828,9834,PLV,1988,OCC:L'OCCITANE,6977,WRAPPING MATERIALS,52RUBGE113:GEN RIBN COLR 1 13,0,.01,QAR,204,C,,291301015358
001,020411514434,9834,PLV,1988,OCC:L'OCCITANE,6722,SAMPLES,52MC006G13:ARO REPAIR MSK SMPL,0,0,QAR,204,C,,3253581271216
001,020411514434,9834,PLV,1988,OCC:L'OCCITANE,6722,SAMPLES,52MC006G13:ARO REPAIR MSK SMPL,0,0,QAR,204,C,,291301015392
001,020411539176,9834,PLV,1988,OCC:L'OCCITANE,6722,SAMPLES,52DC0015I13:IM SAMP DIVINE CREAM 1.5ML X50,0,.01,QAR,204,C,,3253581272657
001,020411539177,9834,PLV,1988,OCC:L'OCCITANE,6722,SAMPLES,52DE001I13:IMM DIVINE EYES SAMP 1ML X 50,0,0,QAR,204,C,,3253581272091
001,020411570545,9828,TOILETRIES,1988,OCC:L'OCCITANE,3991,BATH & BODY,01BK010K14:SH ORGANIC SHEA BUTTER 10ML,19.6,49,QAR,204,A,,3253581286791
001,020411570549,9828,TOILETRIES,1988,OCC:L'OCCITANE,3991,BATH & BODY,01CP200K14:SH ULTRA RICH BODY CREAM 200ML,82,205,QAR,204,A,,3253581286746
001,020411570552,9828,TOILETRIES,1988,OCC:L'OCCITANE,4634,HAND & FOOT CARE,01MR030K14:SH ROSE HAND CREAM 30ML,19.6,49,QAR,204,A,,3253581285879
001,020411570555,9813,FRAGRANCES,1988,OCC:L'OCCITANE,4538,EAU DE TOILETTE,20ET100BX13:MN EDT BAUX 100 ML,94,275,QAR,204,C,,3253581267455
001,020411570556,9813,FRAGRANCES,1988,OCC:L'OCCITANE,4538,EAU DE TOILETTE,20ET100OC13:MN EDT OCCITAN 100ML,93.9996,275,QAR,204,A,,3253581267448
001,020411570557,9828,TOILETRIES,1988,OCC:L'OCCITANE,4634,HAND & FOOT CARE,01HN0075K14:SHEA NAIL & CUTICLE NOURISHING OIL 7.5ML,35.6,89,QAR,204,A,,3253581286777
001,020411588769,9834,PLV,1988,OCC:L'OCCITANE,6977,WRAPPING MATERIALS,52CAVGE13:2013 GENERIC GIFT TAG X500,0,.01,QAR,204,C,,3253581269299
001,020411588775,9834,PLV,1988,OCC:L'OCCITANE,6977,WRAPPING MATERIALS,52MINBO13:MINI GENERIC GIFT BOX 2013,0,.01,QAR,204,C,,3253581269251
001,020411588781,9834,PLV,1988,OCC:L'OCCITANE,6757,SHOPPING BAGS,52SACGM13:LARGE GENERIC BAG 2013,0,.01,QAR,204,C,,3253581269220
001,020411588784,9834,PLV,1988,OCC:L'OCCITANE,6977,WRAPPING MATERIALS,52SAGMM13:MEDIUM SACHET W/O WINDOW 201,0,.01,QAR,204,C,,3253581269275
001,020411588785,9834,PLV,1988,OCC:L'OCCITANE,6977,WRAPPING MATERIALS,52SAGPM13:SMALL SACHET W/O WINDOW 2013,0,.01,QAR,204,C,,3253581269268
001,020411588788,9834,PLV,1988,OCC:L'OCCITANE,6977,WRAPPING MATERIALS,52STRGM10:2010 TRANSPARENT SACHET LM,0,.01,QAR,204,A,,3253581193716
001,020411588789,9834,PLV,1988,OCC:L'OCCITANE,6977,WRAPPING MATERIALS,52STRPM10:2010 TRANSPARENT SACHET PM,0,.01,QAR,204,A,,3253581193693
001,020411588790,9834,PLV,1988,OCC:L'OCCITANE,6622,PRINTED MATERIALS,52TIMGE13:13 GENERIC 300GIFT STAMPS RO,0,.01,QAR,204,C,,3253581269305
